------- FILE c:\Users\Admin\Documents\atari\snack_and_roll\snack_and_roll.bas.asm LEVEL 1 PASS 3
      1  10000 ????						; Provided under the CC0 license. See the included LICENSE.txt for details.
      2  10000 ????
      3  10000 ????				       processor	6502
------- FILE vcs.h LEVEL 2 PASS 3
      0  10000 ????				       include	"vcs.h"
      1  10000 ????						; Provided under the CC0 license. See the included LICENSE.txt for details.
      2  10000 ????
      3  10000 ????						; VCS.H
      4  10000 ????						; Version 1.05, 13/November/2003
      5  10000 ????
      6  10000 ????		00 69	    VERSION_VCS =	105
      7  10000 ????
      8  10000 ????						; THIS IS A PRELIMINARY RELEASE OF *THE* "STANDARD" VCS.H
      9  10000 ????						; THIS FILE IS EXPLICITLY SUPPORTED AS A DASM-PREFERRED COMPANION FILE
     10  10000 ????						; PLEASE DO *NOT* REDISTRIBUTE THIS FILE!
     11  10000 ????						;
     12  10000 ????						; This file defines hardware registers and memory mapping for the
     13  10000 ????						; Atari 2600. It is distributed as a companion machine-specific support package
     14  10000 ????						; for the DASM compiler. Updates to this file, DASM, and associated tools are
     15  10000 ????						; available at at http://www.atari2600.org/dasm
     16  10000 ????						;
     17  10000 ????						; Many thanks to the original author(s) of this file, and to everyone who has
     18  10000 ????						; contributed to understanding the Atari 2600.  If you take issue with the
     19  10000 ????						; contents, or naming of registers, please write to me (atari2600@taswegian.com)
     20  10000 ????						; with your views.  Please contribute, if you think you can improve this
     21  10000 ????						; file!
     22  10000 ????						;
     23  10000 ????						; Latest Revisions...
     24  10000 ????						; 1.05  13/NOV/2003	  - Correction to 1.04 - now functions as requested by MR.
     25  10000 ????						;			  - Added VERSION_VCS equate (which will reflect 100x version #)
     26  10000 ????						;			    This will allow conditional code to verify VCS.H being
     27  10000 ????						;			    used for code assembly.
     28  10000 ????						; 1.04  12/NOV/2003	 Added TIA_BASE_WRITE_ADDRESS and TIA_BASE_READ_ADDRESS for
     29  10000 ????						;			 convenient disassembly/reassembly compatibility for hardware
     30  10000 ????						;			 mirrored reading/writing differences.	This is more a
     31  10000 ????						;			 readability issue, and binary compatibility with disassembled
     32  10000 ????						;			 and reassembled sources.  Per Manuel Rotschkar's suggestion.
     33  10000 ????						; 1.03  12/MAY/2003	 Added SEG segment at end of file to fix old-code compatibility
     34  10000 ????						;			 which was broken by the use of segments in this file, as
     35  10000 ????						;			 reported by Manuel Polik on [stella] 11/MAY/2003
     36  10000 ????						; 1.02  22/MAR/2003	 Added TIMINT($285)
     37  10000 ????						; 1.01				Constant offset added to allow use for 3F-style bankswitching
     38  10000 ????						;						 - define TIA_BASE_ADDRESS as $40 for Tigervision carts, otherwise
     39  10000 ????						;						   it is safe to leave it undefined, and the base address will
     40  10000 ????						;						   be set to 0.  Thanks to Eckhard Stolberg for the suggestion.
     41  10000 ????						;			    Note, may use -DLABEL=EXPRESSION to define TIA_BASE_ADDRESS
     42  10000 ????						;			  - register definitions are now generated through assignment
     43  10000 ????						;			    in uninitialised segments.	This allows a changeable base
     44  10000 ????						;			    address architecture.
     45  10000 ????						; 1.0	22/MAR/2003		Initial release
     46  10000 ????
     47  10000 ????
     48  10000 ????						;-------------------------------------------------------------------------------
     49  10000 ????
     50  10000 ????						; TIA_BASE_ADDRESS
     51  10000 ????						; The TIA_BASE_ADDRESS defines the base address of access to TIA registers.
     52  10000 ????						; Normally 0, the base address should (externally, before including this file)
     53  10000 ????						; be set to $40 when creating 3F-bankswitched (and other?) cartridges.
     54  10000 ????						; The reason is that this bankswitching scheme treats any access to locations
     55  10000 ????						; < $40 as a bankswitch.
     56  10000 ????
     57  10000 ????			   -	       IFNCONST	TIA_BASE_ADDRESS
     58  10000 ????			   -TIA_BASE_ADDRESS =	0
     59  10000 ????				       ENDIF
     60  10000 ????
     61  10000 ????						; Note: The address may be defined on the command-line using the -D switch, eg:
     62  10000 ????						; dasm.exe code.asm -DTIA_BASE_ADDRESS=$40 -f3 -v5 -ocode.bin
     63  10000 ????						; *OR* by declaring the label before including this file, eg:
     64  10000 ????						; TIA_BASE_ADDRESS = $40
     65  10000 ????						;   include "vcs.h"
     66  10000 ????
     67  10000 ????						; Alternate read/write address capability - allows for some disassembly compatibility
     68  10000 ????						; usage ; to allow reassembly to binary perfect copies).  This is essentially catering
     69  10000 ????						; for the mirrored ROM hardware registers.
     70  10000 ????
     71  10000 ????						; Usage: As per above, define the TIA_BASE_READ_ADDRESS and/or TIA_BASE_WRITE_ADDRESS
     72  10000 ????						; using the -D command-line switch, as required.  If the addresses are not defined,
     73  10000 ????						; they defaut to the TIA_BASE_ADDRESS.
     74  10000 ????
     75  10000 ????			   -	       IFNCONST	TIA_BASE_READ_ADDRESS
     76  10000 ????			   -TIA_BASE_READ_ADDRESS =	TIA_BASE_ADDRESS
     77  10000 ????				       ENDIF
     78  10000 ????
     79  10000 ????			   -	       IFNCONST	TIA_BASE_WRITE_ADDRESS
     80  10000 ????			   -TIA_BASE_WRITE_ADDRESS =	TIA_BASE_ADDRESS
     81  10000 ????				       ENDIF
     82  10000 ????
     83  10000 ????						;-------------------------------------------------------------------------------
     84  10000 ????
     85 U002d ????				      SEG.U	TIA_REGISTERS_WRITE
     86 U0000					      ORG	TIA_BASE_WRITE_ADDRESS
     87 U0000
     88 U0000							; DO NOT CHANGE THE RELATIVE ORDERING OF REGISTERS!
     89 U0000
     90 U0000		       00	   VSYNC      ds	1	; $00	 0000 00x0   Vertical Sync Set-Clear
     91 U0001		       00	   VBLANK     ds	1	; $01	 xx00 00x0   Vertical Blank Set-Clear
     92 U0002		       00	   WSYNC      ds	1	; $02	 ---- ----   Wait for Horizontal Blank
     93 U0003		       00	   RSYNC      ds	1	; $03	 ---- ----   Reset Horizontal Sync Counter
     94 U0004		       00	   NUSIZ0     ds	1	; $04	 00xx 0xxx   Number-Size player/missle 0
     95 U0005		       00	   NUSIZ1     ds	1	; $05	 00xx 0xxx   Number-Size player/missle 1
     96 U0006		       00	   COLUP0     ds	1	; $06	 xxxx xxx0   Color-Luminance Player 0
     97 U0007		       00	   COLUP1     ds	1	; $07	 xxxx xxx0   Color-Luminance Player 1
     98 U0008		       00	   COLUPF     ds	1	; $08	 xxxx xxx0   Color-Luminance Playfield
     99 U0009		       00	   COLUBK     ds	1	; $09	 xxxx xxx0   Color-Luminance Background
    100 U000a		       00	   CTRLPF     ds	1	; $0A	 00xx 0xxx   Control Playfield, Ball, Collisions
    101 U000b		       00	   REFP0      ds	1	; $0B	 0000 x000   Reflection Player 0
    102 U000c		       00	   REFP1      ds	1	; $0C	 0000 x000   Reflection Player 1
    103 U000d		       00	   PF0	      ds	1	; $0D	 xxxx 0000   Playfield Register Byte 0
    104 U000e		       00	   PF1	      ds	1	; $0E	 xxxx xxxx   Playfield Register Byte 1
    105 U000f		       00	   PF2	      ds	1	; $0F	 xxxx xxxx   Playfield Register Byte 2
    106 U0010		       00	   RESP0      ds	1	; $10	 ---- ----   Reset Player 0
    107 U0011		       00	   RESP1      ds	1	; $11	 ---- ----   Reset Player 1
    108 U0012		       00	   RESM0      ds	1	; $12	 ---- ----   Reset Missle 0
    109 U0013		       00	   RESM1      ds	1	; $13	 ---- ----   Reset Missle 1
    110 U0014		       00	   RESBL      ds	1	; $14	 ---- ----   Reset Ball
    111 U0015		       00	   AUDC0      ds	1	; $15	 0000 xxxx   Audio Control 0
    112 U0016		       00	   AUDC1      ds	1	; $16	 0000 xxxx   Audio Control 1
    113 U0017		       00	   AUDF0      ds	1	; $17	 000x xxxx   Audio Frequency 0
    114 U0018		       00	   AUDF1      ds	1	; $18	 000x xxxx   Audio Frequency 1
    115 U0019		       00	   AUDV0      ds	1	; $19	 0000 xxxx   Audio Volume 0
    116 U001a		       00	   AUDV1      ds	1	; $1A	 0000 xxxx   Audio Volume 1
    117 U001b		       00	   GRP0       ds	1	; $1B	 xxxx xxxx   Graphics Register Player 0
    118 U001c		       00	   GRP1       ds	1	; $1C	 xxxx xxxx   Graphics Register Player 1
    119 U001d		       00	   ENAM0      ds	1	; $1D	 0000 00x0   Graphics Enable Missle 0
    120 U001e		       00	   ENAM1      ds	1	; $1E	 0000 00x0   Graphics Enable Missle 1
    121 U001f		       00	   ENABL      ds	1	; $1F	 0000 00x0   Graphics Enable Ball
    122 U0020		       00	   HMP0       ds	1	; $20	 xxxx 0000   Horizontal Motion Player 0
    123 U0021		       00	   HMP1       ds	1	; $21	 xxxx 0000   Horizontal Motion Player 1
    124 U0022		       00	   HMM0       ds	1	; $22	 xxxx 0000   Horizontal Motion Missle 0
    125 U0023		       00	   HMM1       ds	1	; $23	 xxxx 0000   Horizontal Motion Missle 1
    126 U0024		       00	   HMBL       ds	1	; $24	 xxxx 0000   Horizontal Motion Ball
    127 U0025		       00	   VDELP0     ds	1	; $25	 0000 000x   Vertical Delay Player 0
    128 U0026		       00	   VDELP1     ds	1	; $26	 0000 000x   Vertical Delay Player 1
    129 U0027		       00	   VDELBL     ds	1	; $27	 0000 000x   Vertical Delay Ball
    130 U0028		       00	   RESMP0     ds	1	; $28	 0000 00x0   Reset Missle 0 to Player 0
    131 U0029		       00	   RESMP1     ds	1	; $29	 0000 00x0   Reset Missle 1 to Player 1
    132 U002a		       00	   HMOVE      ds	1	; $2A	 ---- ----   Apply Horizontal Motion
    133 U002b		       00	   HMCLR      ds	1	; $2B	 ---- ----   Clear Horizontal Move Registers
    134 U002c		       00	   CXCLR      ds	1	; $2C	 ---- ----   Clear Collision Latches
    135 U002d
    136 U002d							;-------------------------------------------------------------------------------
    137 U002d
    138 U000e ????				      SEG.U	TIA_REGISTERS_READ
    139 U0000					      ORG	TIA_BASE_READ_ADDRESS
    140 U0000
    141 U0000							;											bit 7	 bit 6
    142 U0000		       00	   CXM0P      ds	1	; $00	     xx00 0000	     Read Collision  M0-P1   M0-P0
    143 U0001		       00	   CXM1P      ds	1	; $01	     xx00 0000			     M1-P0   M1-P1
    144 U0002		       00	   CXP0FB     ds	1	; $02	     xx00 0000			     P0-PF   P0-BL
    145 U0003		       00	   CXP1FB     ds	1	; $03	     xx00 0000			     P1-PF   P1-BL
    146 U0004		       00	   CXM0FB     ds	1	; $04	     xx00 0000			     M0-PF   M0-BL
    147 U0005		       00	   CXM1FB     ds	1	; $05	     xx00 0000			     M1-PF   M1-BL
    148 U0006		       00	   CXBLPF     ds	1	; $06	     x000 0000			     BL-PF   -----
    149 U0007		       00	   CXPPMM     ds	1	; $07	     xx00 0000			     P0-P1   M0-M1
    150 U0008		       00	   INPT0      ds	1	; $08	     x000 0000	     Read Pot Port 0
    151 U0009		       00	   INPT1      ds	1	; $09	     x000 0000	     Read Pot Port 1
    152 U000a		       00	   INPT2      ds	1	; $0A	     x000 0000	     Read Pot Port 2
    153 U000b		       00	   INPT3      ds	1	; $0B	     x000 0000	     Read Pot Port 3
    154 U000c		       00	   INPT4      ds	1	; $0C		x000 0000	 Read Input (Trigger) 0
    155 U000d		       00	   INPT5      ds	1	; $0D		x000 0000	 Read Input (Trigger) 1
    156 U000e
    157 U000e							;-------------------------------------------------------------------------------
    158 U000e
    159 U0298 ????				      SEG.U	RIOT
    160 U0280					      ORG	$280
    161 U0280
    162 U0280							; RIOT MEMORY MAP
    163 U0280
    164 U0280		       00	   SWCHA      ds	1	; $280      Port A data register for joysticks:
    165 U0281							;			Bits 4-7 for player 1.  Bits 0-3 for player 2.
    166 U0281
    167 U0281		       00	   SWACNT     ds	1	; $281      Port A data direction register (DDR)
    168 U0282		       00	   SWCHB      ds	1	; $282		Port B data (console switches)
    169 U0283		       00	   SWBCNT     ds	1	; $283      Port B DDR
    170 U0284		       00	   INTIM      ds	1	; $284		Timer output
    171 U0285
    172 U0285		       00	   TIMINT     ds	1	; $285
    173 U0286
    174 U0286							; Unused/undefined registers ($285-$294)
    175 U0286
    176 U0286		       00		      ds	1	; $286
    177 U0287		       00		      ds	1	; $287
    178 U0288		       00		      ds	1	; $288
    179 U0289		       00		      ds	1	; $289
    180 U028a		       00		      ds	1	; $28A
    181 U028b		       00		      ds	1	; $28B
    182 U028c		       00		      ds	1	; $28C
    183 U028d		       00		      ds	1	; $28D
    184 U028e		       00		      ds	1	; $28E
    185 U028f		       00		      ds	1	; $28F
    186 U0290		       00		      ds	1	; $290
    187 U0291		       00		      ds	1	; $291
    188 U0292		       00		      ds	1	; $292
    189 U0293		       00		      ds	1	; $293
    190 U0294
    191 U0294		       00	   TIM1T      ds	1	; $294		set 1 clock interval
    192 U0295		       00	   TIM8T      ds	1	; $295      set 8 clock interval
    193 U0296		       00	   TIM64T     ds	1	; $296      set 64 clock interval
    194 U0297		       00	   T1024T     ds	1	; $297      set 1024 clock interval
    195 U0298
    196 U0298							;-------------------------------------------------------------------------------
    197 U0298							; The following required for back-compatibility with code which does not use
    198 U0298							; segments.
    199 U0298
    200  10000 ????				       SEG
    201  10000 ????
    202  10000 ????						; EOF
------- FILE c:\Users\Admin\Documents\atari\snack_and_roll\snack_and_roll.bas.asm
------- FILE macro.h LEVEL 2 PASS 3
      0  10000 ????				       include	"macro.h"
      1  10000 ????						; Provided under the CC0 license. See the included LICENSE.txt for details.
      2  10000 ????
      3  10000 ????						; MACRO.H
      4  10000 ????						; Version 1.05, 13/NOVEMBER/2003
      5  10000 ????
      6  10000 ????		00 69	    VERSION_MACRO =	105
      7  10000 ????
      8  10000 ????						;
      9  10000 ????						; THIS FILE IS EXPLICITLY SUPPORTED AS A DASM-PREFERRED COMPANION FILE
     10  10000 ????						; PLEASE DO *NOT* REDISTRIBUTE MODIFIED VERSIONS OF THIS FILE!
     11  10000 ????						;
     12  10000 ????						; This file defines DASM macros useful for development for the Atari 2600.
     13  10000 ????						; It is distributed as a companion machine-specific support package
     14  10000 ????						; for the DASM compiler. Updates to this file, DASM, and associated tools are
     15  10000 ????						; available at at http://www.atari2600.org/dasm
     16  10000 ????						;
     17  10000 ????						; Many thanks to the people who have contributed.  If you take issue with the
     18  10000 ????						; contents, or would like to add something, please write to me
     19  10000 ????						; (atari2600@taswegian.com) with your contribution.
     20  10000 ????						;
     21  10000 ????						; Latest Revisions...
     22  10000 ????						;
     23  10000 ????						; 1.05  14/NOV/2003	  - Added VERSION_MACRO equate (which will reflect 100x version #)
     24  10000 ????						;			    This will allow conditional code to verify MACRO.H being
     25  10000 ????						;			    used for code assembly.
     26  10000 ????						; 1.04  13/NOV/2003	 - SET_POINTER macro added (16-bit address load)
     27  10000 ????						;
     28  10000 ????						; 1.03  23/JUN/2003	 - CLEAN_START macro added - clears TIA, RAM, registers
     29  10000 ????						;
     30  10000 ????						; 1.02  14/JUN/2003	 - VERTICAL_SYNC macro added
     31  10000 ????						;			   (standardised macro for vertical synch code)
     32  10000 ????						; 1.01  22/MAR/2003	 - SLEEP macro added.
     33  10000 ????						;			 - NO_ILLEGAL_OPCODES switch implemented
     34  10000 ????						; 1.0	22/MAR/2003		Initial release
     35  10000 ????
     36  10000 ????						; Note: These macros use illegal opcodes.  To disable illegal opcode usage,
     37  10000 ????						;   define the symbol NO_ILLEGAL_OPCODES (-DNO_ILLEGAL_OPCODES=1 on command-line).
     38  10000 ????						;   If you do not allow illegal opcode usage, you must include this file
     39  10000 ????						;   *after* including VCS.H (as the non-illegal opcodes access hardware
     40  10000 ????						;   registers and require them to be defined first).
     41  10000 ????
     42  10000 ????						; Available macros...
     43  10000 ????						;   SLEEP n		 - sleep for n cycles
     44  10000 ????						;   VERTICAL_SYNC	 - correct 3 scanline vertical synch code
     45  10000 ????						;   CLEAN_START	 - set machine to known state on startup
     46  10000 ????						;   SET_POINTER	 - load a 16-bit absolute to a 16-bit variable
     47  10000 ????
     48  10000 ????						;-------------------------------------------------------------------------------
     49  10000 ????						; SLEEP duration
     50  10000 ????						; Original author: Thomas Jentzsch
     51  10000 ????						; Inserts code which takes the specified number of cycles to execute.	This is
     52  10000 ????						; useful for code where precise timing is required.
     53  10000 ????						; ILLEGAL-OPCODE VERSION DOES NOT AFFECT FLAGS OR REGISTERS.
     54  10000 ????						; LEGAL OPCODE VERSION MAY AFFECT FLAGS
     55  10000 ????						; Uses illegal opcode (DASM 2.20.01 onwards).
     56  10000 ????
     57  10000 ????				       MAC	sleep
     58  10000 ????			    .CYCLES    SET	{1}
     59  10000 ????
     60  10000 ????				       IF	.CYCLES < 2
     61  10000 ????				       ECHO	"MACRO ERROR: 'SLEEP': Duration must be > 1"
     62  10000 ????				       ERR
     63  10000 ????				       ENDIF
     64  10000 ????
     65  10000 ????				       IF	.CYCLES & 1
     66  10000 ????				       IFNCONST	NO_ILLEGAL_OPCODES
     67  10000 ????				       nop	0
     68  10000 ????				       ELSE
     69  10000 ????				       bit	VSYNC
     70  10000 ????				       ENDIF
     71  10000 ????			    .CYCLES    SET	.CYCLES - 3
     72  10000 ????				       ENDIF
     73  10000 ????
     74  10000 ????				       REPEAT	.CYCLES / 2
     75  10000 ????				       nop
     76  10000 ????				       REPEND
     77  10000 ????				       ENDM		;usage: SLEEP n (n>1)
     78  10000 ????
     79  10000 ????						;-------------------------------------------------------------------------------
     80  10000 ????						; VERTICAL_SYNC
     81  10000 ????						; Original author: Manuel Polik
     82  10000 ????						; Inserts the code required for a proper 3 scannline
     83  10000 ????						; vertical sync sequence
     84  10000 ????						;
     85  10000 ????						; Note: Alters the accumulator
     86  10000 ????						;
     87  10000 ????						; IN:
     88  10000 ????						; OUT: A = 1
     89  10000 ????
     90  10000 ????				       MAC	vertical_sync
     91  10000 ????				       LDA	#$02	; A = VSYNC enable
     92  10000 ????				       STA	WSYNC	; Finish current line
     93  10000 ????				       STA	VSYNC	; Start vertical sync
     94  10000 ????				       STA	WSYNC	; 1st line vertical sync
     95  10000 ????				       STA	WSYNC	; 2nd line vertical sync
     96  10000 ????				       LSR		; A = VSYNC disable
     97  10000 ????				       STA	WSYNC	; 3rd line vertical sync
     98  10000 ????				       STA	VSYNC	; Stop vertical sync
     99  10000 ????				       ENDM
    100  10000 ????
    101  10000 ????						;-------------------------------------------------------------------------------
    102  10000 ????						; CLEAN_START
    103  10000 ????						; Original author: Andrew Davie
    104  10000 ????						; Standardised start-up code, clears stack, all TIA registers and RAM to 0
    105  10000 ????						; Sets stack pointer to $FF, and all registers to 0
    106  10000 ????						; Sets decimal mode off, sets interrupt flag (kind of un-necessary)
    107  10000 ????						; Use as very first section of code on boot (ie: at reset)
    108  10000 ????						; Code written to minimise total ROM usage - uses weird 6502 knowledge :)
    109  10000 ????
    110  10000 ????				       MAC	clean_start
    111  10000 ????				       sei
    112  10000 ????				       cld
    113  10000 ????
    114  10000 ????				       ldx	#0
    115  10000 ????				       txa
    116  10000 ????				       tay
    117  10000 ????			    .CLEAR_STACK dex
    118  10000 ????				       txs
    119  10000 ????				       pha
    120  10000 ????				       bne	.CLEAR_STACK	; SP=$FF, X = A = Y = 0
    121  10000 ????
    122  10000 ????				       ENDM
    123  10000 ????
    124  10000 ????						;-------------------------------------------------------
    125  10000 ????						; SET_POINTER
    126  10000 ????						; Original author: Manuel Rotschkar
    127  10000 ????						;
    128  10000 ????						; Sets a 2 byte RAM pointer to an absolute address.
    129  10000 ????						;
    130  10000 ????						; Usage: SET_POINTER pointer, address
    131  10000 ????						; Example: SET_POINTER SpritePTR, SpriteData
    132  10000 ????						;
    133  10000 ????						; Note: Alters the accumulator, NZ flags
    134  10000 ????						; IN 1: 2 byte RAM location reserved for pointer
    135  10000 ????						; IN 2: absolute address
    136  10000 ????
    137  10000 ????				       MAC	set_pointer
    138  10000 ????			    .POINTER   SET	{1}
    139  10000 ????			    .ADDRESS   SET	{2}
    140  10000 ????
    141  10000 ????				       LDA	#<.ADDRESS	; Get Lowbyte of Address
    142  10000 ????				       STA	.POINTER	; Store in pointer
    143  10000 ????				       LDA	#>.ADDRESS	; Get Hibyte of Address
    144  10000 ????				       STA	.POINTER+1	; Store in pointer+1
    145  10000 ????
    146  10000 ????				       ENDM
    147  10000 ????
    148  10000 ????						; EOF
------- FILE c:\Users\Admin\Documents\atari\snack_and_roll\snack_and_roll.bas.asm
------- FILE 2600basic.h LEVEL 2 PASS 3
      0  10000 ????				       include	"2600basic.h"
      1  10000 ????						; Provided under the CC0 license. See the included LICENSE.txt for details.
      2  10000 ????
      3  10000 ????				       processor	6502
------- FILE vcs.h LEVEL 3 PASS 3
      0  10000 ????				       include	"vcs.h"
      1  10000 ????						; Provided under the CC0 license. See the included LICENSE.txt for details.
      2  10000 ????
      3  10000 ????						; VCS.H
      4  10000 ????						; Version 1.05, 13/November/2003
      5  10000 ????
      6  10000 ????		00 69	    VERSION_VCS =	105
      7  10000 ????
      8  10000 ????						; THIS IS A PRELIMINARY RELEASE OF *THE* "STANDARD" VCS.H
      9  10000 ????						; THIS FILE IS EXPLICITLY SUPPORTED AS A DASM-PREFERRED COMPANION FILE
     10  10000 ????						; PLEASE DO *NOT* REDISTRIBUTE THIS FILE!
     11  10000 ????						;
     12  10000 ????						; This file defines hardware registers and memory mapping for the
     13  10000 ????						; Atari 2600. It is distributed as a companion machine-specific support package
     14  10000 ????						; for the DASM compiler. Updates to this file, DASM, and associated tools are
     15  10000 ????						; available at at http://www.atari2600.org/dasm
     16  10000 ????						;
     17  10000 ????						; Many thanks to the original author(s) of this file, and to everyone who has
     18  10000 ????						; contributed to understanding the Atari 2600.  If you take issue with the
     19  10000 ????						; contents, or naming of registers, please write to me (atari2600@taswegian.com)
     20  10000 ????						; with your views.  Please contribute, if you think you can improve this
     21  10000 ????						; file!
     22  10000 ????						;
     23  10000 ????						; Latest Revisions...
     24  10000 ????						; 1.05  13/NOV/2003	  - Correction to 1.04 - now functions as requested by MR.
     25  10000 ????						;			  - Added VERSION_VCS equate (which will reflect 100x version #)
     26  10000 ????						;			    This will allow conditional code to verify VCS.H being
     27  10000 ????						;			    used for code assembly.
     28  10000 ????						; 1.04  12/NOV/2003	 Added TIA_BASE_WRITE_ADDRESS and TIA_BASE_READ_ADDRESS for
     29  10000 ????						;			 convenient disassembly/reassembly compatibility for hardware
     30  10000 ????						;			 mirrored reading/writing differences.	This is more a
     31  10000 ????						;			 readability issue, and binary compatibility with disassembled
     32  10000 ????						;			 and reassembled sources.  Per Manuel Rotschkar's suggestion.
     33  10000 ????						; 1.03  12/MAY/2003	 Added SEG segment at end of file to fix old-code compatibility
     34  10000 ????						;			 which was broken by the use of segments in this file, as
     35  10000 ????						;			 reported by Manuel Polik on [stella] 11/MAY/2003
     36  10000 ????						; 1.02  22/MAR/2003	 Added TIMINT($285)
     37  10000 ????						; 1.01				Constant offset added to allow use for 3F-style bankswitching
     38  10000 ????						;						 - define TIA_BASE_ADDRESS as $40 for Tigervision carts, otherwise
     39  10000 ????						;						   it is safe to leave it undefined, and the base address will
     40  10000 ????						;						   be set to 0.  Thanks to Eckhard Stolberg for the suggestion.
     41  10000 ????						;			    Note, may use -DLABEL=EXPRESSION to define TIA_BASE_ADDRESS
     42  10000 ????						;			  - register definitions are now generated through assignment
     43  10000 ????						;			    in uninitialised segments.	This allows a changeable base
     44  10000 ????						;			    address architecture.
     45  10000 ????						; 1.0	22/MAR/2003		Initial release
     46  10000 ????
     47  10000 ????
     48  10000 ????						;-------------------------------------------------------------------------------
     49  10000 ????
     50  10000 ????						; TIA_BASE_ADDRESS
     51  10000 ????						; The TIA_BASE_ADDRESS defines the base address of access to TIA registers.
     52  10000 ????						; Normally 0, the base address should (externally, before including this file)
     53  10000 ????						; be set to $40 when creating 3F-bankswitched (and other?) cartridges.
     54  10000 ????						; The reason is that this bankswitching scheme treats any access to locations
     55  10000 ????						; < $40 as a bankswitch.
     56  10000 ????
     57  10000 ????			   -	       IFNCONST	TIA_BASE_ADDRESS
     58  10000 ????			   -TIA_BASE_ADDRESS =	0
     59  10000 ????				       ENDIF
     60  10000 ????
     61  10000 ????						; Note: The address may be defined on the command-line using the -D switch, eg:
     62  10000 ????						; dasm.exe code.asm -DTIA_BASE_ADDRESS=$40 -f3 -v5 -ocode.bin
     63  10000 ????						; *OR* by declaring the label before including this file, eg:
     64  10000 ????						; TIA_BASE_ADDRESS = $40
     65  10000 ????						;   include "vcs.h"
     66  10000 ????
     67  10000 ????						; Alternate read/write address capability - allows for some disassembly compatibility
     68  10000 ????						; usage ; to allow reassembly to binary perfect copies).  This is essentially catering
     69  10000 ????						; for the mirrored ROM hardware registers.
     70  10000 ????
     71  10000 ????						; Usage: As per above, define the TIA_BASE_READ_ADDRESS and/or TIA_BASE_WRITE_ADDRESS
     72  10000 ????						; using the -D command-line switch, as required.  If the addresses are not defined,
     73  10000 ????						; they defaut to the TIA_BASE_ADDRESS.
     74  10000 ????
     75  10000 ????			   -	       IFNCONST	TIA_BASE_READ_ADDRESS
     76  10000 ????			   -TIA_BASE_READ_ADDRESS =	TIA_BASE_ADDRESS
     77  10000 ????				       ENDIF
     78  10000 ????
     79  10000 ????			   -	       IFNCONST	TIA_BASE_WRITE_ADDRESS
     80  10000 ????			   -TIA_BASE_WRITE_ADDRESS =	TIA_BASE_ADDRESS
     81  10000 ????				       ENDIF
     82  10000 ????
     83  10000 ????						;-------------------------------------------------------------------------------
     84  10000 ????
     85 U002d					      SEG.U	TIA_REGISTERS_WRITE
     86 U0000					      ORG	TIA_BASE_WRITE_ADDRESS
     87 U0000
     88 U0000							; DO NOT CHANGE THE RELATIVE ORDERING OF REGISTERS!
     89 U0000
     90 U0000		       00	   VSYNC      ds	1	; $00	 0000 00x0   Vertical Sync Set-Clear
     91 U0001		       00	   VBLANK     ds	1	; $01	 xx00 00x0   Vertical Blank Set-Clear
     92 U0002		       00	   WSYNC      ds	1	; $02	 ---- ----   Wait for Horizontal Blank
     93 U0003		       00	   RSYNC      ds	1	; $03	 ---- ----   Reset Horizontal Sync Counter
     94 U0004		       00	   NUSIZ0     ds	1	; $04	 00xx 0xxx   Number-Size player/missle 0
     95 U0005		       00	   NUSIZ1     ds	1	; $05	 00xx 0xxx   Number-Size player/missle 1
     96 U0006		       00	   COLUP0     ds	1	; $06	 xxxx xxx0   Color-Luminance Player 0
     97 U0007		       00	   COLUP1     ds	1	; $07	 xxxx xxx0   Color-Luminance Player 1
     98 U0008		       00	   COLUPF     ds	1	; $08	 xxxx xxx0   Color-Luminance Playfield
     99 U0009		       00	   COLUBK     ds	1	; $09	 xxxx xxx0   Color-Luminance Background
    100 U000a		       00	   CTRLPF     ds	1	; $0A	 00xx 0xxx   Control Playfield, Ball, Collisions
    101 U000b		       00	   REFP0      ds	1	; $0B	 0000 x000   Reflection Player 0
    102 U000c		       00	   REFP1      ds	1	; $0C	 0000 x000   Reflection Player 1
    103 U000d		       00	   PF0	      ds	1	; $0D	 xxxx 0000   Playfield Register Byte 0
    104 U000e		       00	   PF1	      ds	1	; $0E	 xxxx xxxx   Playfield Register Byte 1
    105 U000f		       00	   PF2	      ds	1	; $0F	 xxxx xxxx   Playfield Register Byte 2
    106 U0010		       00	   RESP0      ds	1	; $10	 ---- ----   Reset Player 0
    107 U0011		       00	   RESP1      ds	1	; $11	 ---- ----   Reset Player 1
    108 U0012		       00	   RESM0      ds	1	; $12	 ---- ----   Reset Missle 0
    109 U0013		       00	   RESM1      ds	1	; $13	 ---- ----   Reset Missle 1
    110 U0014		       00	   RESBL      ds	1	; $14	 ---- ----   Reset Ball
    111 U0015		       00	   AUDC0      ds	1	; $15	 0000 xxxx   Audio Control 0
    112 U0016		       00	   AUDC1      ds	1	; $16	 0000 xxxx   Audio Control 1
    113 U0017		       00	   AUDF0      ds	1	; $17	 000x xxxx   Audio Frequency 0
    114 U0018		       00	   AUDF1      ds	1	; $18	 000x xxxx   Audio Frequency 1
    115 U0019		       00	   AUDV0      ds	1	; $19	 0000 xxxx   Audio Volume 0
    116 U001a		       00	   AUDV1      ds	1	; $1A	 0000 xxxx   Audio Volume 1
    117 U001b		       00	   GRP0       ds	1	; $1B	 xxxx xxxx   Graphics Register Player 0
    118 U001c		       00	   GRP1       ds	1	; $1C	 xxxx xxxx   Graphics Register Player 1
    119 U001d		       00	   ENAM0      ds	1	; $1D	 0000 00x0   Graphics Enable Missle 0
    120 U001e		       00	   ENAM1      ds	1	; $1E	 0000 00x0   Graphics Enable Missle 1
    121 U001f		       00	   ENABL      ds	1	; $1F	 0000 00x0   Graphics Enable Ball
    122 U0020		       00	   HMP0       ds	1	; $20	 xxxx 0000   Horizontal Motion Player 0
    123 U0021		       00	   HMP1       ds	1	; $21	 xxxx 0000   Horizontal Motion Player 1
    124 U0022		       00	   HMM0       ds	1	; $22	 xxxx 0000   Horizontal Motion Missle 0
    125 U0023		       00	   HMM1       ds	1	; $23	 xxxx 0000   Horizontal Motion Missle 1
    126 U0024		       00	   HMBL       ds	1	; $24	 xxxx 0000   Horizontal Motion Ball
    127 U0025		       00	   VDELP0     ds	1	; $25	 0000 000x   Vertical Delay Player 0
    128 U0026		       00	   VDELP1     ds	1	; $26	 0000 000x   Vertical Delay Player 1
    129 U0027		       00	   VDELBL     ds	1	; $27	 0000 000x   Vertical Delay Ball
    130 U0028		       00	   RESMP0     ds	1	; $28	 0000 00x0   Reset Missle 0 to Player 0
    131 U0029		       00	   RESMP1     ds	1	; $29	 0000 00x0   Reset Missle 1 to Player 1
    132 U002a		       00	   HMOVE      ds	1	; $2A	 ---- ----   Apply Horizontal Motion
    133 U002b		       00	   HMCLR      ds	1	; $2B	 ---- ----   Clear Horizontal Move Registers
    134 U002c		       00	   CXCLR      ds	1	; $2C	 ---- ----   Clear Collision Latches
    135 U002d
    136 U002d							;-------------------------------------------------------------------------------
    137 U002d
    138 U000e					      SEG.U	TIA_REGISTERS_READ
    139 U0000					      ORG	TIA_BASE_READ_ADDRESS
    140 U0000
    141 U0000							;											bit 7	 bit 6
    142 U0000		       00	   CXM0P      ds	1	; $00	     xx00 0000	     Read Collision  M0-P1   M0-P0
    143 U0001		       00	   CXM1P      ds	1	; $01	     xx00 0000			     M1-P0   M1-P1
    144 U0002		       00	   CXP0FB     ds	1	; $02	     xx00 0000			     P0-PF   P0-BL
    145 U0003		       00	   CXP1FB     ds	1	; $03	     xx00 0000			     P1-PF   P1-BL
    146 U0004		       00	   CXM0FB     ds	1	; $04	     xx00 0000			     M0-PF   M0-BL
    147 U0005		       00	   CXM1FB     ds	1	; $05	     xx00 0000			     M1-PF   M1-BL
    148 U0006		       00	   CXBLPF     ds	1	; $06	     x000 0000			     BL-PF   -----
    149 U0007		       00	   CXPPMM     ds	1	; $07	     xx00 0000			     P0-P1   M0-M1
    150 U0008		       00	   INPT0      ds	1	; $08	     x000 0000	     Read Pot Port 0
    151 U0009		       00	   INPT1      ds	1	; $09	     x000 0000	     Read Pot Port 1
    152 U000a		       00	   INPT2      ds	1	; $0A	     x000 0000	     Read Pot Port 2
    153 U000b		       00	   INPT3      ds	1	; $0B	     x000 0000	     Read Pot Port 3
    154 U000c		       00	   INPT4      ds	1	; $0C		x000 0000	 Read Input (Trigger) 0
    155 U000d		       00	   INPT5      ds	1	; $0D		x000 0000	 Read Input (Trigger) 1
    156 U000e
    157 U000e							;-------------------------------------------------------------------------------
    158 U000e
    159 U0298					      SEG.U	RIOT
    160 U0280					      ORG	$280
    161 U0280
    162 U0280							; RIOT MEMORY MAP
    163 U0280
    164 U0280		       00	   SWCHA      ds	1	; $280      Port A data register for joysticks:
    165 U0281							;			Bits 4-7 for player 1.  Bits 0-3 for player 2.
    166 U0281
    167 U0281		       00	   SWACNT     ds	1	; $281      Port A data direction register (DDR)
    168 U0282		       00	   SWCHB      ds	1	; $282		Port B data (console switches)
    169 U0283		       00	   SWBCNT     ds	1	; $283      Port B DDR
    170 U0284		       00	   INTIM      ds	1	; $284		Timer output
    171 U0285
    172 U0285		       00	   TIMINT     ds	1	; $285
    173 U0286
    174 U0286							; Unused/undefined registers ($285-$294)
    175 U0286
    176 U0286		       00		      ds	1	; $286
    177 U0287		       00		      ds	1	; $287
    178 U0288		       00		      ds	1	; $288
    179 U0289		       00		      ds	1	; $289
    180 U028a		       00		      ds	1	; $28A
    181 U028b		       00		      ds	1	; $28B
    182 U028c		       00		      ds	1	; $28C
    183 U028d		       00		      ds	1	; $28D
    184 U028e		       00		      ds	1	; $28E
    185 U028f		       00		      ds	1	; $28F
    186 U0290		       00		      ds	1	; $290
    187 U0291		       00		      ds	1	; $291
    188 U0292		       00		      ds	1	; $292
    189 U0293		       00		      ds	1	; $293
    190 U0294
    191 U0294		       00	   TIM1T      ds	1	; $294		set 1 clock interval
    192 U0295		       00	   TIM8T      ds	1	; $295      set 8 clock interval
    193 U0296		       00	   TIM64T     ds	1	; $296      set 64 clock interval
    194 U0297		       00	   T1024T     ds	1	; $297      set 1024 clock interval
    195 U0298
    196 U0298							;-------------------------------------------------------------------------------
    197 U0298							; The following required for back-compatibility with code which does not use
    198 U0298							; segments.
    199 U0298
    200  10000 ????				       SEG
    201  10000 ????
    202  10000 ????						; EOF
------- FILE 2600basic.h
------- FILE macro.h LEVEL 3 PASS 3
      0  10000 ????				       include	"macro.h"
      1  10000 ????						; Provided under the CC0 license. See the included LICENSE.txt for details.
      2  10000 ????
      3  10000 ????						; MACRO.H
      4  10000 ????						; Version 1.05, 13/NOVEMBER/2003
      5  10000 ????
      6  10000 ????		00 69	    VERSION_MACRO =	105
      7  10000 ????
      8  10000 ????						;
      9  10000 ????						; THIS FILE IS EXPLICITLY SUPPORTED AS A DASM-PREFERRED COMPANION FILE
     10  10000 ????						; PLEASE DO *NOT* REDISTRIBUTE MODIFIED VERSIONS OF THIS FILE!
     11  10000 ????						;
     12  10000 ????						; This file defines DASM macros useful for development for the Atari 2600.
     13  10000 ????						; It is distributed as a companion machine-specific support package
     14  10000 ????						; for the DASM compiler. Updates to this file, DASM, and associated tools are
     15  10000 ????						; available at at http://www.atari2600.org/dasm
     16  10000 ????						;
     17  10000 ????						; Many thanks to the people who have contributed.  If you take issue with the
     18  10000 ????						; contents, or would like to add something, please write to me
     19  10000 ????						; (atari2600@taswegian.com) with your contribution.
     20  10000 ????						;
     21  10000 ????						; Latest Revisions...
     22  10000 ????						;
     23  10000 ????						; 1.05  14/NOV/2003	  - Added VERSION_MACRO equate (which will reflect 100x version #)
     24  10000 ????						;			    This will allow conditional code to verify MACRO.H being
     25  10000 ????						;			    used for code assembly.
     26  10000 ????						; 1.04  13/NOV/2003	 - SET_POINTER macro added (16-bit address load)
     27  10000 ????						;
     28  10000 ????						; 1.03  23/JUN/2003	 - CLEAN_START macro added - clears TIA, RAM, registers
     29  10000 ????						;
     30  10000 ????						; 1.02  14/JUN/2003	 - VERTICAL_SYNC macro added
     31  10000 ????						;			   (standardised macro for vertical synch code)
     32  10000 ????						; 1.01  22/MAR/2003	 - SLEEP macro added.
     33  10000 ????						;			 - NO_ILLEGAL_OPCODES switch implemented
     34  10000 ????						; 1.0	22/MAR/2003		Initial release
     35  10000 ????
     36  10000 ????						; Note: These macros use illegal opcodes.  To disable illegal opcode usage,
     37  10000 ????						;   define the symbol NO_ILLEGAL_OPCODES (-DNO_ILLEGAL_OPCODES=1 on command-line).
     38  10000 ????						;   If you do not allow illegal opcode usage, you must include this file
     39  10000 ????						;   *after* including VCS.H (as the non-illegal opcodes access hardware
     40  10000 ????						;   registers and require them to be defined first).
     41  10000 ????
     42  10000 ????						; Available macros...
     43  10000 ????						;   SLEEP n		 - sleep for n cycles
     44  10000 ????						;   VERTICAL_SYNC	 - correct 3 scanline vertical synch code
     45  10000 ????						;   CLEAN_START	 - set machine to known state on startup
     46  10000 ????						;   SET_POINTER	 - load a 16-bit absolute to a 16-bit variable
     47  10000 ????
     48  10000 ????						;-------------------------------------------------------------------------------
     49  10000 ????						; SLEEP duration
     50  10000 ????						; Original author: Thomas Jentzsch
     51  10000 ????						; Inserts code which takes the specified number of cycles to execute.	This is
     52  10000 ????						; useful for code where precise timing is required.
     53  10000 ????						; ILLEGAL-OPCODE VERSION DOES NOT AFFECT FLAGS OR REGISTERS.
     54  10000 ????						; LEGAL OPCODE VERSION MAY AFFECT FLAGS
     55  10000 ????						; Uses illegal opcode (DASM 2.20.01 onwards).
     56  10000 ????
     57  10000 ????				       MAC	sleep
     58  10000 ????			    .CYCLES    SET	{1}
     59  10000 ????
     60  10000 ????				       IF	.CYCLES < 2
     61  10000 ????				       ECHO	"MACRO ERROR: 'SLEEP': Duration must be > 1"
     62  10000 ????				       ERR
     63  10000 ????				       ENDIF
     64  10000 ????
     65  10000 ????				       IF	.CYCLES & 1
     66  10000 ????				       IFNCONST	NO_ILLEGAL_OPCODES
     67  10000 ????				       nop	0
     68  10000 ????				       ELSE
     69  10000 ????				       bit	VSYNC
     70  10000 ????				       ENDIF
     71  10000 ????			    .CYCLES    SET	.CYCLES - 3
     72  10000 ????				       ENDIF
     73  10000 ????
     74  10000 ????				       REPEAT	.CYCLES / 2
     75  10000 ????				       nop
     76  10000 ????				       REPEND
     77  10000 ????				       ENDM		;usage: SLEEP n (n>1)
     78  10000 ????
     79  10000 ????						;-------------------------------------------------------------------------------
     80  10000 ????						; VERTICAL_SYNC
     81  10000 ????						; Original author: Manuel Polik
     82  10000 ????						; Inserts the code required for a proper 3 scannline
     83  10000 ????						; vertical sync sequence
     84  10000 ????						;
     85  10000 ????						; Note: Alters the accumulator
     86  10000 ????						;
     87  10000 ????						; IN:
     88  10000 ????						; OUT: A = 1
     89  10000 ????
     90  10000 ????				       MAC	vertical_sync
     91  10000 ????				       LDA	#$02	; A = VSYNC enable
     92  10000 ????				       STA	WSYNC	; Finish current line
     93  10000 ????				       STA	VSYNC	; Start vertical sync
     94  10000 ????				       STA	WSYNC	; 1st line vertical sync
     95  10000 ????				       STA	WSYNC	; 2nd line vertical sync
     96  10000 ????				       LSR		; A = VSYNC disable
     97  10000 ????				       STA	WSYNC	; 3rd line vertical sync
     98  10000 ????				       STA	VSYNC	; Stop vertical sync
     99  10000 ????				       ENDM
    100  10000 ????
    101  10000 ????						;-------------------------------------------------------------------------------
    102  10000 ????						; CLEAN_START
    103  10000 ????						; Original author: Andrew Davie
    104  10000 ????						; Standardised start-up code, clears stack, all TIA registers and RAM to 0
    105  10000 ????						; Sets stack pointer to $FF, and all registers to 0
    106  10000 ????						; Sets decimal mode off, sets interrupt flag (kind of un-necessary)
    107  10000 ????						; Use as very first section of code on boot (ie: at reset)
    108  10000 ????						; Code written to minimise total ROM usage - uses weird 6502 knowledge :)
    109  10000 ????
    110  10000 ????				       MAC	clean_start
    111  10000 ????				       sei
    112  10000 ????				       cld
    113  10000 ????
    114  10000 ????				       ldx	#0
    115  10000 ????				       txa
    116  10000 ????				       tay
    117  10000 ????			    .CLEAR_STACK dex
    118  10000 ????				       txs
    119  10000 ????				       pha
    120  10000 ????				       bne	.CLEAR_STACK	; SP=$FF, X = A = Y = 0
    121  10000 ????
    122  10000 ????				       ENDM
    123  10000 ????
    124  10000 ????						;-------------------------------------------------------
    125  10000 ????						; SET_POINTER
    126  10000 ????						; Original author: Manuel Rotschkar
    127  10000 ????						;
    128  10000 ????						; Sets a 2 byte RAM pointer to an absolute address.
    129  10000 ????						;
    130  10000 ????						; Usage: SET_POINTER pointer, address
    131  10000 ????						; Example: SET_POINTER SpritePTR, SpriteData
    132  10000 ????						;
    133  10000 ????						; Note: Alters the accumulator, NZ flags
    134  10000 ????						; IN 1: 2 byte RAM location reserved for pointer
    135  10000 ????						; IN 2: absolute address
    136  10000 ????
    137  10000 ????				       MAC	set_pointer
    138  10000 ????			    .POINTER   SET	{1}
    139  10000 ????			    .ADDRESS   SET	{2}
    140  10000 ????
    141  10000 ????				       LDA	#<.ADDRESS	; Get Lowbyte of Address
    142  10000 ????				       STA	.POINTER	; Store in pointer
    143  10000 ????				       LDA	#>.ADDRESS	; Get Hibyte of Address
    144  10000 ????				       STA	.POINTER+1	; Store in pointer+1
    145  10000 ????
    146  10000 ????				       ENDM
    147  10000 ????
    148  10000 ????						; EOF
------- FILE 2600basic.h
------- FILE 2600basic_variable_redefs.h LEVEL 3 PASS 3
      0  10000 ????				       include	"2600basic_variable_redefs.h"
      1  10000 ????						; This file contains variable mapping and other information for the current project.
      2  10000 ????
      3  10000 ????		00 34	    objects_length =	.skipL0216-objects
      4  10000 ????
      5  10000 ????		00 e5	    lancio_trigger =	r
      6  10000 ????
      7  10000 ????		00 e6	    lancio_timer =	s
      8  10000 ????
      9  10000 ????		00 e3	    _Bit7_M0_Dir_Right =	p
     10  10000 ????
     11  10000 ????		00 e3	    _Bit6_M0_Dir_Left =	p
     12  10000 ????
     13  10000 ????		00 e3	    _Bit5_M0_Dir_Down =	p
     14  10000 ????
     15  10000 ????		00 e3	    _Bit4_M0_Dir_Up =	p
     16  10000 ????
     17  10000 ????		00 e3	    _Bit3_P0_Dir_Right =	p
     18  10000 ????
     19  10000 ????		00 e3	    _Bit2_P0_Dir_Left =	p
     20  10000 ????
     21  10000 ????		00 e3	    _Bit1_P0_Dir_Down =	p
     22  10000 ????
     23  10000 ????		00 e3	    _Bit0_P0_Dir_Up =	p
     24  10000 ????
     25  10000 ????		00 e3	    _BitOp_P0_M0_Dir =	p
     26  10000 ????
     27  10000 ????		00 de	    _b7_gameMissile0Moving =	k
     28  10000 ????
     29  10000 ????		00 de	    _b6_palyerslowMotion =	k
     30  10000 ????
     31  10000 ????		00 de	    _b5_palyer1Enable =	k
     32  10000 ????
     33  10000 ????		00 de	    _b4_gameLight =	k
     34  10000 ????
     35  10000 ????		00 de	    _b0_gameStart =	k
     36  10000 ????
     37  10000 ????		00 ea	    _current_lamp =	w
     38  10000 ????
     39  10000 ????		00 df	    shoot      =	l
     40  10000 ????
     41  10000 ????		00 da	    _velocita  =	g
     42  10000 ????
     43  10000 ????		00 ed	    _current_sugar_y =	z
     44  10000 ????
     45  10000 ????		00 e9	    _current_sugar_x =	v
     46  10000 ????
     47  10000 ????		00 e7	    sugar_count =	t
     48  10000 ????
     49  10000 ????		00 d7	    seconds_counter =	d
     50  10000 ????
     51  10000 ????		00 d6	    frame_counter =	c
     52  10000 ????
     53  10000 ????		00 e1	    _current_object_level =	n
     54  10000 ????
     55  10000 ????		00 d5	    _level     =	b
     56  10000 ????
     57  10000 ????		00 36	    frame_limit =	54
     58  10000 ????
     59  10000 ????		00 30	    _P1_color  =	$30
     60  10000 ????
     61  10000 ????		00 2c	    _P0_color  =	$2C
     62  10000 ????
     63  10000 ????		00 16	    _base_color =	$16
     64  10000 ????
     65  10000 ????		00 02	    _M_Edge_Left =	2
     66  10000 ????
     67  10000 ????		00 02	    _M_Edge_Top =	2
     68  10000 ????
     69  10000 ????		00 91	    _Edge_Right =	145
     70  10000 ????
     71  10000 ????		00 0a	    _P_Edge_Left =	10
     72  10000 ????
     73  10000 ????		00 58	    _Edge_Bottom =	88
     74  10000 ????
     75  10000 ????		00 08	    _P_Edge_Top =	8
     76  10000 ????
     77  10000 ????		00 01	    scorefade  =	1
     78  10000 ????
     79  10000 ????		00 01	    pfscore    =	1
     80  10000 ????
     81  10000 ????		00 01	    PFcolors   =	1
------- FILE 2600basic.h
      7  10000 ????
      8  10000 ????		00 80	    player0x   =	$80
      9  10000 ????		00 81	    player1x   =	$81
     10  10000 ????		00 82	    missile0x  =	$82
     11  10000 ????		00 83	    missile1x  =	$83
     12  10000 ????		00 84	    ballx      =	$84
     13  10000 ????
     14  10000 ????		00 85	    objecty    =	$85
     15  10000 ????		00 85	    player0y   =	$85
     16  10000 ????		00 86	    player1y   =	$86
     17  10000 ????		00 87	    missile1height =	$87
     18  10000 ????		00 88	    missile1y  =	$88
     19  10000 ????		00 89	    bally      =	$89
     20  10000 ????
     21  10000 ????		00 87	    player1color =	$87	; replaces missile 1
     22  10000 ????
     23  10000 ????		00 8a	    player0pointer =	$8A	;uses $8A-$8B
     24  10000 ????		00 8a	    player0pointerlo =	$8A
     25  10000 ????		00 8b	    player0pointerhi =	$8B
     26  10000 ????		00 8c	    player1pointer =	$8C	; $8C-$8D
     27  10000 ????		00 8c	    player1pointerlo =	$8C
     28  10000 ????		00 8d	    player1pointerhi =	$8D
     29  10000 ????
     30  10000 ????		00 8e	    player0height =	$8E
     31  10000 ????		00 8f	    player1height =	$8F
     32  10000 ????		00 90	    missile0height =	$90
     33  10000 ????		00 91	    missile0y  =	$91
     34  10000 ????		00 92	    ballheight =	$92
     35  10000 ????
     36  10000 ????		00 90	    currentpaddle =	$90	; replaces missile 0 (and can't be used with playercolor)
     37  10000 ????		00 91	    paddle     =	$91	; replaces missile 0
     38  10000 ????		00 82	    player0colorstore =	$82	; replaces missile 0
     39  10000 ????		00 90	    player0color =	$90	; replaces missile 0
     40  10000 ????
     41  10000 ????		00 93	    score      =	$93	; $93-$95
     42  10000 ????		00 96	    scorepointers =	$96	; $96-$9B = 6 bytes
     43  10000 ????		00 9c	    temp1      =	$9C	;used by kernel.  can be used in program too, but
     44  10000 ????		00 9d	    temp2      =	$9D	;are obliterated when drawscreen is called.
     45  10000 ????		00 9e	    temp3      =	$9E
     46  10000 ????		00 9f	    temp4      =	$9F
     47  10000 ????		00 a0	    temp5      =	$A0
     48  10000 ????		00 a1	    temp6      =	$A1
     49  10000 ????
     50  10000 ????		00 a2	    rand       =	$A2
     51  10000 ????		00 a3	    scorecolor =	$A3
     52  10000 ????
     53  10000 ????		00 a4	    var0       =	$A4
     54  10000 ????		00 a5	    var1       =	$A5
     55  10000 ????		00 a6	    var2       =	$A6
     56  10000 ????		00 a7	    var3       =	$A7
     57  10000 ????		00 a8	    var4       =	$A8
     58  10000 ????		00 a9	    var5       =	$A9
     59  10000 ????		00 aa	    var6       =	$AA
     60  10000 ????		00 ab	    var7       =	$AB
     61  10000 ????		00 ac	    var8       =	$AC
     62  10000 ????		00 ad	    var9       =	$AD
     63  10000 ????		00 ae	    var10      =	$AE
     64  10000 ????		00 af	    var11      =	$AF
     65  10000 ????		00 b0	    var12      =	$B0
     66  10000 ????		00 b1	    var13      =	$B1
     67  10000 ????		00 b2	    var14      =	$B2
     68  10000 ????		00 b3	    var15      =	$B3
     69  10000 ????		00 b4	    var16      =	$B4
     70  10000 ????		00 b5	    var17      =	$B5
     71  10000 ????		00 b6	    var18      =	$B6
     72  10000 ????		00 b7	    var19      =	$B7
     73  10000 ????		00 b8	    var20      =	$B8
     74  10000 ????		00 b9	    var21      =	$B9
     75  10000 ????		00 ba	    var22      =	$BA
     76  10000 ????		00 bb	    var23      =	$BB
     77  10000 ????		00 bc	    var24      =	$BC
     78  10000 ????		00 bd	    var25      =	$BD
     79  10000 ????		00 be	    var26      =	$BE
     80  10000 ????		00 bf	    var27      =	$BF
     81  10000 ????		00 c0	    var28      =	$C0
     82  10000 ????		00 c1	    var29      =	$C1
     83  10000 ????		00 c2	    var30      =	$C2
     84  10000 ????		00 c3	    var31      =	$C3
     85  10000 ????		00 c4	    var32      =	$C4
     86  10000 ????		00 c5	    var33      =	$C5
     87  10000 ????		00 c6	    var34      =	$C6
     88  10000 ????		00 c7	    var35      =	$C7
     89  10000 ????		00 c8	    var36      =	$C8
     90  10000 ????		00 c9	    var37      =	$C9
     91  10000 ????		00 ca	    var38      =	$CA
     92  10000 ????		00 cb	    var39      =	$CB
     93  10000 ????		00 cc	    var40      =	$CC
     94  10000 ????		00 cd	    var41      =	$CD
     95  10000 ????		00 ce	    var42      =	$CE
     96  10000 ????		00 cf	    var43      =	$CF
     97  10000 ????		00 d0	    var44      =	$D0
     98  10000 ????		00 d1	    var45      =	$D1
     99  10000 ????		00 d2	    var46      =	$D2
    100  10000 ????		00 d3	    var47      =	$D3
    101  10000 ????
    102  10000 ????		00 d4	    A	       =	$d4
    103  10000 ????		00 d4	    a	       =	$d4
    104  10000 ????		00 d5	    B	       =	$d5
    105  10000 ????		00 d5	    b	       =	$d5
    106  10000 ????		00 d6	    C	       =	$d6
    107  10000 ????		00 d6	    c	       =	$d6
    108  10000 ????		00 d7	    D	       =	$d7
    109  10000 ????		00 d7	    d	       =	$d7
    110  10000 ????		00 d8	    E	       =	$d8
    111  10000 ????		00 d8	    e	       =	$d8
    112  10000 ????		00 d9	    F	       =	$d9
    113  10000 ????		00 d9	    f	       =	$d9
    114  10000 ????		00 da	    G	       =	$da
    115  10000 ????		00 da	    g	       =	$da
    116  10000 ????		00 db	    H	       =	$db
    117  10000 ????		00 db	    h	       =	$db
    118  10000 ????		00 dc	    I	       =	$dc
    119  10000 ????		00 dc	    i	       =	$dc
    120  10000 ????		00 dd	    J	       =	$dd
    121  10000 ????		00 dd	    j	       =	$dd
    122  10000 ????		00 de	    K	       =	$de
    123  10000 ????		00 de	    k	       =	$de
    124  10000 ????		00 df	    L	       =	$df
    125  10000 ????		00 df	    l	       =	$df
    126  10000 ????		00 e0	    M	       =	$e0
    127  10000 ????		00 e0	    m	       =	$e0
    128  10000 ????		00 e1	    N	       =	$e1
    129  10000 ????		00 e1	    n	       =	$e1
    130  10000 ????		00 e2	    O	       =	$e2
    131  10000 ????		00 e2	    o	       =	$e2
    132  10000 ????		00 e3	    P	       =	$e3
    133  10000 ????		00 e3	    p	       =	$e3
    134  10000 ????		00 e4	    Q	       =	$e4
    135  10000 ????		00 e4	    q	       =	$e4
    136  10000 ????		00 e5	    R	       =	$e5
    137  10000 ????		00 e5	    r	       =	$e5
    138  10000 ????		00 e6	    S	       =	$e6
    139  10000 ????		00 e6	    s	       =	$e6
    140  10000 ????		00 e7	    T	       =	$e7
    141  10000 ????		00 e7	    t	       =	$e7
    142  10000 ????		00 e8	    U	       =	$e8
    143  10000 ????		00 e8	    u	       =	$e8
    144  10000 ????		00 e9	    V	       =	$e9
    145  10000 ????		00 e9	    v	       =	$e9
    146  10000 ????		00 ea	    W	       =	$ea
    147  10000 ????		00 ea	    w	       =	$ea
    148  10000 ????		00 eb	    X	       =	$eb
    149  10000 ????		00 eb	    x	       =	$eb
    150  10000 ????		00 ec	    Y	       =	$ec
    151  10000 ????		00 ec	    y	       =	$ec
    152  10000 ????		00 ed	    Z	       =	$ed
    153  10000 ????		00 ed	    z	       =	$ed
    154  10000 ????
    155  10000 ????		00 ee	    temp7      =	$ee	; This is used to aid in bankswitching
    156  10000 ????		00 ef	    playfieldpos =	$ef
    157  10000 ????
    158  10000 ????						; available for other uses, or if unused, provide more stack space
    159  10000 ????
    160  10000 ????		00 f0	    aux1       =	$f0
    161  10000 ????		00 f1	    aux2       =	$f1
    162  10000 ????		00 f2	    aux3       =	$f2
    163  10000 ????		00 f3	    aux4       =	$f3
    164  10000 ????		00 f4	    aux5       =	$f4
    165  10000 ????		00 f5	    aux6       =	$f5
    166  10000 ????
    167  10000 ????						; playfield color/height pointers
    168  10000 ????		00 f0	    pfcolortable =	$f0	; and $d5
    169  10000 ????		00 f0	    pfheighttable =	$f0	; and $d5
    170  10000 ????						; the above pointers are the same because if color and height are both used together,
    171  10000 ????						; they must used absolute indexed and cannot use pointers
    172  10000 ????
    173  10000 ????		00 f2	    lifepointer =	$f2	; pointer to "lives" shape
    174  10000 ????						; upper 3 bits of $f2 contain the number of lives
    175  10000 ????		00 f4	    lifecolor  =	$f4
    176  10000 ????		00 f3	    lives      =	$f3	; # lives >> 5
    177  10000 ????		00 f5	    statusbarlength =	$f5	; only uses upper 5 bits; other bits free
    178  10000 ????
    179  10000 ????		00 f2	    pfscore1   =	$f2	; optional playfield bytes in score
    180  10000 ????		00 f3	    pfscore2   =	$f3
    181  10000 ????		00 f4	    pfscorecolor =	$f4
    182  10000 ????
    183  10000 ????		00 f6	    stack1     =	$f6
    184  10000 ????		00 f7	    stack2     =	$f7
    185  10000 ????		00 f8	    stack3     =	$f8
    186  10000 ????		00 f9	    stack4     =	$f9
    187  10000 ????						; the stack bytes above may be used in the kernel
    188  10000 ????						; stack = F6-F7, F8-F9, FA-FB, FC-FD, FE-FF
    189  10000 ????
    190  10000 ????				       MAC	return
    191  10000 ????				       ifnconst	bankswitch
    192  10000 ????				       rts
    193  10000 ????				       else
    194  10000 ????				       jmp	BS_return
    195  10000 ????				       endif
    196  10000 ????				       ENDM		; auto-return from either a regular or bankswitched module
    197  10000 ????
    198  10000 ????			   -	       ifconst	superchip
    199  10000 ????			   -playfieldbase =	$10D0
    200  10000 ????			   -	       include	superchip.h
    201  10000 ????				       else
    202  10000 ????		00 a4	    playfieldbase =	$A4
    203  10000 ????				       endif
    204  10000 ????
    205  10000 ????				       ifnconst	pfhalfwidth
    206  10000 ????		00 04	    pfwidth    =	4
    207  10000 ????		00 0e	    PF1L       =	PF1
    208  10000 ????		00 0f	    PF2L       =	PF2
    209  10000 ????		00 0e	    PF1R       =	PF1
    210  10000 ????		00 0f	    PF2R       =	PF2
    211  10000 ????		00 00	    pfadjust   =	0
    212  10000 ????			   -	       else
    213  10000 ????			   -pfwidth    =	2
    214  10000 ????			   -	       ifconst	pfcenter
    215  10000 ????			   -PF1L       =	$3F	; no effect
    216  10000 ????			   -PF2L       =	PF2
    217  10000 ????			   -PF1R       =	$3F
    218  10000 ????			   -PF2R       =	PF2	; no effect
    219  10000 ????			   -pfadjust   =	1
    220  10000 ????			   -	       else
    221  10000 ????			   -PF1L       =	PF1
    222  10000 ????			   -PF2L       =	PF2
    223  10000 ????			   -PF1R       =	$3F	; no effect
    224  10000 ????			   -PF2R       =	$3F	; no effect
    225  10000 ????			   -pfadjust   =	0
    226  10000 ????			   -	       endif
    227  10000 ????				       endif
    228  10000 ????
    229  10000 ????						; define playfield start based on height
    230  10000 ????				       ifnconst	pfres
    231  10000 ????		00 a4	    playfield  =	playfieldbase
    232  10000 ????			   -	       else
    233  10000 ????			   -playfield  =	playfieldbase-(pfres-12*(4/pfwidth))*pfwidth
    234  10000 ????				       endif
------- FILE c:\Users\Admin\Documents\atari\snack_and_roll\snack_and_roll.bas.asm
------- FILE 2600basic_variable_redefs.h LEVEL 2 PASS 3
      0  10000 ????				       include	"2600basic_variable_redefs.h"
      1  10000 ????						; This file contains variable mapping and other information for the current project.
      2  10000 ????
      3  10000 ????		00 34	    objects_length =	.skipL0216-objects
      4  10000 ????
      5  10000 ????		00 e5	    lancio_trigger =	r
      6  10000 ????
      7  10000 ????		00 e6	    lancio_timer =	s
      8  10000 ????
      9  10000 ????		00 e3	    _Bit7_M0_Dir_Right =	p
     10  10000 ????
     11  10000 ????		00 e3	    _Bit6_M0_Dir_Left =	p
     12  10000 ????
     13  10000 ????		00 e3	    _Bit5_M0_Dir_Down =	p
     14  10000 ????
     15  10000 ????		00 e3	    _Bit4_M0_Dir_Up =	p
     16  10000 ????
     17  10000 ????		00 e3	    _Bit3_P0_Dir_Right =	p
     18  10000 ????
     19  10000 ????		00 e3	    _Bit2_P0_Dir_Left =	p
     20  10000 ????
     21  10000 ????		00 e3	    _Bit1_P0_Dir_Down =	p
     22  10000 ????
     23  10000 ????		00 e3	    _Bit0_P0_Dir_Up =	p
     24  10000 ????
     25  10000 ????		00 e3	    _BitOp_P0_M0_Dir =	p
     26  10000 ????
     27  10000 ????		00 de	    _b7_gameMissile0Moving =	k
     28  10000 ????
     29  10000 ????		00 de	    _b6_palyerslowMotion =	k
     30  10000 ????
     31  10000 ????		00 de	    _b5_palyer1Enable =	k
     32  10000 ????
     33  10000 ????		00 de	    _b4_gameLight =	k
     34  10000 ????
     35  10000 ????		00 de	    _b0_gameStart =	k
     36  10000 ????
     37  10000 ????		00 ea	    _current_lamp =	w
     38  10000 ????
     39  10000 ????		00 df	    shoot      =	l
     40  10000 ????
     41  10000 ????		00 da	    _velocita  =	g
     42  10000 ????
     43  10000 ????		00 ed	    _current_sugar_y =	z
     44  10000 ????
     45  10000 ????		00 e9	    _current_sugar_x =	v
     46  10000 ????
     47  10000 ????		00 e7	    sugar_count =	t
     48  10000 ????
     49  10000 ????		00 d7	    seconds_counter =	d
     50  10000 ????
     51  10000 ????		00 d6	    frame_counter =	c
     52  10000 ????
     53  10000 ????		00 e1	    _current_object_level =	n
     54  10000 ????
     55  10000 ????		00 d5	    _level     =	b
     56  10000 ????
     57  10000 ????		00 36	    frame_limit =	54
     58  10000 ????
     59  10000 ????		00 30	    _P1_color  =	$30
     60  10000 ????
     61  10000 ????		00 2c	    _P0_color  =	$2C
     62  10000 ????
     63  10000 ????		00 16	    _base_color =	$16
     64  10000 ????
     65  10000 ????		00 02	    _M_Edge_Left =	2
     66  10000 ????
     67  10000 ????		00 02	    _M_Edge_Top =	2
     68  10000 ????
     69  10000 ????		00 91	    _Edge_Right =	145
     70  10000 ????
     71  10000 ????		00 0a	    _P_Edge_Left =	10
     72  10000 ????
     73  10000 ????		00 58	    _Edge_Bottom =	88
     74  10000 ????
     75  10000 ????		00 08	    _P_Edge_Top =	8
     76  10000 ????
     77  10000 ????		00 01	    scorefade  =	1
     78  10000 ????
     79  10000 ????		00 01	    pfscore    =	1
     80  10000 ????
     81  10000 ????		00 01	    PFcolors   =	1
------- FILE c:\Users\Admin\Documents\atari\snack_and_roll\snack_and_roll.bas.asm
      8  10000 ????			   -	       ifconst	bankswitch
      9  10000 ????			   -	       if	bankswitch == 8
     10  10000 ????			   -	       ORG	$1000
     11  10000 ????			   -	       RORG	$D000
     12  10000 ????			   -	       endif
     13  10000 ????			   -	       if	bankswitch == 16
     14  10000 ????			   -	       ORG	$1000
     15  10000 ????			   -	       RORG	$9000
     16  10000 ????			   -	       endif
     17  10000 ????			   -	       if	bankswitch == 32
     18  10000 ????			   -	       ORG	$1000
     19  10000 ????			   -	       RORG	$1000
     20  10000 ????			   -	       endif
     21  10000 ????			   -	       if	bankswitch == 64
     22  10000 ????			   -	       ORG	$1000
     23  10000 ????			   -	       RORG	$1000
     24  10000 ????			   -	       endif
     25  10000 ????				       else
     26  f000					      ORG	$F000
     27  f000					      endif
     28  f000
     29  f000				  -	      ifconst	bankswitch_hotspot
     30  f000				  -	      if	bankswitch_hotspot = $083F	; 0840 bankswitching hotspot
     31  f000				  -	      .byte	0	; stop unexpected bankswitches
     32  f000				  -	      endif
     33  f000					      endif
     34  f000							; Provided under the CC0 license. See the included LICENSE.txt for details.
     35  f000
     36  f000				   start
     37  f000		       78		      sei
     38  f001		       d8		      cld
     39  f002		       a0 00		      ldy	#0
     40  f004		       a5 d0		      lda	$D0
     41  f006		       c9 2c		      cmp	#$2C	;check RAM location #1
     42  f008		       d0 07		      bne	MachineIs2600
     43  f00a		       a5 d1		      lda	$D1
     44  f00c		       c9 a9		      cmp	#$A9	;check RAM location #2
     45  f00e		       d0 01		      bne	MachineIs2600
     46  f010		       88		      dey
     47  f011				   MachineIs2600
     48  f011		       a2 00		      ldx	#0
     49  f013		       8a		      txa
     50  f014				   clearmem
     51  f014		       e8		      inx
     52  f015		       9a		      txs
     53  f016		       48		      pha
     54  f017		       d0 fb		      bne	clearmem
     55  f019		       84 9c		      sty	temp1
     56  f01b					      ifnconst	multisprite
     57  f01b				  -	      ifconst	pfrowheight
     58  f01b				  -	      lda	#pfrowheight
     59  f01b					      else
     60  f01b				  -	      ifconst	pfres
     61  f01b				  -	      lda	#(96/pfres)
     62  f01b					      else
     63  f01b		       a9 08		      lda	#8
     64  f01d					      endif
     65  f01d					      endif
     66  f01d		       85 ef		      sta	playfieldpos
     67  f01f					      endif
     68  f01f		       a2 05		      ldx	#5
     69  f021				   initscore
     70  f021		       a9 9c		      lda	#<scoretable
     71  f023		       95 96		      sta	scorepointers,x
     72  f025		       ca		      dex
     73  f026		       10 f9		      bpl	initscore
     74  f028		       a9 01		      lda	#1
     75  f02a		       85 0a		      sta	CTRLPF
     76  f02c		       0d 84 02 	      ora	INTIM
     77  f02f		       85 a2		      sta	rand
     78  f031
     79  f031				  -	      ifconst	multisprite
     80  f031				  -	      jsr	multisprite_setup
     81  f031					      endif
     82  f031
     83  f031					      ifnconst	bankswitch
     84  f031		       4c 66 f4 	      jmp	game
     85  f034				  -	      else
     86  f034				  -	      lda	#>(game-1)
     87  f034				  -	      pha
     88  f034				  -	      lda	#<(game-1)
     89  f034				  -	      pha
     90  f034				  -	      pha
     91  f034				  -	      pha
     92  f034				  -	      ldx	#1
     93  f034				  -	      jmp	BS_jsr
     94  f034					      endif
     95  f034							; Provided under the CC0 license. See the included LICENSE.txt for details.
     96  f034
     97  f034							; This is a 2-line kernel!
     98  f034					      ifnconst	vertical_reflect
     99  f034				   kernel
    100  f034					      endif
    101  f034		       85 02		      sta	WSYNC
    102  f036		       a9 ff		      lda	#255
    103  f038		       8d 96 02 	      sta	TIM64T
    104  f03b
    105  f03b		       a9 01		      lda	#1
    106  f03d		       85 27		      sta	VDELBL
    107  f03f		       85 25		      sta	VDELP0
    108  f041		       a6 92		      ldx	ballheight
    109  f043		       e8		      inx
    110  f044		       e8		      inx
    111  f045		       86 9f		      stx	temp4
    112  f047		       a5 86		      lda	player1y
    113  f049		       85 9e		      sta	temp3
    114  f04b
    115  f04b				  -	      ifconst	shakescreen
    116  f04b				  -	      jsr	doshakescreen
    117  f04b					      else
    118  f04b		       a6 90		      ldx	missile0height
    119  f04d		       e8		      inx
    120  f04e					      endif
    121  f04e
    122  f04e		       e8		      inx
    123  f04f		       86 f6		      stx	stack1
    124  f051
    125  f051		       a5 89		      lda	bally
    126  f053		       85 f7		      sta	stack2
    127  f055
    128  f055		       a5 85		      lda	player0y
    129  f057		       a2 00		      ldx	#0
    130  f059		       85 02		      sta	WSYNC
    131  f05b		       86 1b		      stx	GRP0
    132  f05d		       86 1c		      stx	GRP1
    133  f05f		       86 0e		      stx	PF1L
    134  f061		       86 0f		      stx	PF2
    135  f063		       86 2c		      stx	CXCLR
    136  f065				  -	      ifconst	readpaddle
    137  f065				  -	      stx	paddle
    138  f065					      else
      0  f065					      sleep	3
      1  f065				   .CYCLES    SET	3
      2  f065
      3  f065				  -	      IF	.CYCLES < 2
      4  f065				  -	      ECHO	"MACRO ERROR: 'SLEEP': Duration must be > 1"
      5  f065				  -	      ERR
      6  f065					      ENDIF
      7  f065
      8  f065					      IF	.CYCLES & 1
      9  f065					      IFNCONST	NO_ILLEGAL_OPCODES
     10  f065		       04 00		      nop	0
     11  f067				  -	      ELSE
     12  f067				  -	      bit	VSYNC
     13  f067					      ENDIF
     14  f067				   .CYCLES    SET	.CYCLES - 3
     15  f067					      ENDIF
     16  f067
     17  f067				  -	      REPEAT	.CYCLES / 2
     18  f067				  -	      nop
     19  f067					      REPEND
    140  f067					      endif
    141  f067
    142  f067		       95 9d		      sta	temp2,x
    143  f069
    144  f069							;store these so they can be retrieved later
    145  f069					      ifnconst	pfres
    146  f069		       a2 54		      ldx	#128-44+(4-pfwidth)*12
    147  f06b				  -	      else
    148  f06b				  -	      ldx	#132-pfres*pfwidth
    149  f06b					      endif
    150  f06b
    151  f06b		       c6 85		      dec	player0y
    152  f06d
    153  f06d		       a5 91		      lda	missile0y
    154  f06f		       85 a0		      sta	temp5
    155  f071		       a5 88		      lda	missile1y
    156  f073		       85 a1		      sta	temp6
    157  f075
    158  f075		       a5 ef		      lda	playfieldpos
    159  f077		       85 9c		      sta	temp1
    160  f079
    161  f079				  -	      ifconst	pfrowheight
    162  f079				  -	      lda	#pfrowheight+2
    163  f079					      else
    164  f079					      ifnconst	pfres
    165  f079		       a9 0a		      lda	#10
    166  f07b				  -	      else
    167  f07b				  -	      lda	#(96/pfres)+2	; try to come close to the real size
    168  f07b					      endif
    169  f07b					      endif
    170  f07b		       18		      clc
    171  f07c		       e5 ef		      sbc	playfieldpos
    172  f07e		       85 ef		      sta	playfieldpos
    173  f080		       4c a8 f0 	      jmp	.startkernel
    174  f083
    175  f083				   .skipDrawP0
    176  f083		       a9 00		      lda	#0
    177  f085		       a8		      tay
    178  f086		       4c d6 f0 	      jmp	.continueP0
    179  f089
    180  f089				   .skipDrawP1
    181  f089		       a9 00		      lda	#0
    182  f08b		       a8		      tay
    183  f08c		       4c b2 f0 	      jmp	.continueP1
    184  f08f
    185  f08f				   .kerloop		; enter at cycle 59??
    186  f08f
    187  f08f				   continuekernel
      0  f08f					      sleep	2
      1  f08f				   .CYCLES    SET	2
      2  f08f
      3  f08f				  -	      IF	.CYCLES < 2
      4  f08f				  -	      ECHO	"MACRO ERROR: 'SLEEP': Duration must be > 1"
      5  f08f				  -	      ERR
      6  f08f					      ENDIF
      7  f08f
      8  f08f				  -	      IF	.CYCLES & 1
      9  f08f				  -	      IFNCONST	NO_ILLEGAL_OPCODES
     10  f08f				  -	      nop	0
     11  f08f				  -	      ELSE
     12  f08f				  -	      bit	VSYNC
     13  f08f				  -	      ENDIF
     14  f08f				  -.CYCLES    SET	.CYCLES - 3
     15  f08f					      ENDIF
     16  f08f
     17  f08f					      REPEAT	.CYCLES / 2
     18  f08f		       ea		      nop
     19  f090					      REPEND
    189  f090				   continuekernel2
    190  f090		       a5 92		      lda	ballheight
    191  f092
    192  f092				  -	      ifconst	pfres
    193  f092				  -	      ldy	playfield+pfres*pfwidth-132,x
    194  f092				  -	      sty	PF1L	;3
    195  f092				  -	      ldy	playfield+pfres*pfwidth-131-pfadjust,x
    196  f092				  -	      sty	PF2L	;3
    197  f092				  -	      ldy	playfield+pfres*pfwidth-129,x
    198  f092				  -	      sty	PF1R	; 3 too early?
    199  f092				  -	      ldy	playfield+pfres*pfwidth-130-pfadjust,x
    200  f092				  -	      sty	PF2R	;3
    201  f092					      else
    202  f092		       b4 50		      ldy	playfield-48+pfwidth*12+44-128,x
    203  f094		       84 0e		      sty	PF1L	;3
    204  f096		       b4 51		      ldy	playfield-48+pfwidth*12+45-128-pfadjust,x	;4
    205  f098		       84 0f		      sty	PF2L	;3
    206  f09a		       b4 53		      ldy	playfield-48+pfwidth*12+47-128,x	;4
    207  f09c		       84 0e		      sty	PF1R	; 3 too early?
    208  f09e		       b4 52		      ldy	playfield-48+pfwidth*12+46-128-pfadjust,x	;4
    209  f0a0		       84 0f		      sty	PF2R	;3
    210  f0a2					      endif
    211  f0a2
    212  f0a2							; should be playfield+$38 for width=2
    213  f0a2
    214  f0a2		       c7 89		      dcp	bally
    215  f0a4		       2a		      rol
    216  f0a5		       2a		      rol
    217  f0a6							; rol
    218  f0a6							; rol
    219  f0a6				   goback
    220  f0a6		       85 1f		      sta	ENABL
    221  f0a8				   .startkernel
    222  f0a8		       a5 8f		      lda	player1height	;3
    223  f0aa		       c7 86		      dcp	player1y	;5
    224  f0ac		       90 db		      bcc	.skipDrawP1	;2
    225  f0ae		       a4 86		      ldy	player1y	;3
    226  f0b0		       b1 8c		      lda	(player1pointer),y	;5; player0pointer must be selected carefully by the compiler
    227  f0b2							; so it doesn't cross a page boundary!
    228  f0b2
    229  f0b2				   .continueP1
    230  f0b2		       85 1c		      sta	GRP1	;3
    231  f0b4
    232  f0b4					      ifnconst	player1colors
    233  f0b4		       a5 87		      lda	missile1height	;3
    234  f0b6		       c7 88		      dcp	missile1y	;5
    235  f0b8		       2a		      rol		;2
    236  f0b9		       2a		      rol		;2
    237  f0ba		       85 1e		      sta	ENAM1	;3
    238  f0bc				  -	      else
    239  f0bc				  -	      lda	(player1color),y
    240  f0bc				  -	      sta	COLUP1
    241  f0bc				  -	      ifnconst	playercolors
    242  f0bc				  -	      sleep	7
    243  f0bc				  -	      else
    244  f0bc				  -	      lda.w	player0colorstore
    245  f0bc				  -	      sta	COLUP0
    246  f0bc				  -	      endif
    247  f0bc					      endif
    248  f0bc
    249  f0bc				  -	      ifconst	pfres
    250  f0bc				  -	      lda	playfield+pfres*pfwidth-132,x
    251  f0bc				  -	      sta	PF1L	;3
    252  f0bc				  -	      lda	playfield+pfres*pfwidth-131-pfadjust,x
    253  f0bc				  -	      sta	PF2L	;3
    254  f0bc				  -	      lda	playfield+pfres*pfwidth-129,x
    255  f0bc				  -	      sta	PF1R	; 3 too early?
    256  f0bc				  -	      lda	playfield+pfres*pfwidth-130-pfadjust,x
    257  f0bc				  -	      sta	PF2R	;3
    258  f0bc					      else
    259  f0bc		       b5 50		      lda	playfield-48+pfwidth*12+44-128,x	;4
    260  f0be		       85 0e		      sta	PF1L	;3
    261  f0c0		       b5 51		      lda	playfield-48+pfwidth*12+45-128-pfadjust,x	;4
    262  f0c2		       85 0f		      sta	PF2L	;3
    263  f0c4		       b5 53		      lda	playfield-48+pfwidth*12+47-128,x	;4
    264  f0c6		       85 0e		      sta	PF1R	; 3 too early?
    265  f0c8		       b5 52		      lda	playfield-48+pfwidth*12+46-128-pfadjust,x	;4
    266  f0ca		       85 0f		      sta	PF2R	;3
    267  f0cc					      endif
    268  f0cc							; sleep 3
    269  f0cc
    270  f0cc		       a5 8e		      lda	player0height
    271  f0ce		       c7 85		      dcp	player0y
    272  f0d0		       90 b1		      bcc	.skipDrawP0
    273  f0d2		       a4 85		      ldy	player0y
    274  f0d4		       b1 8a		      lda	(player0pointer),y
    275  f0d6				   .continueP0
    276  f0d6		       85 1b		      sta	GRP0
    277  f0d8
    278  f0d8					      ifnconst	no_blank_lines
    279  f0d8					      ifnconst	playercolors
    280  f0d8		       a5 90		      lda	missile0height	;3
    281  f0da		       c7 91		      dcp	missile0y	;5
    282  f0dc		       e5 f6		      sbc	stack1
    283  f0de		       85 1d		      sta	ENAM0	;3
    284  f0e0				  -	      else
    285  f0e0				  -	      lda	(player0color),y
    286  f0e0				  -	      sta	player0colorstore
    287  f0e0				  -	      sleep	6
    288  f0e0					      endif
    289  f0e0		       c6 9c		      dec	temp1
    290  f0e2		       d0 ab		      bne	continuekernel
    291  f0e4				  -	      else
    292  f0e4				  -	      dec	temp1
    293  f0e4				  -	      beq	altkernel2
    294  f0e4				  -	      ifconst	readpaddle
    295  f0e4				  -	      ldy	currentpaddle
    296  f0e4				  -	      lda	INPT0,y
    297  f0e4				  -	      bpl	noreadpaddle
    298  f0e4				  -	      inc	paddle
    299  f0e4				  -	      jmp	continuekernel2
    300  f0e4				  -noreadpaddle
    301  f0e4				  -	      sleep	2
    302  f0e4				  -	      jmp	continuekernel
    303  f0e4				  -	      else
    304  f0e4				  -	      ifnconst	playercolors
    305  f0e4				  -	      ifconst	PFcolors
    306  f0e4				  -	      txa
    307  f0e4				  -	      tay
    308  f0e4				  -	      lda	(pfcolortable),y
    309  f0e4				  -	      ifnconst	backgroundchange
    310  f0e4				  -	      sta	COLUPF
    311  f0e4				  -	      else
    312  f0e4				  -	      sta	COLUBK
    313  f0e4				  -	      endif
    314  f0e4				  -	      jmp	continuekernel
    315  f0e4				  -	      else
    316  f0e4				  -	      ifconst	kernelmacrodef
    317  f0e4				  -	      kernelmacro
    318  f0e4				  -	      else
    319  f0e4				  -	      sleep	12
    320  f0e4				  -	      endif
    321  f0e4				  -	      endif
    322  f0e4				  -	      else
    323  f0e4				  -	      lda	(player0color),y
    324  f0e4				  -	      sta	player0colorstore
    325  f0e4				  -	      sleep	4
    326  f0e4				  -	      endif
    327  f0e4				  -	      jmp	continuekernel
    328  f0e4				  -	      endif
    329  f0e4				  -altkernel2
    330  f0e4				  -	      txa
    331  f0e4				  -	      ifnconst	vertical_reflect
    332  f0e4				  -	      sbx	#256-pfwidth
    333  f0e4				  -	      else
    334  f0e4				  -	      sbx	#256-pfwidth/2
    335  f0e4				  -	      endif
    336  f0e4				  -	      bmi	lastkernelline
    337  f0e4				  -	      ifconst	pfrowheight
    338  f0e4				  -	      lda	#pfrowheight
    339  f0e4				  -	      else
    340  f0e4				  -	      ifnconst	pfres
    341  f0e4				  -	      lda	#8
    342  f0e4				  -	      else
    343  f0e4				  -	      lda	#(96/pfres)	; try to come close to the real size
    344  f0e4				  -	      endif
    345  f0e4				  -	      endif
    346  f0e4				  -	      sta	temp1
    347  f0e4				  -	      jmp	continuekernel
    348  f0e4					      endif
    349  f0e4
    350  f0e4				   altkernel
    351  f0e4
    352  f0e4				  -	      ifconst	PFmaskvalue
    353  f0e4				  -	      lda	#PFmaskvalue
    354  f0e4					      else
    355  f0e4		       a9 00		      lda	#0
    356  f0e6					      endif
    357  f0e6		       85 0e		      sta	PF1L
    358  f0e8		       85 0f		      sta	PF2
    359  f0ea
    360  f0ea
    361  f0ea							;sleep 3
    362  f0ea
    363  f0ea							;28 cycles to fix things
    364  f0ea							;minus 11=17
    365  f0ea
    366  f0ea							; lax temp4
    367  f0ea							; clc
    368  f0ea		       8a		      txa
    369  f0eb					      ifnconst	vertical_reflect
    370  f0eb		       cb fc		      sbx	#256-pfwidth
    371  f0ed				  -	      else
    372  f0ed				  -	      sbx	#256-pfwidth/2
    373  f0ed					      endif
    374  f0ed
    375  f0ed		       30 12		      bmi	lastkernelline
    376  f0ef
    377  f0ef				  -	      ifconst	PFcolorandheight
    378  f0ef				  -	      ifconst	pfres
    379  f0ef				  -	      ldy	playfieldcolorandheight-131+pfres*pfwidth,x
    380  f0ef				  -	      else
    381  f0ef				  -	      ldy	playfieldcolorandheight-87,x
    382  f0ef				  -	      endif
    383  f0ef				  -	      ifnconst	backgroundchange
    384  f0ef				  -	      sty	COLUPF
    385  f0ef				  -	      else
    386  f0ef				  -	      sty	COLUBK
    387  f0ef				  -	      endif
    388  f0ef				  -	      ifconst	pfres
    389  f0ef				  -	      lda	playfieldcolorandheight-132+pfres*pfwidth,x
    390  f0ef				  -	      else
    391  f0ef				  -	      lda	playfieldcolorandheight-88,x
    392  f0ef				  -	      endif
    393  f0ef				  -	      sta.w	temp1
    394  f0ef					      endif
    395  f0ef				  -	      ifconst	PFheights
    396  f0ef				  -	      lsr
    397  f0ef				  -	      lsr
    398  f0ef				  -	      tay
    399  f0ef				  -	      lda	(pfheighttable),y
    400  f0ef				  -	      sta.w	temp1
    401  f0ef					      endif
    402  f0ef					      ifconst	PFcolors
    403  f0ef		       a8		      tay
    404  f0f0		       b1 f0		      lda	(pfcolortable),y
    405  f0f2					      ifnconst	backgroundchange
    406  f0f2		       85 08		      sta	COLUPF
    407  f0f4				  -	      else
    408  f0f4				  -	      sta	COLUBK
    409  f0f4					      endif
    410  f0f4				  -	      ifconst	pfrowheight
    411  f0f4				  -	      lda	#pfrowheight
    412  f0f4					      else
    413  f0f4					      ifnconst	pfres
    414  f0f4		       a9 08		      lda	#8
    415  f0f6				  -	      else
    416  f0f6				  -	      lda	#(96/pfres)	; try to come close to the real size
    417  f0f6					      endif
    418  f0f6					      endif
    419  f0f6		       85 9c		      sta	temp1
    420  f0f8					      endif
    421  f0f8					      ifnconst	PFcolorandheight
    422  f0f8				  -	      ifnconst	PFcolors
    423  f0f8				  -	      ifnconst	PFheights
    424  f0f8				  -	      ifnconst	no_blank_lines
    425  f0f8				  -			; read paddle 0
    426  f0f8				  -			; lo-res paddle read
    427  f0f8				  -			; bit INPT0
    428  f0f8				  -			; bmi paddleskipread
    429  f0f8				  -			; inc paddle0
    430  f0f8				  -			;donepaddleskip
    431  f0f8				  -	      sleep	10
    432  f0f8				  -	      ifconst	pfrowheight
    433  f0f8				  -	      lda	#pfrowheight
    434  f0f8				  -	      else
    435  f0f8				  -	      ifnconst	pfres
    436  f0f8				  -	      lda	#8
    437  f0f8				  -	      else
    438  f0f8				  -	      lda	#(96/pfres)	; try to come close to the real size
    439  f0f8				  -	      endif
    440  f0f8				  -	      endif
    441  f0f8				  -	      sta	temp1
    442  f0f8				  -	      endif
    443  f0f8				  -	      endif
    444  f0f8					      endif
    445  f0f8					      endif
    446  f0f8
    447  f0f8
    448  f0f8		       a5 92		      lda	ballheight
    449  f0fa		       c7 89		      dcp	bally
    450  f0fc		       e5 9f		      sbc	temp4
    451  f0fe
    452  f0fe
    453  f0fe		       4c a6 f0 	      jmp	goback
    454  f101
    455  f101
    456  f101					      ifnconst	no_blank_lines
    457  f101				   lastkernelline
    458  f101				  -	      ifnconst	PFcolors
    459  f101				  -	      sleep	10
    460  f101					      else
    461  f101		       a0 7c		      ldy	#124
    462  f103		       b1 f0		      lda	(pfcolortable),y
    463  f105		       85 08		      sta	COLUPF
    464  f107					      endif
    465  f107
    466  f107				  -	      ifconst	PFheights
    467  f107				  -	      ldx	#1
    468  f107				  -			;sleep 4
    469  f107				  -	      sleep	3	; this was over 1 cycle
    470  f107					      else
    471  f107		       a6 ef		      ldx	playfieldpos
    472  f109							;sleep 3
      0  f109					      sleep	2	; this was over 1 cycle
      1  f109				   .CYCLES    SET	2
      2  f109
      3  f109				  -	      IF	.CYCLES < 2
      4  f109				  -	      ECHO	"MACRO ERROR: 'SLEEP': Duration must be > 1"
      5  f109				  -	      ERR
      6  f109					      ENDIF
      7  f109
      8  f109				  -	      IF	.CYCLES & 1
      9  f109				  -	      IFNCONST	NO_ILLEGAL_OPCODES
     10  f109				  -	      nop	0
     11  f109				  -	      ELSE
     12  f109				  -	      bit	VSYNC
     13  f109				  -	      ENDIF
     14  f109				  -.CYCLES    SET	.CYCLES - 3
     15  f109					      ENDIF
     16  f109
     17  f109					      REPEAT	.CYCLES / 2
     18  f109		       ea		      nop
     19  f10a					      REPEND
    474  f10a					      endif
    475  f10a
    476  f10a		       4c 28 f1 	      jmp	enterlastkernel
    477  f10d
    478  f10d				  -	      else
    479  f10d				  -lastkernelline
    480  f10d				  -
    481  f10d				  -	      ifconst	PFheights
    482  f10d				  -	      ldx	#1
    483  f10d				  -			;sleep 5
    484  f10d				  -	      sleep	4	; this was over 1 cycle
    485  f10d				  -	      else
    486  f10d				  -	      ldx	playfieldpos
    487  f10d				  -			;sleep 4
    488  f10d				  -	      sleep	3	; this was over 1 cycle
    489  f10d				  -	      endif
    490  f10d				  -
    491  f10d				  -	      cpx	#0
    492  f10d				  -	      bne	.enterfromNBL
    493  f10d				  -	      jmp	no_blank_lines_bailout
    494  f10d					      endif
    495  f10d
    496  f10d				  -	      if	((<*)>$d5)
    497  f10d				  -	      align	256
    498  f10d					      endif
    499  f10d							; this is a kludge to prevent page wrapping - fix!!!
    500  f10d
    501  f10d				   .skipDrawlastP1
    502  f10d		       a9 00		      lda	#0
    503  f10f		       a8		      tay		; added so we don't cross a page
    504  f110		       4c 3a f1 	      jmp	.continuelastP1
    505  f113
    506  f113				   .endkerloop		; enter at cycle 59??
    507  f113
    508  f113		       ea		      nop
    509  f114
    510  f114				   .enterfromNBL
    511  f114				  -	      ifconst	pfres
    512  f114				  -	      ldy.w	playfield+pfres*pfwidth-4
    513  f114				  -	      sty	PF1L	;3
    514  f114				  -	      ldy.w	playfield+pfres*pfwidth-3-pfadjust
    515  f114				  -	      sty	PF2L	;3
    516  f114				  -	      ldy.w	playfield+pfres*pfwidth-1
    517  f114				  -	      sty	PF1R	; possibly too early?
    518  f114				  -	      ldy.w	playfield+pfres*pfwidth-2-pfadjust
    519  f114				  -	      sty	PF2R	;3
    520  f114					      else
    521  f114		       ac d0 00 	      ldy.w	playfield-48+pfwidth*12+44
    522  f117		       84 0e		      sty	PF1L	;3
    523  f119		       ac d1 00 	      ldy.w	playfield-48+pfwidth*12+45-pfadjust
    524  f11c		       84 0f		      sty	PF2L	;3
    525  f11e		       ac d3 00 	      ldy.w	playfield-48+pfwidth*12+47
    526  f121		       84 0e		      sty	PF1R	; possibly too early?
    527  f123		       ac d2 00 	      ldy.w	playfield-48+pfwidth*12+46-pfadjust
    528  f126		       84 0f		      sty	PF2R	;3
    529  f128					      endif
    530  f128
    531  f128				   enterlastkernel
    532  f128		       a5 92		      lda	ballheight
    533  f12a
    534  f12a							; tya
    535  f12a		       c7 89		      dcp	bally
    536  f12c							; sleep 4
    537  f12c
    538  f12c							; sbc stack3
    539  f12c		       2a		      rol
    540  f12d		       2a		      rol
    541  f12e		       85 1f		      sta	ENABL
    542  f130
    543  f130		       a5 8f		      lda	player1height	;3
    544  f132		       c7 86		      dcp	player1y	;5
    545  f134		       90 d7		      bcc	.skipDrawlastP1
    546  f136		       a4 86		      ldy	player1y	;3
    547  f138		       b1 8c		      lda	(player1pointer),y	;5; player0pointer must be selected carefully by the compiler
    548  f13a							; so it doesn't cross a page boundary!
    549  f13a
    550  f13a				   .continuelastP1
    551  f13a		       85 1c		      sta	GRP1	;3
    552  f13c
    553  f13c					      ifnconst	player1colors
    554  f13c		       a5 87		      lda	missile1height	;3
    555  f13e		       c7 88		      dcp	missile1y	;5
    556  f140				  -	      else
    557  f140				  -	      lda	(player1color),y
    558  f140				  -	      sta	COLUP1
    559  f140					      endif
    560  f140
    561  f140		       ca		      dex
    562  f141							;dec temp4 ; might try putting this above PF writes
    563  f141		       f0 36		      beq	endkernel
    564  f143
    565  f143
    566  f143				  -	      ifconst	pfres
    567  f143				  -	      ldy.w	playfield+pfres*pfwidth-4
    568  f143				  -	      sty	PF1L	;3
    569  f143				  -	      ldy.w	playfield+pfres*pfwidth-3-pfadjust
    570  f143				  -	      sty	PF2L	;3
    571  f143				  -	      ldy.w	playfield+pfres*pfwidth-1
    572  f143				  -	      sty	PF1R	; possibly too early?
    573  f143				  -	      ldy.w	playfield+pfres*pfwidth-2-pfadjust
    574  f143				  -	      sty	PF2R	;3
    575  f143					      else
    576  f143		       ac d0 00 	      ldy.w	playfield-48+pfwidth*12+44
    577  f146		       84 0e		      sty	PF1L	;3
    578  f148		       ac d1 00 	      ldy.w	playfield-48+pfwidth*12+45-pfadjust
    579  f14b		       84 0f		      sty	PF2L	;3
    580  f14d		       ac d3 00 	      ldy.w	playfield-48+pfwidth*12+47
    581  f150		       84 0e		      sty	PF1R	; possibly too early?
    582  f152		       ac d2 00 	      ldy.w	playfield-48+pfwidth*12+46-pfadjust
    583  f155		       84 0f		      sty	PF2R	;3
    584  f157					      endif
    585  f157
    586  f157					      ifnconst	player1colors
    587  f157		       2a		      rol		;2
    588  f158		       2a		      rol		;2
    589  f159		       85 1e		      sta	ENAM1	;3
    590  f15b				  -	      else
    591  f15b				  -	      ifnconst	playercolors
    592  f15b				  -	      sleep	7
    593  f15b				  -	      else
    594  f15b				  -	      lda.w	player0colorstore
    595  f15b				  -	      sta	COLUP0
    596  f15b				  -	      endif
    597  f15b					      endif
    598  f15b
    599  f15b		       ad 8e 00 	      lda.w	player0height
    600  f15e		       c7 85		      dcp	player0y
    601  f160		       90 11		      bcc	.skipDrawlastP0
    602  f162		       a4 85		      ldy	player0y
    603  f164		       b1 8a		      lda	(player0pointer),y
    604  f166				   .continuelastP0
    605  f166		       85 1b		      sta	GRP0
    606  f168
    607  f168
    608  f168
    609  f168					      ifnconst	no_blank_lines
    610  f168		       a5 90		      lda	missile0height	;3
    611  f16a		       c7 91		      dcp	missile0y	;5
    612  f16c		       e5 f6		      sbc	stack1
    613  f16e		       85 1d		      sta	ENAM0	;3
    614  f170		       4c 13 f1 	      jmp	.endkerloop
    615  f173				  -	      else
    616  f173				  -	      ifconst	readpaddle
    617  f173				  -	      ldy	currentpaddle
    618  f173				  -	      lda	INPT0,y
    619  f173				  -	      bpl	noreadpaddle2
    620  f173				  -	      inc	paddle
    621  f173				  -	      jmp	.endkerloop
    622  f173				  -noreadpaddle2
    623  f173				  -	      sleep	4
    624  f173				  -	      jmp	.endkerloop
    625  f173				  -	      else		; no_blank_lines and no paddle reading
    626  f173				  -	      pla
    627  f173				  -	      pha		; 14 cycles in 4 bytes
    628  f173				  -	      pla
    629  f173				  -	      pha
    630  f173				  -			; sleep 14
    631  f173				  -	      jmp	.endkerloop
    632  f173				  -	      endif
    633  f173					      endif
    634  f173
    635  f173
    636  f173							; ifconst donepaddleskip
    637  f173							;paddleskipread
    638  f173							; this is kind of lame, since it requires 4 cycles from a page boundary crossing
    639  f173							; plus we get a lo-res paddle read
    640  f173							; bmi donepaddleskip
    641  f173							; endif
    642  f173
    643  f173				   .skipDrawlastP0
    644  f173		       a9 00		      lda	#0
    645  f175		       a8		      tay
    646  f176		       4c 66 f1 	      jmp	.continuelastP0
    647  f179
    648  f179				  -	      ifconst	no_blank_lines
    649  f179				  -no_blank_lines_bailout
    650  f179				  -	      ldx	#0
    651  f179					      endif
    652  f179
    653  f179				   endkernel
    654  f179							; 6 digit score routine
    655  f179		       86 0e		      stx	PF1
    656  f17b		       86 0f		      stx	PF2
    657  f17d		       86 0d		      stx	PF0
    658  f17f		       18		      clc
    659  f180
    660  f180				  -	      ifconst	pfrowheight
    661  f180				  -	      lda	#pfrowheight+2
    662  f180					      else
    663  f180					      ifnconst	pfres
    664  f180		       a9 0a		      lda	#10
    665  f182				  -	      else
    666  f182				  -	      lda	#(96/pfres)+2	; try to come close to the real size
    667  f182					      endif
    668  f182					      endif
    669  f182
    670  f182		       e5 ef		      sbc	playfieldpos
    671  f184		       85 ef		      sta	playfieldpos
    672  f186		       8a		      txa
    673  f187
    674  f187				  -	      ifconst	shakescreen
    675  f187				  -	      bit	shakescreen
    676  f187				  -	      bmi	noshakescreen2
    677  f187				  -	      ldx	#$3D
    678  f187				  -noshakescreen2
    679  f187					      endif
    680  f187
    681  f187		       95 02		      sta	WSYNC,x
    682  f189
    683  f189							; STA WSYNC ;first one, need one more
    684  f189		       85 0b		      sta	REFP0
    685  f18b		       85 0c		      sta	REFP1
    686  f18d		       85 1b		      STA	GRP0
    687  f18f		       85 1c		      STA	GRP1
    688  f191							; STA PF1
    689  f191							; STA PF2
    690  f191		       85 2b		      sta	HMCLR
    691  f193		       85 1d		      sta	ENAM0
    692  f195		       85 1e		      sta	ENAM1
    693  f197		       85 1f		      sta	ENABL
    694  f199
    695  f199		       a5 9d		      lda	temp2	;restore variables that were obliterated by kernel
    696  f19b		       85 85		      sta	player0y
    697  f19d		       a5 9e		      lda	temp3
    698  f19f		       85 86		      sta	player1y
    699  f1a1					      ifnconst	player1colors
    700  f1a1		       a5 a1		      lda	temp6
    701  f1a3		       85 88		      sta	missile1y
    702  f1a5					      endif
    703  f1a5					      ifnconst	playercolors
    704  f1a5					      ifnconst	readpaddle
    705  f1a5		       a5 a0		      lda	temp5
    706  f1a7		       85 91		      sta	missile0y
    707  f1a9					      endif
    708  f1a9					      endif
    709  f1a9		       a5 f7		      lda	stack2
    710  f1ab		       85 89		      sta	bally
    711  f1ad
    712  f1ad							; strangely, this isn't required any more. might have
    713  f1ad							; resulted from the no_blank_lines score bounce fix
    714  f1ad							;ifconst no_blank_lines
    715  f1ad							;sta WSYNC
    716  f1ad							;endif
    717  f1ad
    718  f1ad		       ad 84 02 	      lda	INTIM
    719  f1b0		       18		      clc
    720  f1b1					      ifnconst	vblank_time
    721  f1b1		       69 8e		      adc	#43+12+87
    722  f1b3				  -	      else
    723  f1b3				  -	      adc	#vblank_time+12+87
    724  f1b3				  -
    725  f1b3					      endif
    726  f1b3							; sta WSYNC
    727  f1b3		       8d 96 02 	      sta	TIM64T
    728  f1b6
    729  f1b6				  -	      ifconst	minikernel
    730  f1b6				  -	      jsr	minikernel
    731  f1b6					      endif
    732  f1b6
    733  f1b6							; now reassign temp vars for score pointers
    734  f1b6
    735  f1b6							; score pointers contain:
    736  f1b6							; score1-5: lo1,lo2,lo3,lo4,lo5,lo6
    737  f1b6							; swap lo2->temp1
    738  f1b6							; swap lo4->temp3
    739  f1b6							; swap lo6->temp5
    740  f1b6					      ifnconst	noscore
    741  f1b6		       a5 97		      lda	scorepointers+1
    742  f1b8							; ldy temp1
    743  f1b8		       85 9c		      sta	temp1
    744  f1ba							; sty scorepointers+1
    745  f1ba
    746  f1ba		       a5 99		      lda	scorepointers+3
    747  f1bc							; ldy temp3
    748  f1bc		       85 9e		      sta	temp3
    749  f1be							; sty scorepointers+3
    750  f1be
    751  f1be
    752  f1be		       85 2b		      sta	HMCLR
    753  f1c0		       ba		      tsx
    754  f1c1		       86 f6		      stx	stack1
    755  f1c3		       a2 e0		      ldx	#$E0
    756  f1c5		       86 20		      stx	HMP0
    757  f1c7
    758  f1c7		       a5 a3		      LDA	scorecolor
    759  f1c9		       85 06		      STA	COLUP0
    760  f1cb		       85 07		      STA	COLUP1
    761  f1cd					      ifconst	scorefade
    762  f1cd		       85 f7		      STA	stack2
    763  f1cf					      endif
    764  f1cf					      ifconst	pfscore
    765  f1cf		       a5 f4		      lda	pfscorecolor
    766  f1d1		       85 08		      sta	COLUPF
    767  f1d3					      endif
    768  f1d3		       85 02		      sta	WSYNC
    769  f1d5		       a2 00		      ldx	#0
    770  f1d7		       86 1b		      STx	GRP0
    771  f1d9		       86 1c		      STx	GRP1	; seems to be needed because of vdel
    772  f1db
    773  f1db		       a5 9b		      lda	scorepointers+5
    774  f1dd							; ldy temp5
    775  f1dd		       95 a0		      sta	temp5,x
    776  f1df							; sty scorepointers+5
    777  f1df		       a9 ff		      lda	#>scoretable
    778  f1e1		       85 97		      sta	scorepointers+1
    779  f1e3		       85 99		      sta	scorepointers+3
    780  f1e5		       85 9b		      sta	scorepointers+5
    781  f1e7		       85 9d		      sta	temp2
    782  f1e9		       85 9f		      sta	temp4
    783  f1eb		       85 a1		      sta	temp6
    784  f1ed		       a0 07		      LDY	#7
    785  f1ef		       84 25		      STY	VDELP0
    786  f1f1		       85 10		      STA	RESP0
    787  f1f3		       85 11		      STA	RESP1
    788  f1f5
    789  f1f5
    790  f1f5		       a9 03		      LDA	#$03
    791  f1f7		       85 04		      STA	NUSIZ0
    792  f1f9		       85 05		      STA	NUSIZ1
    793  f1fb		       85 26		      STA	VDELP1
    794  f1fd		       a9 f0		      LDA	#$F0
    795  f1ff		       85 21		      STA	HMP1
    796  f201		       b1 96		      lda	(scorepointers),y
    797  f203		       85 1b		      sta	GRP0
    798  f205		       85 2a		      STA	HMOVE	; cycle 73 ?
    799  f207		       4c 13 f2 	      jmp	beginscore
    800  f20a
    801  f20a
    802  f20a				  -	      if	((<*)>$d4)
    803  f20a				  -	      align	256	; kludge that potentially wastes space! should be fixed!
    804  f20a					      endif
    805  f20a
    806  f20a				   loop2
    807  f20a		       b1 96		      lda	(scorepointers),y	;+5 68 204
    808  f20c		       85 1b		      sta	GRP0	;+3 71 213 D1 -- -- --
    809  f20e					      ifconst	pfscore
    810  f20e		       ad f2 00 	      lda.w	pfscore1
    811  f211		       85 0e		      sta	PF1
    812  f213				  -	      else
    813  f213				  -	      ifconst	scorefade
    814  f213				  -	      sleep	2
    815  f213				  -	      dec	stack2	; decrement the temporary scorecolor
    816  f213				  -	      else
    817  f213				  -	      sleep	7
    818  f213				  -	      endif
    819  f213					      endif
    820  f213							; cycle 0
    821  f213				   beginscore
    822  f213		       b1 9e		      lda	(scorepointers+$8),y	;+5 5 15
    823  f215		       85 1c		      sta	GRP1	;+3 8 24 D1 D1 D2 --
    824  f217		       b1 9c		      lda	(scorepointers+$6),y	;+5 13 39
    825  f219		       85 1b		      sta	GRP0	;+3 16 48 D3 D1 D2 D2
    826  f21b		       b3 98		      lax	(scorepointers+$2),y	;+5 29 87
    827  f21d		       9a		      txs
    828  f21e		       b3 9a		      lax	(scorepointers+$4),y	;+5 36 108
    829  f220					      ifconst	scorefade
    830  f220		       a5 f7		      lda	stack2
    831  f222				  -	      else
    832  f222				  -	      sleep	3
    833  f222					      endif
    834  f222
    835  f222					      ifconst	pfscore
    836  f222		       a5 f3		      lda	pfscore2
    837  f224		       85 0e		      sta	PF1
    838  f226				  -	      else
    839  f226				  -	      ifconst	scorefade
    840  f226				  -	      sta	COLUP0
    841  f226				  -	      sta	COLUP1
    842  f226				  -	      else
    843  f226				  -	      sleep	6
    844  f226				  -	      endif
    845  f226					      endif
    846  f226
    847  f226		       b1 a0		      lda	(scorepointers+$A),y	;+5 21 63
    848  f228		       86 1c		      stx	GRP1	;+3 44 132 D3 D3 D4 D2!
    849  f22a		       ba		      tsx
    850  f22b		       86 1b		      stx	GRP0	;+3 47 141 D5 D3! D4 D4
    851  f22d		       85 1c		      sta	GRP1	;+3 50 150 D5 D5 D6 D4!
    852  f22f		       84 1b		      sty	GRP0	;+3 53 159 D4* D5! D6 D6
    853  f231		       88		      dey
    854  f232		       10 d6		      bpl	loop2	;+2 60 180
    855  f234
    856  f234		       a6 f6		      ldx	stack1
    857  f236		       9a		      txs
    858  f237							; lda scorepointers+1
    859  f237		       a4 9c		      ldy	temp1
    860  f239							; sta temp1
    861  f239		       84 97		      sty	scorepointers+1
    862  f23b
    863  f23b		       a9 00		      LDA	#0
    864  f23d		       85 0e		      sta	PF1
    865  f23f		       85 1b		      STA	GRP0
    866  f241		       85 1c		      STA	GRP1
    867  f243		       85 25		      STA	VDELP0
    868  f245		       85 26		      STA	VDELP1	;do we need these
    869  f247		       85 04		      STA	NUSIZ0
    870  f249		       85 05		      STA	NUSIZ1
    871  f24b
    872  f24b							; lda scorepointers+3
    873  f24b		       a4 9e		      ldy	temp3
    874  f24d							; sta temp3
    875  f24d		       84 99		      sty	scorepointers+3
    876  f24f
    877  f24f							; lda scorepointers+5
    878  f24f		       a4 a0		      ldy	temp5
    879  f251							; sta temp5
    880  f251		       84 9b		      sty	scorepointers+5
    881  f253					      endif		;noscore
    882  f253				  -	      ifconst	readpaddle
    883  f253				  -	      lda	#%11000010
    884  f253					      else
    885  f253				  -	      ifconst	qtcontroller
    886  f253				  -	      lda	qtcontroller
    887  f253				  -	      lsr		; bit 0 in carry
    888  f253				  -	      lda	#4
    889  f253				  -	      ror		; carry into top of A
    890  f253					      else
    891  f253		       a9 02		      lda	#2
    892  f255					      endif		; qtcontroller
    893  f255					      endif		; readpaddle
    894  f255		       85 02		      sta	WSYNC
    895  f257		       85 01		      sta	VBLANK
      0  f259					      RETURN
      1  f259					      ifnconst	bankswitch
      2  f259		       60		      rts
      3  f25a				  -	      else
      4  f25a				  -	      jmp	BS_return
      5  f25a					      endif
    897  f25a				  -	      ifconst	shakescreen
    898  f25a				  -doshakescreen
    899  f25a				  -	      bit	shakescreen
    900  f25a				  -	      bmi	noshakescreen
    901  f25a				  -	      sta	WSYNC
    902  f25a				  -noshakescreen
    903  f25a				  -	      ldx	missile0height
    904  f25a				  -	      inx
    905  f25a				  -	      rts
    906  f25a					      endif
    907  f25a
    908  f25a							; Provided under the CC0 license. See the included LICENSE.txt for details.
    909  f25a
    910  f25a							; playfield drawing routines
    911  f25a							; you get a 32x12 bitmapped display in a single color :)
    912  f25a							; 0-31 and 0-11
    913  f25a
    914  f25a				   pfclear		; clears playfield - or fill with pattern
    915  f25a				  -	      ifconst	pfres
    916  f25a				  -	      ldx	#pfres*pfwidth-1
    917  f25a					      else
    918  f25a		       a2 2f		      ldx	#47-(4-pfwidth)*12	; will this work?
    919  f25c					      endif
    920  f25c				   pfclear_loop
    921  f25c					      ifnconst	superchip
    922  f25c		       95 a4		      sta	playfield,x
    923  f25e				  -	      else
    924  f25e				  -	      sta	playfield-128,x
    925  f25e					      endif
    926  f25e		       ca		      dex
    927  f25f		       10 fb		      bpl	pfclear_loop
      0  f261					      RETURN
      1  f261					      ifnconst	bankswitch
      2  f261		       60		      rts
      3  f262				  -	      else
      4  f262				  -	      jmp	BS_return
      5  f262					      endif
    929  f262
    930  f262				   setuppointers
    931  f262		       86 9d		      stx	temp2	; store on.off.flip value
    932  f264		       aa		      tax		; put x-value in x 
    933  f265		       4a		      lsr
    934  f266		       4a		      lsr
    935  f267		       4a		      lsr		; divide x pos by 8 
    936  f268		       85 9c		      sta	temp1
    937  f26a		       98		      tya
    938  f26b		       0a		      asl
    939  f26c					      if	pfwidth=4
    940  f26c		       0a		      asl		; multiply y pos by 4
    941  f26d					      endif		; else multiply by 2
    942  f26d		       18		      clc
    943  f26e		       65 9c		      adc	temp1	; add them together to get actual memory location offset
    944  f270		       a8		      tay		; put the value in y
    945  f271		       a5 9d		      lda	temp2	; restore on.off.flip value
    946  f273		       60		      rts
    947  f274
    948  f274				   pfread
    949  f274							;x=xvalue, y=yvalue
    950  f274		       20 62 f2 	      jsr	setuppointers
    951  f277		       bd dc f2 	      lda	setbyte,x
    952  f27a		       39 a4 00 	      and	playfield,y
    953  f27d		       5d dc f2 	      eor	setbyte,x
    954  f280							; beq readzero
    955  f280							; lda #1
    956  f280							; readzero
      0  f280					      RETURN
      1  f280					      ifnconst	bankswitch
      2  f280		       60		      rts
      3  f281				  -	      else
      4  f281				  -	      jmp	BS_return
      5  f281					      endif
    958  f281
    959  f281				   pfpixel
    960  f281							;x=xvalue, y=yvalue, a=0,1,2
    961  f281		       20 62 f2 	      jsr	setuppointers
    962  f284
    963  f284				  -	      ifconst	bankswitch
    964  f284				  -	      lda	temp2	; load on.off.flip value (0,1, or 2)
    965  f284				  -	      beq	pixelon_r	; if "on" go to on
    966  f284				  -	      lsr
    967  f284				  -	      bcs	pixeloff_r	; value is 1 if true
    968  f284				  -	      lda	playfield,y	; if here, it's "flip"
    969  f284				  -	      eor	setbyte,x
    970  f284				  -	      ifconst	superchip
    971  f284				  -	      sta	playfield-128,y
    972  f284				  -	      else
    973  f284				  -	      sta	playfield,y
    974  f284				  -	      endif
    975  f284				  -	      RETURN
    976  f284				  -pixelon_r
    977  f284				  -	      lda	playfield,y
    978  f284				  -	      ora	setbyte,x
    979  f284				  -	      ifconst	superchip
    980  f284				  -	      sta	playfield-128,y
    981  f284				  -	      else
    982  f284				  -	      sta	playfield,y
    983  f284				  -	      endif
    984  f284				  -	      RETURN
    985  f284				  -pixeloff_r
    986  f284				  -	      lda	setbyte,x
    987  f284				  -	      eor	#$ff
    988  f284				  -	      and	playfield,y
    989  f284				  -	      ifconst	superchip
    990  f284				  -	      sta	playfield-128,y
    991  f284				  -	      else
    992  f284				  -	      sta	playfield,y
    993  f284				  -	      endif
    994  f284				  -	      RETURN
    995  f284				  -
    996  f284					      else
    997  f284		       4c b5 f2 	      jmp	plotpoint
    998  f287					      endif
    999  f287
   1000  f287				   pfhline
   1001  f287							;x=xvalue, y=yvalue, a=0,1,2, temp3=endx
   1002  f287		       20 62 f2 	      jsr	setuppointers
   1003  f28a		       4c 94 f2 	      jmp	noinc
   1004  f28d				   keepgoing
   1005  f28d		       e8		      inx
   1006  f28e		       8a		      txa
   1007  f28f		       29 07		      and	#7
   1008  f291		       d0 01		      bne	noinc
   1009  f293		       c8		      iny
   1010  f294				   noinc
   1011  f294		       20 b5 f2 	      jsr	plotpoint
   1012  f297		       e4 9e		      cpx	temp3
   1013  f299		       30 f2		      bmi	keepgoing
      0  f29b					      RETURN
      1  f29b					      ifnconst	bankswitch
      2  f29b		       60		      rts
      3  f29c				  -	      else
      4  f29c				  -	      jmp	BS_return
      5  f29c					      endif
   1015  f29c
   1016  f29c				   pfvline
   1017  f29c							;x=xvalue, y=yvalue, a=0,1,2, temp3=endx
   1018  f29c		       20 62 f2 	      jsr	setuppointers
   1019  f29f		       84 9c		      sty	temp1	; store memory location offset
   1020  f2a1		       e6 9e		      inc	temp3	; increase final x by 1 
   1021  f2a3		       a5 9e		      lda	temp3
   1022  f2a5		       0a		      asl
   1023  f2a6					      if	pfwidth=4
   1024  f2a6		       0a		      asl		; multiply by 4
   1025  f2a7					      endif		; else multiply by 2
   1026  f2a7		       85 9e		      sta	temp3	; store it
   1027  f2a9							; Thanks to Michael Rideout for fixing a bug in this code
   1028  f2a9							; right now, temp1=y=starting memory location, temp3=final
   1029  f2a9							; x should equal original x value
   1030  f2a9				   keepgoingy
   1031  f2a9		       20 b5 f2 	      jsr	plotpoint
   1032  f2ac		       c8		      iny
   1033  f2ad		       c8		      iny
   1034  f2ae					      if	pfwidth=4
   1035  f2ae		       c8		      iny
   1036  f2af		       c8		      iny
   1037  f2b0					      endif
   1038  f2b0		       c4 9e		      cpy	temp3
   1039  f2b2		       30 f5		      bmi	keepgoingy
      0  f2b4					      RETURN
      1  f2b4					      ifnconst	bankswitch
      2  f2b4		       60		      rts
      3  f2b5				  -	      else
      4  f2b5				  -	      jmp	BS_return
      5  f2b5					      endif
   1041  f2b5
   1042  f2b5				   plotpoint
   1043  f2b5		       a5 9d		      lda	temp2	; load on.off.flip value (0,1, or 2)
   1044  f2b7		       f0 0d		      beq	pixelon	; if "on" go to on
   1045  f2b9		       4a		      lsr
   1046  f2ba		       b0 14		      bcs	pixeloff	; value is 1 if true
   1047  f2bc		       b9 a4 00 	      lda	playfield,y	; if here, it's "flip"
   1048  f2bf		       5d dc f2 	      eor	setbyte,x
   1049  f2c2				  -	      ifconst	superchip
   1050  f2c2				  -	      sta	playfield-128,y
   1051  f2c2					      else
   1052  f2c2		       99 a4 00 	      sta	playfield,y
   1053  f2c5					      endif
   1054  f2c5		       60		      rts
   1055  f2c6				   pixelon
   1056  f2c6		       b9 a4 00 	      lda	playfield,y
   1057  f2c9		       1d dc f2 	      ora	setbyte,x
   1058  f2cc				  -	      ifconst	superchip
   1059  f2cc				  -	      sta	playfield-128,y
   1060  f2cc					      else
   1061  f2cc		       99 a4 00 	      sta	playfield,y
   1062  f2cf					      endif
   1063  f2cf		       60		      rts
   1064  f2d0				   pixeloff
   1065  f2d0		       bd dc f2 	      lda	setbyte,x
   1066  f2d3		       49 ff		      eor	#$ff
   1067  f2d5		       39 a4 00 	      and	playfield,y
   1068  f2d8				  -	      ifconst	superchip
   1069  f2d8				  -	      sta	playfield-128,y
   1070  f2d8					      else
   1071  f2d8		       99 a4 00 	      sta	playfield,y
   1072  f2db					      endif
   1073  f2db		       60		      rts
   1074  f2dc
   1075  f2dc				   setbyte
   1076  f2dc					      ifnconst	pfcenter
   1077  f2dc		       80		      .byte.b	$80
   1078  f2dd		       40		      .byte.b	$40
   1079  f2de		       20		      .byte.b	$20
   1080  f2df		       10		      .byte.b	$10
   1081  f2e0		       08		      .byte.b	$08
   1082  f2e1		       04		      .byte.b	$04
   1083  f2e2		       02		      .byte.b	$02
   1084  f2e3		       01		      .byte.b	$01
   1085  f2e4					      endif
   1086  f2e4		       01		      .byte.b	$01
   1087  f2e5		       02		      .byte.b	$02
   1088  f2e6		       04		      .byte.b	$04
   1089  f2e7		       08		      .byte.b	$08
   1090  f2e8		       10		      .byte.b	$10
   1091  f2e9		       20		      .byte.b	$20
   1092  f2ea		       40		      .byte.b	$40
   1093  f2eb		       80		      .byte.b	$80
   1094  f2ec		       80		      .byte.b	$80
   1095  f2ed		       40		      .byte.b	$40
   1096  f2ee		       20		      .byte.b	$20
   1097  f2ef		       10		      .byte.b	$10
   1098  f2f0		       08		      .byte.b	$08
   1099  f2f1		       04		      .byte.b	$04
   1100  f2f2		       02		      .byte.b	$02
   1101  f2f3		       01		      .byte.b	$01
   1102  f2f4		       01		      .byte.b	$01
   1103  f2f5		       02		      .byte.b	$02
   1104  f2f6		       04		      .byte.b	$04
   1105  f2f7		       08		      .byte.b	$08
   1106  f2f8		       10		      .byte.b	$10
   1107  f2f9		       20		      .byte.b	$20
   1108  f2fa		       40		      .byte.b	$40
   1109  f2fb		       80		      .byte.b	$80
   1110  f2fc							; Provided under the CC0 license. See the included LICENSE.txt for details.
   1111  f2fc
   1112  f2fc				   pfscroll		;(a=0 left, 1 right, 2 up, 4 down, 6=upup, 12=downdown)
   1113  f2fc		       d0 13		      bne	notleft
   1114  f2fe							;left
   1115  f2fe				  -	      ifconst	pfres
   1116  f2fe				  -	      ldx	#pfres*4
   1117  f2fe					      else
   1118  f2fe		       a2 30		      ldx	#48
   1119  f300					      endif
   1120  f300				   leftloop
   1121  f300		       b5 a3		      lda	playfield-1,x
   1122  f302		       4a		      lsr
   1123  f303
   1124  f303				  -	      ifconst	superchip
   1125  f303				  -	      lda	playfield-2,x
   1126  f303				  -	      rol
   1127  f303				  -	      sta	playfield-130,x
   1128  f303				  -	      lda	playfield-3,x
   1129  f303				  -	      ror
   1130  f303				  -	      sta	playfield-131,x
   1131  f303				  -	      lda	playfield-4,x
   1132  f303				  -	      rol
   1133  f303				  -	      sta	playfield-132,x
   1134  f303				  -	      lda	playfield-1,x
   1135  f303				  -	      ror
   1136  f303				  -	      sta	playfield-129,x
   1137  f303					      else
   1138  f303		       36 a2		      rol	playfield-2,x
   1139  f305		       76 a1		      ror	playfield-3,x
   1140  f307		       36 a0		      rol	playfield-4,x
   1141  f309		       76 a3		      ror	playfield-1,x
   1142  f30b					      endif
   1143  f30b
   1144  f30b		       8a		      txa
   1145  f30c		       cb 04		      sbx	#4
   1146  f30e		       d0 f0		      bne	leftloop
      0  f310					      RETURN
      1  f310					      ifnconst	bankswitch
      2  f310		       60		      rts
      3  f311				  -	      else
      4  f311				  -	      jmp	BS_return
      5  f311					      endif
   1148  f311
   1149  f311				   notleft
   1150  f311		       4a		      lsr
   1151  f312		       90 13		      bcc	notright
   1152  f314							;right
   1153  f314
   1154  f314				  -	      ifconst	pfres
   1155  f314				  -	      ldx	#pfres*4
   1156  f314					      else
   1157  f314		       a2 30		      ldx	#48
   1158  f316					      endif
   1159  f316				   rightloop
   1160  f316		       b5 a0		      lda	playfield-4,x
   1161  f318		       4a		      lsr
   1162  f319				  -	      ifconst	superchip
   1163  f319				  -	      lda	playfield-3,x
   1164  f319				  -	      rol
   1165  f319				  -	      sta	playfield-131,x
   1166  f319				  -	      lda	playfield-2,x
   1167  f319				  -	      ror
   1168  f319				  -	      sta	playfield-130,x
   1169  f319				  -	      lda	playfield-1,x
   1170  f319				  -	      rol
   1171  f319				  -	      sta	playfield-129,x
   1172  f319				  -	      lda	playfield-4,x
   1173  f319				  -	      ror
   1174  f319				  -	      sta	playfield-132,x
   1175  f319					      else
   1176  f319		       36 a1		      rol	playfield-3,x
   1177  f31b		       76 a2		      ror	playfield-2,x
   1178  f31d		       36 a3		      rol	playfield-1,x
   1179  f31f		       76 a0		      ror	playfield-4,x
   1180  f321					      endif
   1181  f321		       8a		      txa
   1182  f322		       cb 04		      sbx	#4
   1183  f324		       d0 f0		      bne	rightloop
      0  f326					      RETURN
      1  f326					      ifnconst	bankswitch
      2  f326		       60		      rts
      3  f327				  -	      else
      4  f327				  -	      jmp	BS_return
      5  f327					      endif
   1185  f327
   1186  f327				   notright
   1187  f327		       4a		      lsr
   1188  f328		       90 49		      bcc	notup
   1189  f32a							;up
   1190  f32a		       4a		      lsr
   1191  f32b		       90 02		      bcc	onedecup
   1192  f32d		       c6 ef		      dec	playfieldpos
   1193  f32f				   onedecup
   1194  f32f		       c6 ef		      dec	playfieldpos
   1195  f331		       f0 02		      beq	shiftdown
   1196  f333		       10 3d		      bpl	noshiftdown2
   1197  f335				   shiftdown
   1198  f335				  -	      ifconst	pfrowheight
   1199  f335				  -	      lda	#pfrowheight
   1200  f335					      else
   1201  f335					      ifnconst	pfres
   1202  f335		       a9 08		      lda	#8
   1203  f337				  -	      else
   1204  f337				  -	      lda	#(96/pfres)	; try to come close to the real size
   1205  f337					      endif
   1206  f337					      endif
   1207  f337
   1208  f337		       85 ef		      sta	playfieldpos
   1209  f339		       a5 a7		      lda	playfield+3
   1210  f33b		       85 9f		      sta	temp4
   1211  f33d		       a5 a6		      lda	playfield+2
   1212  f33f		       85 9e		      sta	temp3
   1213  f341		       a5 a5		      lda	playfield+1
   1214  f343		       85 9d		      sta	temp2
   1215  f345		       a5 a4		      lda	playfield
   1216  f347		       85 9c		      sta	temp1
   1217  f349		       a2 00		      ldx	#0
   1218  f34b				   up2
   1219  f34b		       b5 a8		      lda	playfield+4,x
   1220  f34d				  -	      ifconst	superchip
   1221  f34d				  -	      sta	playfield-128,x
   1222  f34d				  -	      lda	playfield+5,x
   1223  f34d				  -	      sta	playfield-127,x
   1224  f34d				  -	      lda	playfield+6,x
   1225  f34d				  -	      sta	playfield-126,x
   1226  f34d				  -	      lda	playfield+7,x
   1227  f34d				  -	      sta	playfield-125,x
   1228  f34d					      else
   1229  f34d		       95 a4		      sta	playfield,x
   1230  f34f		       b5 a9		      lda	playfield+5,x
   1231  f351		       95 a5		      sta	playfield+1,x
   1232  f353		       b5 aa		      lda	playfield+6,x
   1233  f355		       95 a6		      sta	playfield+2,x
   1234  f357		       b5 ab		      lda	playfield+7,x
   1235  f359		       95 a7		      sta	playfield+3,x
   1236  f35b					      endif
   1237  f35b		       8a		      txa
   1238  f35c		       cb fc		      sbx	#252
   1239  f35e				  -	      ifconst	pfres
   1240  f35e				  -	      cpx	#(pfres-1)*4
   1241  f35e					      else
   1242  f35e		       e0 2c		      cpx	#44
   1243  f360					      endif
   1244  f360		       d0 e9		      bne	up2
   1245  f362
   1246  f362		       a5 9f		      lda	temp4
   1247  f364
   1248  f364				  -	      ifconst	superchip
   1249  f364				  -	      ifconst	pfres
   1250  f364				  -	      sta	playfield+pfres*4-129
   1251  f364				  -	      lda	temp3
   1252  f364				  -	      sta	playfield+pfres*4-130
   1253  f364				  -	      lda	temp2
   1254  f364				  -	      sta	playfield+pfres*4-131
   1255  f364				  -	      lda	temp1
   1256  f364				  -	      sta	playfield+pfres*4-132
   1257  f364				  -	      else
   1258  f364				  -	      sta	playfield+47-128
   1259  f364				  -	      lda	temp3
   1260  f364				  -	      sta	playfield+46-128
   1261  f364				  -	      lda	temp2
   1262  f364				  -	      sta	playfield+45-128
   1263  f364				  -	      lda	temp1
   1264  f364				  -	      sta	playfield+44-128
   1265  f364				  -	      endif
   1266  f364					      else
   1267  f364				  -	      ifconst	pfres
   1268  f364				  -	      sta	playfield+pfres*4-1
   1269  f364				  -	      lda	temp3
   1270  f364				  -	      sta	playfield+pfres*4-2
   1271  f364				  -	      lda	temp2
   1272  f364				  -	      sta	playfield+pfres*4-3
   1273  f364				  -	      lda	temp1
   1274  f364				  -	      sta	playfield+pfres*4-4
   1275  f364					      else
   1276  f364		       85 d3		      sta	playfield+47
   1277  f366		       a5 9e		      lda	temp3
   1278  f368		       85 d2		      sta	playfield+46
   1279  f36a		       a5 9d		      lda	temp2
   1280  f36c		       85 d1		      sta	playfield+45
   1281  f36e		       a5 9c		      lda	temp1
   1282  f370		       85 d0		      sta	playfield+44
   1283  f372					      endif
   1284  f372					      endif
   1285  f372				   noshiftdown2
      0  f372					      RETURN
      1  f372					      ifnconst	bankswitch
      2  f372		       60		      rts
      3  f373				  -	      else
      4  f373				  -	      jmp	BS_return
      5  f373					      endif
   1287  f373
   1288  f373
   1289  f373				   notup
   1290  f373							;down
   1291  f373		       4a		      lsr
   1292  f374		       b0 02		      bcs	oneincup
   1293  f376		       e6 ef		      inc	playfieldpos
   1294  f378				   oneincup
   1295  f378		       e6 ef		      inc	playfieldpos
   1296  f37a		       a5 ef		      lda	playfieldpos
   1297  f37c
   1298  f37c				  -	      ifconst	pfrowheight
   1299  f37c				  -	      cmp	#pfrowheight+1
   1300  f37c					      else
   1301  f37c					      ifnconst	pfres
   1302  f37c		       c9 09		      cmp	#9
   1303  f37e				  -	      else
   1304  f37e				  -	      cmp	#(96/pfres)+1	; try to come close to the real size
   1305  f37e					      endif
   1306  f37e					      endif
   1307  f37e
   1308  f37e		       90 3b		      bcc	noshiftdown
   1309  f380		       a9 01		      lda	#1
   1310  f382		       85 ef		      sta	playfieldpos
   1311  f384
   1312  f384				  -	      ifconst	pfres
   1313  f384				  -	      lda	playfield+pfres*4-1
   1314  f384				  -	      sta	temp4
   1315  f384				  -	      lda	playfield+pfres*4-2
   1316  f384				  -	      sta	temp3
   1317  f384				  -	      lda	playfield+pfres*4-3
   1318  f384				  -	      sta	temp2
   1319  f384				  -	      lda	playfield+pfres*4-4
   1320  f384					      else
   1321  f384		       a5 d3		      lda	playfield+47
   1322  f386		       85 9f		      sta	temp4
   1323  f388		       a5 d2		      lda	playfield+46
   1324  f38a		       85 9e		      sta	temp3
   1325  f38c		       a5 d1		      lda	playfield+45
   1326  f38e		       85 9d		      sta	temp2
   1327  f390		       a5 d0		      lda	playfield+44
   1328  f392					      endif
   1329  f392
   1330  f392		       85 9c		      sta	temp1
   1331  f394
   1332  f394				  -	      ifconst	pfres
   1333  f394				  -	      ldx	#(pfres-1)*4
   1334  f394					      else
   1335  f394		       a2 2c		      ldx	#44
   1336  f396					      endif
   1337  f396				   down2
   1338  f396		       b5 a3		      lda	playfield-1,x
   1339  f398				  -	      ifconst	superchip
   1340  f398				  -	      sta	playfield-125,x
   1341  f398				  -	      lda	playfield-2,x
   1342  f398				  -	      sta	playfield-126,x
   1343  f398				  -	      lda	playfield-3,x
   1344  f398				  -	      sta	playfield-127,x
   1345  f398				  -	      lda	playfield-4,x
   1346  f398				  -	      sta	playfield-128,x
   1347  f398					      else
   1348  f398		       95 a7		      sta	playfield+3,x
   1349  f39a		       b5 a2		      lda	playfield-2,x
   1350  f39c		       95 a6		      sta	playfield+2,x
   1351  f39e		       b5 a1		      lda	playfield-3,x
   1352  f3a0		       95 a5		      sta	playfield+1,x
   1353  f3a2		       b5 a0		      lda	playfield-4,x
   1354  f3a4		       95 a4		      sta	playfield,x
   1355  f3a6					      endif
   1356  f3a6		       8a		      txa
   1357  f3a7		       cb 04		      sbx	#4
   1358  f3a9		       d0 eb		      bne	down2
   1359  f3ab
   1360  f3ab		       a5 9f		      lda	temp4
   1361  f3ad				  -	      ifconst	superchip
   1362  f3ad				  -	      sta	playfield-125
   1363  f3ad				  -	      lda	temp3
   1364  f3ad				  -	      sta	playfield-126
   1365  f3ad				  -	      lda	temp2
   1366  f3ad				  -	      sta	playfield-127
   1367  f3ad				  -	      lda	temp1
   1368  f3ad				  -	      sta	playfield-128
   1369  f3ad					      else
   1370  f3ad		       85 a7		      sta	playfield+3
   1371  f3af		       a5 9e		      lda	temp3
   1372  f3b1		       85 a6		      sta	playfield+2
   1373  f3b3		       a5 9d		      lda	temp2
   1374  f3b5		       85 a5		      sta	playfield+1
   1375  f3b7		       a5 9c		      lda	temp1
   1376  f3b9		       85 a4		      sta	playfield
   1377  f3bb					      endif
   1378  f3bb				   noshiftdown
      0  f3bb					      RETURN
      1  f3bb					      ifnconst	bankswitch
      2  f3bb		       60		      rts
      3  f3bc				  -	      else
      4  f3bc				  -	      jmp	BS_return
      5  f3bc					      endif
   1380  f3bc							; Provided under the CC0 license. See the included LICENSE.txt for details.
   1381  f3bc
   1382  f3bc							;standard routines needed for pretty much all games
   1383  f3bc							; just the random number generator is left - maybe we should remove this asm file altogether?
   1384  f3bc							; repositioning code and score pointer setup moved to overscan
   1385  f3bc							; read switches, joysticks now compiler generated (more efficient)
   1386  f3bc
   1387  f3bc				   randomize
   1388  f3bc		       a5 a2		      lda	rand
   1389  f3be		       4a		      lsr
   1390  f3bf				  -	      ifconst	rand16
   1391  f3bf				  -	      rol	rand16
   1392  f3bf					      endif
   1393  f3bf		       90 02		      bcc	noeor
   1394  f3c1		       49 b4		      eor	#$B4
   1395  f3c3				   noeor
   1396  f3c3		       85 a2		      sta	rand
   1397  f3c5				  -	      ifconst	rand16
   1398  f3c5				  -	      eor	rand16
   1399  f3c5					      endif
      0  f3c5					      RETURN
      1  f3c5					      ifnconst	bankswitch
      2  f3c5		       60		      rts
      3  f3c6				  -	      else
      4  f3c6				  -	      jmp	BS_return
      5  f3c6					      endif
   1401  f3c6							; Provided under the CC0 license. See the included LICENSE.txt for details.
   1402  f3c6
   1403  f3c6				   drawscreen
   1404  f3c6				  -	      ifconst	debugscore
   1405  f3c6				  -	      ldx	#14
   1406  f3c6				  -	      lda	INTIM	; display # cycles left in the score
   1407  f3c6				  -
   1408  f3c6				  -	      ifconst	mincycles
   1409  f3c6				  -	      lda	mincycles
   1410  f3c6				  -	      cmp	INTIM
   1411  f3c6				  -	      lda	mincycles
   1412  f3c6				  -	      bcc	nochange
   1413  f3c6				  -	      lda	INTIM
   1414  f3c6				  -	      sta	mincycles
   1415  f3c6				  -nochange
   1416  f3c6				  -	      endif
   1417  f3c6				  -
   1418  f3c6				  -			; cmp #$2B
   1419  f3c6				  -			; bcs no_cycles_left
   1420  f3c6				  -	      bmi	cycles_left
   1421  f3c6				  -	      ldx	#64
   1422  f3c6				  -	      eor	#$ff	;make negative
   1423  f3c6				  -cycles_left
   1424  f3c6				  -	      stx	scorecolor
   1425  f3c6				  -	      and	#$7f	; clear sign bit
   1426  f3c6				  -	      tax
   1427  f3c6				  -	      lda	scorebcd,x
   1428  f3c6				  -	      sta	score+2
   1429  f3c6				  -	      lda	scorebcd1,x
   1430  f3c6				  -	      sta	score+1
   1431  f3c6				  -	      jmp	done_debugscore
   1432  f3c6				  -scorebcd
   1433  f3c6				  -	      .byte	$00, $64, $28, $92, $56, $20, $84, $48, $12, $76, $40
   1434  f3c6				  -	      .byte	$04, $68, $32, $96, $60, $24, $88, $52, $16, $80, $44
   1435  f3c6				  -	      .byte	$08, $72, $36, $00, $64, $28, $92, $56, $20, $84, $48
   1436  f3c6				  -	      .byte	$12, $76, $40, $04, $68, $32, $96, $60, $24, $88
   1437  f3c6				  -scorebcd1
   1438  f3c6				  -	      .byte	0, 0, 1, 1, 2, 3, 3, 4, 5, 5, 6
   1439  f3c6				  -	      .byte	7, 7, 8, 8, 9, $10, $10, $11, $12, $12, $13
   1440  f3c6				  -	      .byte	$14, $14, $15, $16, $16, $17, $17, $18, $19, $19, $20
   1441  f3c6				  -	      .byte	$21, $21, $22, $23, $23, $24, $24, $25, $26, $26
   1442  f3c6				  -done_debugscore
   1443  f3c6					      endif
   1444  f3c6
   1445  f3c6				  -	      ifconst	debugcycles
   1446  f3c6				  -	      lda	INTIM	; if we go over, it mucks up the background color
   1447  f3c6				  -			; cmp #$2B
   1448  f3c6				  -			; BCC overscan
   1449  f3c6				  -	      bmi	overscan
   1450  f3c6				  -	      sta	COLUBK
   1451  f3c6				  -	      bcs	doneoverscan
   1452  f3c6					      endif
   1453  f3c6
   1454  f3c6				   overscan
   1455  f3c6				  -	      ifconst	interlaced
   1456  f3c6				  -	      PHP
   1457  f3c6				  -	      PLA
   1458  f3c6				  -	      EOR	#4	; flip interrupt bit
   1459  f3c6				  -	      PHA
   1460  f3c6				  -	      PLP
   1461  f3c6				  -	      AND	#4	; isolate the interrupt bit
   1462  f3c6				  -	      TAX		; save it for later
   1463  f3c6					      endif
   1464  f3c6
   1465  f3c6				   overscanloop
   1466  f3c6		       ad 84 02 	      lda	INTIM	;wait for sync
   1467  f3c9		       30 fb		      bmi	overscanloop
   1468  f3cb				   doneoverscan
   1469  f3cb
   1470  f3cb							;do VSYNC
   1471  f3cb
   1472  f3cb				  -	      ifconst	interlaced
   1473  f3cb				  -	      CPX	#4
   1474  f3cb				  -	      BNE	oddframevsync
   1475  f3cb					      endif
   1476  f3cb
   1477  f3cb		       a9 02		      lda	#2
   1478  f3cd		       85 02		      sta	WSYNC
   1479  f3cf		       85 00		      sta	VSYNC
   1480  f3d1		       85 02		      STA	WSYNC
   1481  f3d3		       85 02		      STA	WSYNC
   1482  f3d5		       4a		      lsr
   1483  f3d6		       85 02		      STA	WSYNC
   1484  f3d8		       85 00		      STA	VSYNC
   1485  f3da		       85 01		      sta	VBLANK
   1486  f3dc					      ifnconst	overscan_time
   1487  f3dc		       a9 a5		      lda	#37+128
   1488  f3de				  -	      else
   1489  f3de				  -	      lda	#overscan_time+128
   1490  f3de					      endif
   1491  f3de		       8d 96 02 	      sta	TIM64T
   1492  f3e1
   1493  f3e1				  -	      ifconst	interlaced
   1494  f3e1				  -	      jmp	postsync
   1495  f3e1				  -
   1496  f3e1				  -oddframevsync
   1497  f3e1				  -	      sta	WSYNC
   1498  f3e1				  -
   1499  f3e1				  -	      LDA	($80,X)	; 11 waste
   1500  f3e1				  -	      LDA	($80,X)	; 11 waste
   1501  f3e1				  -	      LDA	($80,X)	; 11 waste
   1502  f3e1				  -
   1503  f3e1				  -	      lda	#2
   1504  f3e1				  -	      sta	VSYNC
   1505  f3e1				  -	      sta	WSYNC
   1506  f3e1				  -	      sta	WSYNC
   1507  f3e1				  -	      sta	WSYNC
   1508  f3e1				  -
   1509  f3e1				  -	      LDA	($80,X)	; 11 waste
   1510  f3e1				  -	      LDA	($80,X)	; 11 waste
   1511  f3e1				  -	      LDA	($80,X)	; 11 waste
   1512  f3e1				  -
   1513  f3e1				  -	      lda	#0
   1514  f3e1				  -	      sta	VSYNC
   1515  f3e1				  -	      sta	VBLANK
   1516  f3e1				  -	      ifnconst	overscan_time
   1517  f3e1				  -	      lda	#37+128
   1518  f3e1				  -	      else
   1519  f3e1				  -	      lda	#overscan_time+128
   1520  f3e1				  -	      endif
   1521  f3e1				  -	      sta	TIM64T
   1522  f3e1				  -
   1523  f3e1				  -postsync
   1524  f3e1					      endif
   1525  f3e1
   1526  f3e1				  -	      ifconst	legacy
   1527  f3e1				  -	      if	legacy < 100
   1528  f3e1				  -	      ldx	#4
   1529  f3e1				  -adjustloop
   1530  f3e1				  -	      lda	player0x,x
   1531  f3e1				  -	      sec
   1532  f3e1				  -	      sbc	#14	;?
   1533  f3e1				  -	      sta	player0x,x
   1534  f3e1				  -	      dex
   1535  f3e1				  -	      bpl	adjustloop
   1536  f3e1				  -	      endif
   1537  f3e1					      endif
   1538  f3e1				  -	      if	((<*)>$e9)&&((<*)<$fa)
   1539  f3e1				  -	      repeat	($fa-(<*))
   1540  f3e1				  -	      nop
   1541  f3e1				  -	      repend
   1542  f3e1					      endif
   1543  f3e1		       85 02		      sta	WSYNC
   1544  f3e3		       a2 04		      ldx	#4
      0  f3e5					      SLEEP	3
      1  f3e5				   .CYCLES    SET	3
      2  f3e5
      3  f3e5				  -	      IF	.CYCLES < 2
      4  f3e5				  -	      ECHO	"MACRO ERROR: 'SLEEP': Duration must be > 1"
      5  f3e5				  -	      ERR
      6  f3e5					      ENDIF
      7  f3e5
      8  f3e5					      IF	.CYCLES & 1
      9  f3e5					      IFNCONST	NO_ILLEGAL_OPCODES
     10  f3e5		       04 00		      nop	0
     11  f3e7				  -	      ELSE
     12  f3e7				  -	      bit	VSYNC
     13  f3e7					      ENDIF
     14  f3e7				   .CYCLES    SET	.CYCLES - 3
     15  f3e7					      ENDIF
     16  f3e7
     17  f3e7				  -	      REPEAT	.CYCLES / 2
     18  f3e7				  -	      nop
     19  f3e7					      REPEND
   1546  f3e7				   HorPosLoop		; 5
   1547  f3e7		       b5 80		      lda	player0x,X	;+4 9
   1548  f3e9		       38		      sec		;+2 11
   1549  f3ea				   DivideLoop
   1550  f3ea		       e9 0f		      sbc	#15
   1551  f3ec		       b0 fc		      bcs	DivideLoop	;+4 15
   1552  f3ee		       95 9c		      sta	temp1,X	;+4 19
   1553  f3f0		       95 10		      sta	RESP0,X	;+4 23
   1554  f3f2		       85 02		      sta	WSYNC
   1555  f3f4		       ca		      dex
   1556  f3f5		       10 f0		      bpl	HorPosLoop	;+5 5
   1557  f3f7							; 4
   1558  f3f7
   1559  f3f7		       a2 04		      ldx	#4
   1560  f3f9		       b4 9c		      ldy	temp1,X
   1561  f3fb		       b9 57 f3 	      lda	repostable-256,Y
   1562  f3fe		       95 20		      sta	HMP0,X	;+14 18
   1563  f400
   1564  f400		       ca		      dex
   1565  f401		       b4 9c		      ldy	temp1,X
   1566  f403		       b9 57 f3 	      lda	repostable-256,Y
   1567  f406		       95 20		      sta	HMP0,X	;+14 32
   1568  f408
   1569  f408		       ca		      dex
   1570  f409		       b4 9c		      ldy	temp1,X
   1571  f40b		       b9 57 f3 	      lda	repostable-256,Y
   1572  f40e		       95 20		      sta	HMP0,X	;+14 46
   1573  f410
   1574  f410		       ca		      dex
   1575  f411		       b4 9c		      ldy	temp1,X
   1576  f413		       b9 57 f3 	      lda	repostable-256,Y
   1577  f416		       95 20		      sta	HMP0,X	;+14 60
   1578  f418
   1579  f418		       ca		      dex
   1580  f419		       b4 9c		      ldy	temp1,X
   1581  f41b		       b9 57 f3 	      lda	repostable-256,Y
   1582  f41e		       95 20		      sta	HMP0,X	;+14 74
   1583  f420
   1584  f420		       85 02		      sta	WSYNC
   1585  f422
   1586  f422		       85 2a		      sta	HMOVE	;+3 3
   1587  f424
   1588  f424
   1589  f424				  -	      ifconst	legacy
   1590  f424				  -	      if	legacy < 100
   1591  f424				  -	      ldx	#4
   1592  f424				  -adjustloop2
   1593  f424				  -	      lda	player0x,x
   1594  f424				  -	      clc
   1595  f424				  -	      adc	#14	;?
   1596  f424				  -	      sta	player0x,x
   1597  f424				  -	      dex
   1598  f424				  -	      bpl	adjustloop2
   1599  f424				  -	      endif
   1600  f424					      endif
   1601  f424
   1602  f424
   1603  f424
   1604  f424
   1605  f424							;set score pointers
   1606  f424		       a7 95		      lax	score+2
   1607  f426		       20 57 f4 	      jsr	scorepointerset
   1608  f429		       84 9b		      sty	scorepointers+5
   1609  f42b		       86 98		      stx	scorepointers+2
   1610  f42d		       a7 94		      lax	score+1
   1611  f42f		       20 57 f4 	      jsr	scorepointerset
   1612  f432		       84 9a		      sty	scorepointers+4
   1613  f434		       86 97		      stx	scorepointers+1
   1614  f436		       a7 93		      lax	score
   1615  f438		       20 57 f4 	      jsr	scorepointerset
   1616  f43b		       84 99		      sty	scorepointers+3
   1617  f43d		       86 96		      stx	scorepointers
   1618  f43f
   1619  f43f				   vblk
   1620  f43f							; run possible vblank bB code
   1621  f43f				  -	      ifconst	vblank_bB_code
   1622  f43f				  -	      jsr	vblank_bB_code
   1623  f43f					      endif
   1624  f43f				   vblk2
   1625  f43f		       ad 84 02 	      LDA	INTIM
   1626  f442		       30 fb		      bmi	vblk2
   1627  f444		       4c 34 f0 	      jmp	kernel
   1628  f447
   1629  f447
   1630  f447		       80 70 60 50*	      .byte.b	$80,$70,$60,$50,$40,$30,$20,$10,$00
   1631  f450		       f0 e0 d0 c0*	      .byte.b	$F0,$E0,$D0,$C0,$B0,$A0,$90
   1632  f457				   repostable
   1633  f457
   1634  f457				   scorepointerset
   1635  f457		       29 0f		      and	#$0F
   1636  f459		       0a		      asl
   1637  f45a		       0a		      asl
   1638  f45b		       0a		      asl
   1639  f45c		       69 9c		      adc	#<scoretable
   1640  f45e		       a8		      tay
   1641  f45f		       8a		      txa
   1642  f460							; and #$F0
   1643  f460							; lsr
   1644  f460		       4b f0		      asr	#$F0
   1645  f462		       69 9c		      adc	#<scoretable
   1646  f464		       aa		      tax
   1647  f465		       60		      rts
   1648  f466				   game
   1649  f466				   .
   1650  f466							; 
   1651  f466
   1652  f466				   .
   1653  f466							; 
   1654  f466
   1655  f466				   .
   1656  f466							; 
   1657  f466
   1658  f466				   .
   1659  f466							; 
   1660  f466
   1661  f466				   .
   1662  f466							; 
   1663  f466
   1664  f466				   .
   1665  f466							; 
   1666  f466
   1667  f466				   .
   1668  f466							; 
   1669  f466
   1670  f466				   .
   1671  f466							; 
   1672  f466
   1673  f466				   .
   1674  f466							; 
   1675  f466
   1676  f466				   .
   1677  f466							; 
   1678  f466
   1679  f466				   .L00 		;  set kernel_options pfcolors
   1680  f466
   1681  f466				   .L01 		;  set romsize 4k
   1682  f466
   1683  f466				   .L02 		;  set pal
   1684  f466
   1685  f466				   .
   1686  f466							; 
   1687  f466
   1688  f466				   .
   1689  f466							; 
   1690  f466
   1691  f466				   .
   1692  f466							; 
   1693  f466
   1694  f466				   .
   1695  f466							; 
   1696  f466
   1697  f466				   .
   1698  f466							; 
   1699  f466
   1700  f466				   .
   1701  f466							; 
   1702  f466
   1703  f466				   .
   1704  f466							; 
   1705  f466
   1706  f466				   .
   1707  f466							; 
   1708  f466
   1709  f466				   .
   1710  f466							; 
   1711  f466
   1712  f466				   .
   1713  f466							; 
   1714  f466
   1715  f466				   .
   1716  f466							; 
   1717  f466
   1718  f466				   .
   1719  f466							; 
   1720  f466
   1721  f466				   .
   1722  f466							; 
   1723  f466
   1724  f466				   .
   1725  f466							; 
   1726  f466
   1727  f466				   .L03 		;  const pfscore  =  1
   1728  f466
   1729  f466				   .L04 		;  const scorefade  =	1
   1730  f466
   1731  f466				   .
   1732  f466							; 
   1733  f466
   1734  f466				   .
   1735  f466							; 
   1736  f466
   1737  f466				   .
   1738  f466							; 
   1739  f466
   1740  f466				   .L05 		;  const _P_Edge_Top  =  8
   1741  f466
   1742  f466				   .L06 		;  const _Edge_Bottom	=  88
   1743  f466
   1744  f466				   .L07 		;  const _P_Edge_Left	=  10
   1745  f466
   1746  f466				   .L08 		;  const _Edge_Right  =  145
   1747  f466
   1748  f466				   .
   1749  f466							; 
   1750  f466
   1751  f466				   .L09 		;  const _M_Edge_Top  =  2
   1752  f466
   1753  f466				   .L010		;  const _M_Edge_Left	=  2
   1754  f466
   1755  f466				   .
   1756  f466							; 
   1757  f466
   1758  f466				   .
   1759  f466							; 
   1760  f466
   1761  f466				   .L011		;  const _base_color  =  $16
   1762  f466
   1763  f466				   .L012		;  const _P0_color  =	$2C
   1764  f466
   1765  f466				   .L013		;  const _P1_color  =	$30
   1766  f466
   1767  f466				   .
   1768  f466							; 
   1769  f466
   1770  f466				   .L014		;  const frame_limit  =  54
   1771  f466
   1772  f466				   .
   1773  f466							; 
   1774  f466
   1775  f466				   .
   1776  f466							; 
   1777  f466
   1778  f466				   .
   1779  f466							; 
   1780  f466
   1781  f466				   .
   1782  f466							; 
   1783  f466
   1784  f466				   .
   1785  f466							; 
   1786  f466
   1787  f466				   .
   1788  f466							; 
   1789  f466
   1790  f466				   .
   1791  f466							; 
   1792  f466
   1793  f466				   .
   1794  f466							; 
   1795  f466
   1796  f466				   .
   1797  f466							; 
   1798  f466
   1799  f466				   .
   1800  f466							; 
   1801  f466
   1802  f466				   .
   1803  f466							; 
   1804  f466
   1805  f466				   .
   1806  f466							; 
   1807  f466
   1808  f466				   .
   1809  f466							; 
   1810  f466
   1811  f466				   .
   1812  f466							; 
   1813  f466
   1814  f466				   .
   1815  f466							; 
   1816  f466
   1817  f466				   .
   1818  f466							; 
   1819  f466
   1820  f466				   .L015		;  dim _level	=  b
   1821  f466
   1822  f466				   .L016		;  dim _current_object_level  =  n
   1823  f466
   1824  f466				   .L017		;  dim frame_counter  =  c
   1825  f466
   1826  f466				   .L018		;  dim seconds_counter  =  d
   1827  f466
   1828  f466				   .
   1829  f466							; 
   1830  f466
   1831  f466				   .
   1832  f466							; 
   1833  f466
   1834  f466				   .
   1835  f466							; 
   1836  f466
   1837  f466				   .L019		;  dim sugar_count  =	t
   1838  f466
   1839  f466				   .L020		;  dim _current_sugar_x  =  v
   1840  f466
   1841  f466				   .L021		;  dim _current_sugar_y  =  z
   1842  f466
   1843  f466				   .
   1844  f466							; 
   1845  f466
   1846  f466				   .L022		;  dim _velocita  =  g
   1847  f466
   1848  f466				   .
   1849  f466							; 
   1850  f466
   1851  f466				   .L023		;  dim shoot  =  l
   1852  f466
   1853  f466				   .L024		;  dim _current_lamp  =  w
   1854  f466
   1855  f466				   .
   1856  f466							; 
   1857  f466
   1858  f466				   .
   1859  f466							; 
   1860  f466
   1861  f466				   .L025		;  dim _b0_gameStart  =  k
   1862  f466
   1863  f466				   .L026		;  dim _b4_gameLight  =  k
   1864  f466
   1865  f466				   .L027		;  dim _b5_palyer1Enable  =  k
   1866  f466
   1867  f466				   .L028		;  dim _b6_palyerslowMotion  =  k
   1868  f466
   1869  f466				   .L029		;  dim _b7_gameMissile0Moving	=  k
   1870  f466
   1871  f466				   .
   1872  f466							; 
   1873  f466
   1874  f466				   .
   1875  f466							; 
   1876  f466
   1877  f466				   .L030		;  dim _BitOp_P0_M0_Dir  =  p
   1878  f466
   1879  f466				   .
   1880  f466							; 
   1881  f466
   1882  f466				   .
   1883  f466							; 
   1884  f466
   1885  f466				   .L031		;  dim _Bit0_P0_Dir_Up  =  p
   1886  f466
   1887  f466				   .L032		;  dim _Bit1_P0_Dir_Down  =  p
   1888  f466
   1889  f466				   .L033		;  dim _Bit2_P0_Dir_Left  =  p
   1890  f466
   1891  f466				   .L034		;  dim _Bit3_P0_Dir_Right  =  p
   1892  f466
   1893  f466				   .
   1894  f466							; 
   1895  f466
   1896  f466				   .
   1897  f466							; 
   1898  f466
   1899  f466				   .L035		;  dim _Bit4_M0_Dir_Up  =  p
   1900  f466
   1901  f466				   .L036		;  dim _Bit5_M0_Dir_Down  =  p
   1902  f466
   1903  f466				   .L037		;  dim _Bit6_M0_Dir_Left  =  p
   1904  f466
   1905  f466				   .L038		;  dim _Bit7_M0_Dir_Right  =  p
   1906  f466
   1907  f466				   .
   1908  f466							; 
   1909  f466
   1910  f466				   .
   1911  f466							; 
   1912  f466
   1913  f466				   .L039		;  dim lancio_timer  =  s
   1914  f466
   1915  f466				   .L040		;  dim lancio_trigger	=  r
   1916  f466
   1917  f466				   .
   1918  f466							; 
   1919  f466
   1920  f466				   .__inizialize
   1921  f466							; __inizialize
   1922  f466
   1923  f466				   .
   1924  f466							; 
   1925  f466
   1926  f466				   .
   1927  f466							; 
   1928  f466
   1929  f466				   .
   1930  f466							; 
   1931  f466
   1932  f466				   .
   1933  f466							; 
   1934  f466
   1935  f466				   .
   1936  f466							; 
   1937  f466
   1938  f466				   .
   1939  f466							; 
   1940  f466
   1941  f466				   .
   1942  f466							; 
   1943  f466
   1944  f466				   .
   1945  f466							; 
   1946  f466
   1947  f466				   .
   1948  f466							; 
   1949  f466
   1950  f466				   .
   1951  f466							; 
   1952  f466
   1953  f466				   .
   1954  f466							; 
   1955  f466
   1956  f466				   .
   1957  f466							; 
   1958  f466
   1959  f466				   .
   1960  f466							; 
   1961  f466
   1962  f466				   .
   1963  f466							; 
   1964  f466
   1965  f466				   .L041		;  REFP0  =  0
   1966  f466
   1967  f466		       a9 00		      LDA	#0
   1968  f468		       85 0b		      STA	REFP0
   1969  f46a				   .
   1970  f46a							; 
   1971  f46a
   1972  f46a				   .L042		;  a  =  0  :	b  =  0  :  c  =  0  :	d  =  0  :  e  =  0  :	f  =  0  :  g  =  3  :	h  =  3  :  i  =  0
   1973  f46a
   1974  f46a		       a9 00		      LDA	#0
   1975  f46c		       85 d4		      STA	a
   1976  f46e		       85 d5		      STA	b
   1977  f470		       85 d6		      STA	c
   1978  f472		       85 d7		      STA	d
   1979  f474		       85 d8		      STA	e
   1980  f476		       85 d9		      STA	f
   1981  f478		       a9 03		      LDA	#3
   1982  f47a		       85 da		      STA	g
   1983  f47c		       85 db		      STA	h
   1984  f47e		       a9 00		      LDA	#0
   1985  f480		       85 dc		      STA	i
   1986  f482				   .L043		;  j  =  0  :	k  =  0  :  l  =  0  :	m  =  0  :  n  =  0  :	o  =  0  :  p  =  0  :	q  =  0  :  r  =  0
   1987  f482
   1988  f482		       a9 00		      LDA	#0
   1989  f484		       85 dd		      STA	j
   1990  f486		       85 de		      STA	k
   1991  f488		       85 df		      STA	l
   1992  f48a		       85 e0		      STA	m
   1993  f48c		       85 e1		      STA	n
   1994  f48e		       85 e2		      STA	o
   1995  f490		       85 e3		      STA	p
   1996  f492		       85 e4		      STA	q
   1997  f494		       85 e5		      STA	r
   1998  f496				   .L044		;  s  =  0  :	t  =  0  :  u  =  0  :	v  =  0  :  w  =  0  :	x  =  0  :  y  =  0  :	z  =  0
   1999  f496
   2000  f496		       a9 00		      LDA	#0
   2001  f498		       85 e6		      STA	s
   2002  f49a		       85 e7		      STA	t
   2003  f49c		       85 e8		      STA	u
   2004  f49e		       85 e9		      STA	v
   2005  f4a0		       85 ea		      STA	w
   2006  f4a2		       85 eb		      STA	x
   2007  f4a4		       85 ec		      STA	y
   2008  f4a6		       85 ed		      STA	z
   2009  f4a8				   .
   2010  f4a8							; 
   2011  f4a8
   2012  f4a8				   .L045		;  pfscore1  =  %11111111  :  pfscore2  =  %10101010
   2013  f4a8
   2014  f4a8		       a9 ff		      LDA	#%11111111
   2015  f4aa		       85 f2		      STA	pfscore1
   2016  f4ac		       a9 aa		      LDA	#%10101010
   2017  f4ae		       85 f3		      STA	pfscore2
   2018  f4b0				   .
   2019  f4b0							; 
   2020  f4b0
   2021  f4b0				   .
   2022  f4b0							; 
   2023  f4b0
   2024  f4b0				   .
   2025  f4b0							; 
   2026  f4b0
   2027  f4b0				   .
   2028  f4b0							; 
   2029  f4b0
   2030  f4b0				   .L046		;  player0x  =  30  :	player0y  =  54
   2031  f4b0
   2032  f4b0		       a9 1e		      LDA	#30
   2033  f4b2		       85 80		      STA	player0x
   2034  f4b4		       a9 36		      LDA	#54
   2035  f4b6		       85 85		      STA	player0y
   2036  f4b8				   .L047		;  player1y  =  0  :  player1x  =  1
   2037  f4b8
   2038  f4b8		       a9 00		      LDA	#0
   2039  f4ba		       85 86		      STA	player1y
   2040  f4bc		       a9 01		      LDA	#1
   2041  f4be		       85 81		      STA	player1x
   2042  f4c0				   .L048		;  ballheight	=  2  : ballx  =  200  :  bally  =  200
   2043  f4c0
   2044  f4c0		       a9 02		      LDA	#2
   2045  f4c2		       85 92		      STA	ballheight
   2046  f4c4		       a9 c8		      LDA	#200
   2047  f4c6		       85 84		      STA	ballx
   2048  f4c8		       85 89		      STA	bally
   2049  f4ca				   .L049		;  missile0height  =  4  :  missile1height  =	2
   2050  f4ca
   2051  f4ca		       a9 04		      LDA	#4
   2052  f4cc		       85 90		      STA	missile0height
   2053  f4ce		       a9 02		      LDA	#2
   2054  f4d0		       85 87		      STA	missile1height
   2055  f4d2				   .
   2056  f4d2							; 
   2057  f4d2
   2058  f4d2				   .__startGame
   2059  f4d2							; __startGame
   2060  f4d2
   2061  f4d2				   .L050		;  _b0_gameStart{0}  =  0
   2062  f4d2
   2063  f4d2		       a5 de		      LDA	_b0_gameStart
   2064  f4d4		       29 fe		      AND	#254
   2065  f4d6		       85 de		      STA	_b0_gameStart
   2066  f4d8				   .L051		;  _b4_gameLight{4}  =  1
   2067  f4d8
   2068  f4d8		       a5 de		      LDA	_b4_gameLight
   2069  f4da		       09 10		      ORA	#16
   2070  f4dc		       85 de		      STA	_b4_gameLight
   2071  f4de				   .L052		;  _b5_palyer1Enable{5}  =  1
   2072  f4de
   2073  f4de		       a5 de		      LDA	_b5_palyer1Enable
   2074  f4e0		       09 20		      ORA	#32
   2075  f4e2		       85 de		      STA	_b5_palyer1Enable
   2076  f4e4				   .L053		;  _level  =  1
   2077  f4e4
   2078  f4e4		       a9 01		      LDA	#1
   2079  f4e6		       85 d5		      STA	_level
   2080  f4e8				   .L054		;  _velocita  =  8
   2081  f4e8
   2082  f4e8		       a9 08		      LDA	#8
   2083  f4ea		       85 da		      STA	_velocita
   2084  f4ec				   .L055		;  _current_sugar_x  =  146  :  _current_sugar_y  =  146
   2085  f4ec
   2086  f4ec		       a9 92		      LDA	#146
   2087  f4ee		       85 e9		      STA	_current_sugar_x
   2088  f4f0		       85 ed		      STA	_current_sugar_y
   2089  f4f2				   .
   2090  f4f2							; 
   2091  f4f2
   2092  f4f2				   .
   2093  f4f2							; 
   2094  f4f2
   2095  f4f2				   .
   2096  f4f2							; 
   2097  f4f2
   2098  f4f2				   .L056		;  scorecolor	=  0
   2099  f4f2
   2100  f4f2		       a9 00		      LDA	#0
   2101  f4f4		       85 a3		      STA	scorecolor
   2102  f4f6				   .
   2103  f4f6							; 
   2104  f4f6
   2105  f4f6				   .L057		;  _Bit3_P0_Dir_Right{3}  =  1
   2106  f4f6
   2107  f4f6		       a5 e3		      LDA	_Bit3_P0_Dir_Right
   2108  f4f8		       09 08		      ORA	#8
   2109  f4fa		       85 e3		      STA	_Bit3_P0_Dir_Right
   2110  f4fc				   .
   2111  f4fc							; 
   2112  f4fc
   2113  f4fc				   .
   2114  f4fc							; 
   2115  f4fc
   2116  f4fc				   .
   2117  f4fc							; 
   2118  f4fc
   2119  f4fc				   .
   2120  f4fc							; 
   2121  f4fc
   2122  f4fc				   .
   2123  f4fc							; 
   2124  f4fc
   2125  f4fc				   .
   2126  f4fc							; 
   2127  f4fc
   2128  f4fc				   .
   2129  f4fc							; 
   2130  f4fc
   2131  f4fc				   .
   2132  f4fc							; 
   2133  f4fc
   2134  f4fc				   .L058		;  playfield:
   2135  f4fc
   2136  f4fc				  -	      ifconst	pfres
   2137  f4fc				  -	      ldx	#(11>pfres)*(pfres*pfwidth-1)+(11<=pfres)*43
   2138  f4fc					      else
   2139  f4fc		       a2 2b		      ldx	#((11*pfwidth-1)*((11*pfwidth-1)<47))+(47*((11*pfwidth-1)>=47))
   2140  f4fe					      endif
   2141  f4fe		       4c 2d f5 	      jmp	pflabel0
   2142  f501				   PF_data0
   2143  f501		       00 00		      .byte.b	%00000000, %00000000
   2144  f503					      if	(pfwidth>2)
   2145  f503		       00 00		      .byte.b	%00000000, %00000000
   2146  f505					      endif
   2147  f505		       0f 1f		      .byte.b	%00001111, %00011111
   2148  f507					      if	(pfwidth>2)
   2149  f507		       60 24		      .byte.b	%01100000, %00100100
   2150  f509					      endif
   2151  f509		       10 00		      .byte.b	%00010000, %00000000
   2152  f50b					      if	(pfwidth>2)
   2153  f50b		       10 14		      .byte.b	%00010000, %00010100
   2154  f50d					      endif
   2155  f50d		       0c 34		      .byte.b	%00001100, %00110100
   2156  f50f					      if	(pfwidth>2)
   2157  f50f		       73 0d		      .byte.b	%01110011, %00001101
   2158  f511					      endif
   2159  f511		       02 4c		      .byte.b	%00000010, %01001100
   2160  f513					      if	(pfwidth>2)
   2161  f513		       94 14		      .byte.b	%10010100, %00010100
   2162  f515					      endif
   2163  f515		       fc 22		      .byte.b	%11111100, %00100010
   2164  f517					      if	(pfwidth>2)
   2165  f517		       e7 12		      .byte.b	%11100111, %00010010
   2166  f519					      endif
   2167  f519		       00 00		      .byte.b	%00000000, %00000000
   2168  f51b					      if	(pfwidth>2)
   2169  f51b		       00 00		      .byte.b	%00000000, %00000000
   2170  f51d					      endif
   2171  f51d		       40 82		      .byte.b	%01000000, %10000010
   2172  f51f					      if	(pfwidth>2)
   2173  f51f		       30 28		      .byte.b	%00110000, %00101000
   2174  f521					      endif
   2175  f521		       16 80		      .byte.b	%00010110, %10000000
   2176  f523					      if	(pfwidth>2)
   2177  f523		       46 14		      .byte.b	%01000110, %00010100
   2178  f525					      endif
   2179  f525		       19 80		      .byte.b	%00011001, %10000000
   2180  f527					      if	(pfwidth>2)
   2181  f527		       89 0a		      .byte.b	%10001001, %00001010
   2182  f529					      endif
   2183  f529		       11 80		      .byte.b	%00010001, %10000000
   2184  f52b					      if	(pfwidth>2)
   2185  f52b		       06 0a		      .byte.b	%00000110, %00001010
   2186  f52d					      endif
   2187  f52d				   pflabel0
   2188  f52d		       bd 01 f5 	      lda	PF_data0,x
   2189  f530		       95 a4		      sta	playfield,x
   2190  f532		       ca		      dex
   2191  f533		       10 f8		      bpl	pflabel0
   2192  f535				   .L059		;  pfcolors:
   2193  f535
   2194  f535		       a9 22		      lda	# $22
   2195  f537		       85 08		      sta	COLUPF
   2196  f539				  -	      ifconst	pfres
   2197  f539				  -	      lda	#>(pfcolorlabel13-132+pfres*pfwidth)
   2198  f539					      else
   2199  f539		       a9 ff		      lda	#>(pfcolorlabel13-84)
   2200  f53b					      endif
   2201  f53b		       85 f1		      sta	pfcolortable+1
   2202  f53d				  -	      ifconst	pfres
   2203  f53d				  -	      lda	#<(pfcolorlabel13-132+pfres*pfwidth)
   2204  f53d					      else
   2205  f53d		       a9 0e		      lda	#<(pfcolorlabel13-84)
   2206  f53f					      endif
   2207  f53f		       85 f0		      sta	pfcolortable
   2208  f541				   .L060		;  goto __skip_to_draw_playfield
   2209  f541
   2210  f541		       4c 25 ff 	      jmp	.__skip_to_draw_playfield
   2211  f544
   2212  f544				   .
   2213  f544							; 
   2214  f544
   2215  f544				   .__main_loop
   2216  f544							; __main_loop
   2217  f544
   2218  f544				   .L061		;  COLUP1  =  _P1_color
   2219  f544
   2220  f544		       a9 30		      LDA	#_P1_color
   2221  f546		       85 07		      STA	COLUP1
   2222  f548				   .L062		;  COLUP0  =  _P0_color
   2223  f548
   2224  f548		       a9 2c		      LDA	#_P0_color
   2225  f54a		       85 06		      STA	COLUP0
   2226  f54c				   .L063		;  NUSIZ1  =  $20
   2227  f54c
   2228  f54c		       a9 20		      LDA	#$20
   2229  f54e		       85 05		      STA	NUSIZ1
   2230  f550				   .L064		;  CTRLPF  =  $21
   2231  f550
   2232  f550		       a9 21		      LDA	#$21
   2233  f552		       85 0a		      STA	CTRLPF
   2234  f554				   .
   2235  f554							; 
   2236  f554
   2237  f554				   .
   2238  f554							; 
   2239  f554
   2240  f554				   .L065		;  if switchreset  &&	!_b0_gameStart{0} then _b0_gameStart{0}  =  1  :  scorecolor  =  _base_color  :  pfscorecolor  =  _base_color  : goto __clean_playfield
   2241  f554
   2242  f554		       a9 01		      lda	#1
   2243  f556		       2c 82 02 	      bit	SWCHB
   2244  f559		       d0 14		      BNE	.skipL065
   2245  f55b				   .condpart0
   2246  f55b		       a5 de		      LDA	_b0_gameStart
   2247  f55d		       4a		      LSR
   2248  f55e		       b0 0f		      BCS	.skip0then
   2249  f560				   .condpart1
   2250  f560		       a5 de		      LDA	_b0_gameStart
   2251  f562		       09 01		      ORA	#1
   2252  f564		       85 de		      STA	_b0_gameStart
   2253  f566		       a9 16		      LDA	#_base_color
   2254  f568		       85 a3		      STA	scorecolor
   2255  f56a		       85 f4		      STA	pfscorecolor
   2256  f56c		       4c 20 ff 	      jmp	.__clean_playfield
   2257  f56f
   2258  f56f				   .skip0then
   2259  f56f				   .skipL065
   2260  f56f				   .L066		;  if switchselect  &&  !_b0_gameStart{0} then _level	=  _level  +  1  :  pfhline 0 6 _level on  :  goto __skip_to_draw_playfield
   2261  f56f
   2262  f56f		       a9 02		      lda	#2
   2263  f571		       2c 82 02 	      bit	SWCHB
   2264  f574		       d0 17		      BNE	.skipL066
   2265  f576				   .condpart2
   2266  f576		       a5 de		      LDA	_b0_gameStart
   2267  f578		       4a		      LSR
   2268  f579		       b0 12		      BCS	.skip2then
   2269  f57b				   .condpart3
   2270  f57b		       e6 d5		      INC	_level
   2271  f57d		       a2 00		      LDX	#0
   2272  f57f		       a5 d5		      LDA	_level
   2273  f581		       85 9e		      STA	temp3
   2274  f583		       a0 06		      LDY	#6
   2275  f585		       a9 00		      LDA	#0
   2276  f587		       20 87 f2 	      jsr	pfhline
   2277  f58a		       4c 25 ff 	      jmp	.__skip_to_draw_playfield
   2278  f58d
   2279  f58d				   .skip2then
   2280  f58d				   .skipL066
   2281  f58d				   .
   2282  f58d							; 
   2283  f58d
   2284  f58d				   .
   2285  f58d							; 
   2286  f58d
   2287  f58d				   .L067		;  if !_b0_gameStart{0} then goto __skip_to_draw_playfield
   2288  f58d
   2289  f58d		       a5 de		      LDA	_b0_gameStart
   2290  f58f		       4a		      LSR
   2291  f590		       b0 03		      BCS	.skipL067
   2292  f592				   .condpart4
   2293  f592		       4c 25 ff 	      jmp	.__skip_to_draw_playfield
   2294  f595
   2295  f595				   .skipL067
   2296  f595				   .
   2297  f595							; 
   2298  f595
   2299  f595				   .
   2300  f595							; 
   2301  f595
   2302  f595				   .L068		;  if frame_counter & 7 then AUDV0  =	0  :  AUDV1  =	0
   2303  f595
   2304  f595		       a5 d6		      LDA	frame_counter
   2305  f597		       29 07		      AND	#7
   2306  f599		       f0 06		      BEQ	.skipL068
   2307  f59b				   .condpart5
   2308  f59b		       a9 00		      LDA	#0
   2309  f59d		       85 19		      STA	AUDV0
   2310  f59f		       85 1a		      STA	AUDV1
   2311  f5a1				   .skipL068
   2312  f5a1				   .
   2313  f5a1							; 
   2314  f5a1
   2315  f5a1				   .
   2316  f5a1							; 
   2317  f5a1
   2318  f5a1				   .
   2319  f5a1							; 
   2320  f5a1
   2321  f5a1				   .
   2322  f5a1							; 
   2323  f5a1
   2324  f5a1				   .
   2325  f5a1							; 
   2326  f5a1
   2327  f5a1				   .
   2328  f5a1							; 
   2329  f5a1
   2330  f5a1				   .
   2331  f5a1							; 
   2332  f5a1
   2333  f5a1				   .
   2334  f5a1							; 
   2335  f5a1
   2336  f5a1				   .
   2337  f5a1							; 
   2338  f5a1
   2339  f5a1				   .L069		;  frame_counter  =  frame_counter  +	1
   2340  f5a1
   2341  f5a1		       e6 d6		      INC	frame_counter
   2342  f5a3				   .L070		;  if frame_counter  >  frame_limit then frame_counter  =  0  :  seconds_counter  =  seconds_counter  +  1
   2343  f5a3
   2344  f5a3		       a9 36		      LDA	#frame_limit
   2345  f5a5		       c5 d6		      CMP	frame_counter
   2346  f5a7		       b0 06		      BCS	.skipL070
   2347  f5a9				   .condpart6
   2348  f5a9		       a9 00		      LDA	#0
   2349  f5ab		       85 d6		      STA	frame_counter
   2350  f5ad		       e6 d7		      INC	seconds_counter
   2351  f5af				   .skipL070
   2352  f5af				   .
   2353  f5af							; 
   2354  f5af
   2355  f5af				   .
   2356  f5af							; 
   2357  f5af
   2358  f5af				   .
   2359  f5af							; 
   2360  f5af
   2361  f5af				   .
   2362  f5af							; 
   2363  f5af
   2364  f5af				   .
   2365  f5af							; 
   2366  f5af
   2367  f5af				   .
   2368  f5af							; 
   2369  f5af
   2370  f5af				   .
   2371  f5af							; 
   2372  f5af
   2373  f5af				   .
   2374  f5af							; 
   2375  f5af
   2376  f5af				   .L071		;  temp1  =  _velocita  -  1
   2377  f5af
   2378  f5af		       a5 da		      LDA	_velocita
   2379  f5b1		       38		      SEC
   2380  f5b2		       e9 01		      SBC	#1
   2381  f5b4		       85 9c		      STA	temp1
   2382  f5b6				   .L072		;  if frame_counter  =  0  &&	seconds_counter  &&  _b5_palyer1Enable{5} then player1x  =   ( rand  &	125 )	+  20  :  player1y  =	( rand	&  80 )   +  8
   2383  f5b6
   2384  f5b6		       a5 d6		      LDA	frame_counter
   2385  f5b8		       c9 00		      CMP	#0
   2386  f5ba		       d0 1e		      BNE	.skipL072
   2387  f5bc				   .condpart7
   2388  f5bc		       a5 d7		      LDA	seconds_counter
   2389  f5be		       f0 1a		      BEQ	.skip7then
   2390  f5c0				   .condpart8
   2391  f5c0		       a5 de		      LDA	_b5_palyer1Enable
   2392  f5c2		       29 20		      AND	#32
   2393  f5c4		       f0 14		      BEQ	.skip8then
   2394  f5c6				   .condpart9
   2395  f5c6							; complex statement detected
   2396  f5c6		       20 bc f3 	      jsr	randomize
   2397  f5c9		       29 7d		      AND	#125
   2398  f5cb		       18		      CLC
   2399  f5cc		       69 14		      ADC	#20
   2400  f5ce		       85 81		      STA	player1x
   2401  f5d0							; complex statement detected
   2402  f5d0		       20 bc f3 	      jsr	randomize
   2403  f5d3		       29 50		      AND	#80
   2404  f5d5		       18		      CLC
   2405  f5d6		       69 08		      ADC	#8
   2406  f5d8		       85 86		      STA	player1y
   2407  f5da				   .skip8then
   2408  f5da				   .skip7then
   2409  f5da				   .skipL072
   2410  f5da				   .
   2411  f5da							; 
   2412  f5da
   2413  f5da				   .
   2414  f5da							; 
   2415  f5da
   2416  f5da				   .
   2417  f5da							; 
   2418  f5da
   2419  f5da				   .
   2420  f5da							; 
   2421  f5da
   2422  f5da				   .
   2423  f5da							; 
   2424  f5da
   2425  f5da				   .
   2426  f5da							; 
   2427  f5da
   2428  f5da				   .
   2429  f5da							; 
   2430  f5da
   2431  f5da				   .
   2432  f5da							; 
   2433  f5da
   2434  f5da				   .
   2435  f5da							; 
   2436  f5da
   2437  f5da				   .
   2438  f5da							; 
   2439  f5da
   2440  f5da				   .L073		;  if _current_sugar_x  =  146 then _current_sugar_x  =   ( rand  &  125 )   +  20  :	_current_sugar_y  =   ( rand  &  80 )	+  8
   2441  f5da
   2442  f5da		       a5 e9		      LDA	_current_sugar_x
   2443  f5dc		       c9 92		      CMP	#146
   2444  f5de		       d0 14		      BNE	.skipL073
   2445  f5e0				   .condpart10
   2446  f5e0							; complex statement detected
   2447  f5e0		       20 bc f3 	      jsr	randomize
   2448  f5e3		       29 7d		      AND	#125
   2449  f5e5		       18		      CLC
   2450  f5e6		       69 14		      ADC	#20
   2451  f5e8		       85 e9		      STA	_current_sugar_x
   2452  f5ea							; complex statement detected
   2453  f5ea		       20 bc f3 	      jsr	randomize
   2454  f5ed		       29 50		      AND	#80
   2455  f5ef		       18		      CLC
   2456  f5f0		       69 08		      ADC	#8
   2457  f5f2		       85 ed		      STA	_current_sugar_y
   2458  f5f4				   .skipL073
   2459  f5f4				   .L074		;  if sugar_count  <  8  &&  _current_sugar_x	<  146 then missile1x  =  _current_sugar_x :  missile1y  =  _current_sugar_y
   2460  f5f4
   2461  f5f4		       a5 e7		      LDA	sugar_count
   2462  f5f6		       c9 08		      CMP	#8
   2463  f5f8		       b0 0e		      BCS	.skipL074
   2464  f5fa				   .condpart11
   2465  f5fa		       a5 e9		      LDA	_current_sugar_x
   2466  f5fc		       c9 92		      CMP	#146
   2467  f5fe		       b0 08		      BCS	.skip11then
   2468  f600				   .condpart12
   2469  f600		       a5 e9		      LDA	_current_sugar_x
   2470  f602		       85 83		      STA	missile1x
   2471  f604		       a5 ed		      LDA	_current_sugar_y
   2472  f606		       85 88		      STA	missile1y
   2473  f608				   .skip11then
   2474  f608				   .skipL074
   2475  f608				   .L075		;  if collision(player0,missile1) then AUDC0  =  4  :	AUDF0  =  2  : missile1x  =  255  :  missile1y	=  255	:  sugar_count	=  sugar_count	+  1  :  score	=  score  +  100000  :	_current_sugar_x  =  146
   2476  f608
   2477  f608		       24 01		      bit	CXM1P
   2478  f60a		       10 1d		      BPL	.skipL075
   2479  f60c				   .condpart13
   2480  f60c		       a9 04		      LDA	#4
   2481  f60e		       85 15		      STA	AUDC0
   2482  f610		       a9 02		      LDA	#2
   2483  f612		       85 17		      STA	AUDF0
   2484  f614		       a9 ff		      LDA	#255
   2485  f616		       85 83		      STA	missile1x
   2486  f618		       85 88		      STA	missile1y
   2487  f61a		       e6 e7		      INC	sugar_count
   2488  f61c		       f8		      SED
   2489  f61d		       18		      CLC
   2490  f61e		       a5 93		      LDA	score
   2491  f620		       69 10		      ADC	#$10
   2492  f622		       85 93		      STA	score
   2493  f624		       d8		      CLD
   2494  f625		       a9 92		      LDA	#146
   2495  f627		       85 e9		      STA	_current_sugar_x
   2496  f629				   .skipL075
   2497  f629				   .
   2498  f629							; 
   2499  f629
   2500  f629				   .
   2501  f629							; 
   2502  f629
   2503  f629				   .
   2504  f629							; 
   2505  f629
   2506  f629				   .
   2507  f629							; 
   2508  f629
   2509  f629				   .
   2510  f629							; 
   2511  f629
   2512  f629				   .
   2513  f629							; 
   2514  f629
   2515  f629				   .
   2516  f629							; 
   2517  f629
   2518  f629				   .
   2519  f629							; 
   2520  f629
   2521  f629				   .
   2522  f629							; 
   2523  f629
   2524  f629				   .
   2525  f629							; 
   2526  f629
   2527  f629				   .
   2528  f629							; 
   2529  f629
   2530  f629				   .
   2531  f629							; 
   2532  f629
   2533  f629				   .
   2534  f629							; 
   2535  f629
   2536  f629				   .L076		;  temp5  =   ( player0x - 10 )  / 4
   2537  f629
   2538  f629							; complex statement detected
   2539  f629		       a5 80		      LDA	player0x
   2540  f62b		       38		      SEC
   2541  f62c		       e9 0a		      SBC	#10
   2542  f62e		       4a		      lsr
   2543  f62f		       4a		      lsr
   2544  f630		       85 a0		      STA	temp5
   2545  f632				   .L077		;  temp6  =   ( player0y - 5 )  / 8
   2546  f632
   2547  f632							; complex statement detected
   2548  f632		       a5 85		      LDA	player0y
   2549  f634		       38		      SEC
   2550  f635		       e9 05		      SBC	#5
   2551  f637		       4a		      lsr
   2552  f638		       4a		      lsr
   2553  f639		       4a		      lsr
   2554  f63a		       85 a1		      STA	temp6
   2555  f63c				   .L078		;  if !_b4_gameLight{4}  &&  pfread ( temp5 , temp6 )	then _b4_gameLight{4}  =  1
   2556  f63c
   2557  f63c		       a5 de		      LDA	_b4_gameLight
   2558  f63e		       29 10		      AND	#16
   2559  f640		       d0 0f		      BNE	.skipL078
   2560  f642				   .condpart14
   2561  f642		       a5 a0		      LDA	temp5
   2562  f644		       a4 a1		      LDY	temp6
   2563  f646		       20 74 f2 	      jsr	pfread
   2564  f649		       d0 06		      BNE	.skip14then
   2565  f64b				   .condpart15
   2566  f64b		       a5 de		      LDA	_b4_gameLight
   2567  f64d		       09 10		      ORA	#16
   2568  f64f		       85 de		      STA	_b4_gameLight
   2569  f651				   .skip14then
   2570  f651				   .skipL078
   2571  f651				   .
   2572  f651							; 
   2573  f651
   2574  f651				   .
   2575  f651							; 
   2576  f651
   2577  f651				   .L079		;  if _b4_gameLight{4} then pfcolors:
   2578  f651
   2579  f651		       a5 de		      LDA	_b4_gameLight
   2580  f653		       29 10		      AND	#16
   2581  f655		       f0 0c		      BEQ	.skipL079
   2582  f657				   .condpart16
   2583  f657		       a9 28		      lda	# $28
   2584  f659		       85 08		      sta	COLUPF
   2585  f65b				  -	      ifconst	pfres
   2586  f65b				  -	      lda	#>(pfcolorlabel13-131+pfres*pfwidth)
   2587  f65b					      else
   2588  f65b		       a9 ff		      lda	#>(pfcolorlabel13-83)
   2589  f65d					      endif
   2590  f65d		       85 f1		      sta	pfcolortable+1
   2591  f65f				  -	      ifconst	pfres
   2592  f65f				  -	      lda	#<(pfcolorlabel13-131+pfres*pfwidth)
   2593  f65f					      else
   2594  f65f		       a9 0f		      lda	#<(pfcolorlabel13-83)
   2595  f661					      endif
   2596  f661		       85 f0		      sta	pfcolortable
   2597  f663				   .skipL079
   2598  f663				   .
   2599  f663							; 
   2600  f663
   2601  f663				   .
   2602  f663							; 
   2603  f663
   2604  f663				   .L080		;  if !_b4_gameLight{4} then pfcolors:
   2605  f663
   2606  f663		       a5 de		      LDA	_b4_gameLight
   2607  f665		       29 10		      AND	#16
   2608  f667		       d0 0c		      BNE	.skipL080
   2609  f669				   .condpart17
   2610  f669		       a9 00		      lda	# $0
   2611  f66b		       85 08		      sta	COLUPF
   2612  f66d				  -	      ifconst	pfres
   2613  f66d				  -	      lda	#>(pfcolorlabel13-130+pfres*pfwidth)
   2614  f66d					      else
   2615  f66d		       a9 ff		      lda	#>(pfcolorlabel13-82)
   2616  f66f					      endif
   2617  f66f		       85 f1		      sta	pfcolortable+1
   2618  f671				  -	      ifconst	pfres
   2619  f671				  -	      lda	#<(pfcolorlabel13-130+pfres*pfwidth)
   2620  f671					      else
   2621  f671		       a9 10		      lda	#<(pfcolorlabel13-82)
   2622  f673					      endif
   2623  f673		       85 f0		      sta	pfcolortable
   2624  f675				   .skipL080
   2625  f675				   .
   2626  f675							; 
   2627  f675
   2628  f675				   .
   2629  f675							; 
   2630  f675
   2631  f675				   .
   2632  f675							; 
   2633  f675
   2634  f675				   .
   2635  f675							; 
   2636  f675
   2637  f675				   .
   2638  f675							; 
   2639  f675
   2640  f675				   .
   2641  f675							; 
   2642  f675
   2643  f675				   .L081		;  if seconds_counter	&  7  =  0 then _b6_palyerslowMotion{6}  =  0
   2644  f675
   2645  f675							; complex condition detected
   2646  f675		       a5 d7		      LDA	seconds_counter
   2647  f677		       29 07		      AND	#7
   2648  f679		       c9 00		      CMP	#0
   2649  f67b		       d0 06		      BNE	.skipL081
   2650  f67d				   .condpart18
   2651  f67d		       a5 de		      LDA	_b6_palyerslowMotion
   2652  f67f		       29 bf		      AND	#191
   2653  f681		       85 de		      STA	_b6_palyerslowMotion
   2654  f683				   .skipL081
   2655  f683				   .
   2656  f683							; 
   2657  f683
   2658  f683				   .
   2659  f683							; 
   2660  f683
   2661  f683				   .
   2662  f683							; 
   2663  f683
   2664  f683				   .
   2665  f683							; 
   2666  f683
   2667  f683				   .
   2668  f683							; 
   2669  f683
   2670  f683				   .
   2671  f683							; 
   2672  f683
   2673  f683				   .
   2674  f683							; 
   2675  f683
   2676  f683				   .L082		;  if frame_counter  =  frame_limit  &&  sugar_count  =  8  &&  _b5_palyer1Enable{5} then ballx  =  18  :  bally  =  18
   2677  f683
   2678  f683		       a5 d6		      LDA	frame_counter
   2679  f685		       c9 36		      CMP	#frame_limit
   2680  f687		       d0 12		      BNE	.skipL082
   2681  f689				   .condpart19
   2682  f689		       a5 e7		      LDA	sugar_count
   2683  f68b		       c9 08		      CMP	#8
   2684  f68d		       d0 0c		      BNE	.skip19then
   2685  f68f				   .condpart20
   2686  f68f		       a5 de		      LDA	_b5_palyer1Enable
   2687  f691		       29 20		      AND	#32
   2688  f693		       f0 06		      BEQ	.skip20then
   2689  f695				   .condpart21
   2690  f695		       a9 12		      LDA	#18
   2691  f697		       85 84		      STA	ballx
   2692  f699		       85 89		      STA	bally
   2693  f69b				   .skip20then
   2694  f69b				   .skip19then
   2695  f69b				   .skipL082
   2696  f69b				   .
   2697  f69b							; 
   2698  f69b
   2699  f69b				   .
   2700  f69b							; 
   2701  f69b
   2702  f69b				   .
   2703  f69b							; 
   2704  f69b
   2705  f69b				   .
   2706  f69b							; 
   2707  f69b
   2708  f69b				   .
   2709  f69b							; 
   2710  f69b
   2711  f69b				   .
   2712  f69b							; 
   2713  f69b
   2714  f69b				   .L083		;  temp5  =  1
   2715  f69b
   2716  f69b		       a9 01		      LDA	#1
   2717  f69d		       85 a0		      STA	temp5
   2718  f69f				   .L084		;  x  =  0
   2719  f69f
   2720  f69f		       a9 00		      LDA	#0
   2721  f6a1		       85 eb		      STA	x
   2722  f6a3				   .L085		;  w  =  0
   2723  f6a3
   2724  f6a3		       a9 00		      LDA	#0
   2725  f6a5		       85 ea		      STA	w
   2726  f6a7				   .L086		;  j  =  2
   2727  f6a7
   2728  f6a7		       a9 02		      LDA	#2
   2729  f6a9		       85 dd		      STA	j
   2730  f6ab				   .__loop_objects
   2731  f6ab							; __loop_objects
   2732  f6ab
   2733  f6ab				   .L087		;  temp1  =  _velocita  -  1
   2734  f6ab
   2735  f6ab		       a5 da		      LDA	_velocita
   2736  f6ad		       38		      SEC
   2737  f6ae		       e9 01		      SBC	#1
   2738  f6b0		       85 9c		      STA	temp1
   2739  f6b2				   .L088		;  _current_object_level  =   ( _level  -  1 )   *  8
   2740  f6b2
   2741  f6b2							; complex statement detected
   2742  f6b2		       a5 d5		      LDA	_level
   2743  f6b4		       38		      SEC
   2744  f6b5		       e9 01		      SBC	#1
   2745  f6b7		       0a		      asl
   2746  f6b8		       0a		      asl
   2747  f6b9		       0a		      asl
   2748  f6ba		       85 e1		      STA	_current_object_level
   2749  f6bc				   .L089		;  if	( seconds_counter & temp1 )   =  0  &&	frame_counter  =  x  &&   ( objects[_current_object_level] & temp5 )  >  0 then callmacro tazze_coltelli x j 3
   2750  f6bc
   2751  f6bc							; complex condition detected
   2752  f6bc							; complex statement detected
   2753  f6bc		       a5 d7		      LDA	seconds_counter
   2754  f6be		       25 9c		      AND	temp1
   2755  f6c0							; todo: this LDA is spurious and should be prevented ->	LDA  1,x
   2756  f6c0		       c9 00		      CMP	#0
   2757  f6c2		       d0 49		      BNE	.skipL089
   2758  f6c4				   .condpart22
   2759  f6c4		       a5 d6		      LDA	frame_counter
   2760  f6c6		       c5 eb		      CMP	x
   2761  f6c8		       d0 43		      BNE	.skip22then
   2762  f6ca				   .condpart23
   2763  f6ca							; complex condition detected
   2764  f6ca							; complex statement detected
   2765  f6ca		       a6 e1		      LDX	_current_object_level
   2766  f6cc		       bd 2e ff 	      LDA	objects,x
   2767  f6cf		       25 a0		      AND	temp5
   2768  f6d1		       48		      PHA
   2769  f6d2		       ba		      TSX
   2770  f6d3		       68		      PLA
   2771  f6d4		       a9 00		      LDA	#0
   2772  f6d6		       d5 01		      CMP	1,x
   2773  f6d8		       b0 33		      BCS	.skip23then
   2774  f6da				   .condpart24
      0  f6da					      tazze_coltelli	x, j, #3,
      1  f6da
      2  f6da				   .L0218
      3  f6da
      4  f6da
      5  f6da		       a5 dd		      LDA	j
      6  f6dc		       18		      CLC
      7  f6dd		       69 03		      ADC	#3
      8  f6df		       38		      SEC
      9  f6e0		       e9 01		      SBC	#1
     10  f6e2		       85 a0		      STA	temp5
     11  f6e4				   .L0219
     12  f6e4
     13  f6e4		       a5 eb		      LDA	x
     14  f6e6		       18		      CLC
     15  f6e7		       69 04		      ADC	#4
     16  f6e9		       85 a1		      STA	temp6
     17  f6eb				   .
     18  f6eb
     19  f6eb
     20  f6eb				   .L0220
     21  f6eb
     22  f6eb		       a5 dd		      LDA	j
     23  f6ed		       85 ec		      STA	y
     24  f6ef				   .L0220fory
     25  f6ef				   .L0221
     26  f6ef
     27  f6ef		       a2 02		      LDX	#2
     28  f6f1		       a5 a1		      LDA	temp6
     29  f6f3		       85 9e		      STA	temp3
     30  f6f5		       a4 ec		      LDY	y
     31  f6f7		       a5 eb		      LDA	x
     32  f6f9		       20 87 f2 	      jsr	pfhline
     33  f6fc				   .L0222
     34  f6fc
     35  f6fc		       a5 ec		      LDA	y
     36  f6fe		       c5 a0		      CMP	temp5
     37  f700
     38  f700		       e6 ec		      INC	y
     39  f702		       90 eb		      bcc	.L0220fory
     40  f704				   .
     41  f704
     42  f704
     43  f704				   .L0223
     44  f704
     45  f704		       a2 02		      LDX	#2
     46  f706		       a4 a0		      LDY	temp5
     47  f708		       a5 a1		      LDA	temp6
     48  f70a		       20 81 f2 	      jsr	pfpixel
   2776  f70d				   .skip23then
   2777  f70d				   .skip22then
   2778  f70d				   .skipL089
   2779  f70d				   .L090		;  temp2  =  _current_object_level  + 1
   2780  f70d
   2781  f70d		       a5 e1		      LDA	_current_object_level
   2782  f70f		       18		      CLC
   2783  f710		       69 01		      ADC	#1
   2784  f712		       85 9d		      STA	temp2
   2785  f714				   .L091		;  if	( seconds_counter & temp1 )   =  0  &&	frame_counter  =   ( x + 1 )   &&   ( objects[temp2] & temp5 )	>  0 then callmacro tazze_coltelli x w 2
   2786  f714
   2787  f714							; complex condition detected
   2788  f714							; complex statement detected
   2789  f714		       a5 d7		      LDA	seconds_counter
   2790  f716		       25 9c		      AND	temp1
   2791  f718							; todo: this LDA is spurious and should be prevented ->	LDA  1,x
   2792  f718		       c9 00		      CMP	#0
   2793  f71a		       d0 51		      BNE	.skipL091
   2794  f71c				   .condpart25
   2795  f71c							; complex condition detected
   2796  f71c							; complex statement detected
   2797  f71c		       a5 eb		      LDA	x
   2798  f71e		       18		      CLC
   2799  f71f		       69 01		      ADC	#1
   2800  f721		       48		      PHA
   2801  f722		       ba		      TSX
   2802  f723		       68		      PLA
   2803  f724		       a5 d6		      LDA	frame_counter
   2804  f726		       d5 01		      CMP	1,x
   2805  f728		       d0 43		      BNE	.skip25then
   2806  f72a				   .condpart26
   2807  f72a							; complex condition detected
   2808  f72a							; complex statement detected
   2809  f72a		       a6 9d		      LDX	temp2
   2810  f72c		       bd 2e ff 	      LDA	objects,x
   2811  f72f		       25 a0		      AND	temp5
   2812  f731		       48		      PHA
   2813  f732		       ba		      TSX
   2814  f733		       68		      PLA
   2815  f734		       a9 00		      LDA	#0
   2816  f736		       d5 01		      CMP	1,x
   2817  f738		       b0 33		      BCS	.skip26then
   2818  f73a				   .condpart27
      0  f73a					      tazze_coltelli	x, w, #2,
      1  f73a
      2  f73a				   .L0218
      3  f73a
      4  f73a
      5  f73a		       a5 ea		      LDA	w
      6  f73c		       18		      CLC
      7  f73d		       69 02		      ADC	#2
      8  f73f		       38		      SEC
      9  f740		       e9 01		      SBC	#1
     10  f742		       85 a0		      STA	temp5
     11  f744				   .L0219
     12  f744
     13  f744		       a5 eb		      LDA	x
     14  f746		       18		      CLC
     15  f747		       69 04		      ADC	#4
     16  f749		       85 a1		      STA	temp6
     17  f74b				   .
     18  f74b
     19  f74b
     20  f74b				   .L0220
     21  f74b
     22  f74b		       a5 ea		      LDA	w
     23  f74d		       85 ec		      STA	y
     24  f74f				   .L0220fory
     25  f74f				   .L0221
     26  f74f
     27  f74f		       a2 02		      LDX	#2
     28  f751		       a5 a1		      LDA	temp6
     29  f753		       85 9e		      STA	temp3
     30  f755		       a4 ec		      LDY	y
     31  f757		       a5 eb		      LDA	x
     32  f759		       20 87 f2 	      jsr	pfhline
     33  f75c				   .L0222
     34  f75c
     35  f75c		       a5 ec		      LDA	y
     36  f75e		       c5 a0		      CMP	temp5
     37  f760
     38  f760		       e6 ec		      INC	y
     39  f762		       90 eb		      bcc	.L0220fory
     40  f764				   .
     41  f764
     42  f764
     43  f764				   .L0223
     44  f764
     45  f764		       a2 02		      LDX	#2
     46  f766		       a4 a0		      LDY	temp5
     47  f768		       a5 a1		      LDA	temp6
     48  f76a		       20 81 f2 	      jsr	pfpixel
   2820  f76d				   .skip26then
   2821  f76d				   .skip25then
   2822  f76d				   .skipL091
   2823  f76d				   .L092		;  temp2  =  _current_object_level + 2
   2824  f76d
   2825  f76d		       a5 e1		      LDA	_current_object_level
   2826  f76f		       18		      CLC
   2827  f770		       69 02		      ADC	#2
   2828  f772		       85 9d		      STA	temp2
   2829  f774				   .L093		;  if	( seconds_counter & temp1 )   =  0  &&	frame_counter  =   ( x + 2 )   &&   ( objects[temp2] & temp5 )	>  0 then callmacro cioccolato x j if
   2830  f774
   2831  f774							; complex condition detected
   2832  f774							; complex statement detected
   2833  f774		       a5 d7		      LDA	seconds_counter
   2834  f776		       25 9c		      AND	temp1
   2835  f778							; todo: this LDA is spurious and should be prevented ->	LDA  1,x
   2836  f778		       c9 00		      CMP	#0
   2837  f77a		       d0 4d		      BNE	.skipL093
   2838  f77c				   .condpart28
   2839  f77c							; complex condition detected
   2840  f77c							; complex statement detected
   2841  f77c		       a5 eb		      LDA	x
   2842  f77e		       18		      CLC
   2843  f77f		       69 02		      ADC	#2
   2844  f781		       48		      PHA
   2845  f782		       ba		      TSX
   2846  f783		       68		      PLA
   2847  f784		       a5 d6		      LDA	frame_counter
   2848  f786		       d5 01		      CMP	1,x
   2849  f788		       d0 3f		      BNE	.skip28then
   2850  f78a				   .condpart29
   2851  f78a							; complex condition detected
   2852  f78a							; complex statement detected
   2853  f78a		       a6 9d		      LDX	temp2
   2854  f78c		       bd 2e ff 	      LDA	objects,x
   2855  f78f		       25 a0		      AND	temp5
   2856  f791		       48		      PHA
   2857  f792		       ba		      TSX
   2858  f793		       68		      PLA
   2859  f794		       a9 00		      LDA	#0
   2860  f796		       d5 01		      CMP	1,x
   2861  f798		       b0 2f		      BCS	.skip29then
   2862  f79a				   .condpart30
      0  f79a					      cioccolato	x, j, if,
      1  f79a
      2  f79a				   .L0229
      3  f79a
      4  f79a		       a5 eb		      LDA	x
      5  f79c		       85 e8		      STA	u
      6  f79e				   .L0230
      7  f79e
      8  f79e		       a5 dd		      LDA	j
      9  f7a0		       18		      CLC
     10  f7a1		       69 02		      ADC	#2
     11  f7a3		       85 e2		      STA	o
     12  f7a5				   .
     13  f7a5
     14  f7a5
     15  f7a5				   .L0231
     16  f7a5
     17  f7a5		       a2 00		      LDX	#0
     18  f7a7		       a5 e2		      LDA	o
     19  f7a9		       85 9e		      STA	temp3
     20  f7ab		       a4 dd		      LDY	j
     21  f7ad		       a5 e8		      LDA	u
     22  f7af		       20 9c f2 	      jsr	pfvline
     23  f7b2				   .L0232
     24  f7b2
     25  f7b2		       a5 eb		      LDA	x
     26  f7b4		       18		      CLC
     27  f7b5		       69 04		      ADC	#4
     28  f7b7		       85 e8		      STA	u
     29  f7b9				   .L0233
     30  f7b9
     31  f7b9		       a5 dd		      LDA	j
     32  f7bb		       38		      SEC
     33  f7bc		       e9 02		      SBC	#2
     34  f7be		       85 e2		      STA	o
     35  f7c0				   .
     36  f7c0
     37  f7c0
     38  f7c0				   .L0234
     39  f7c0
     40  f7c0		       a2 02		      LDX	#2
     41  f7c2		       a4 e2		      LDY	o
     42  f7c4		       a5 e8		      LDA	u
     43  f7c6		       20 81 f2 	      jsr	pfpixel
   2864  f7c9				   .skip29then
   2865  f7c9				   .skip28then
   2866  f7c9				   .skipL093
   2867  f7c9				   .L094		;  temp2  =  _current_object_level + 3
   2868  f7c9
   2869  f7c9		       a5 e1		      LDA	_current_object_level
   2870  f7cb		       18		      CLC
   2871  f7cc		       69 03		      ADC	#3
   2872  f7ce		       85 9d		      STA	temp2
   2873  f7d0				   .L095		;  if	( seconds_counter & temp1 )   =  0  &&	frame_counter  =   ( x + 3 )   &&   ( objects[temp2] & temp5 )	>  0 then callmacro gocce x w
   2874  f7d0
   2875  f7d0							; complex condition detected
   2876  f7d0							; complex statement detected
   2877  f7d0		       a5 d7		      LDA	seconds_counter
   2878  f7d2		       25 9c		      AND	temp1
   2879  f7d4							; todo: this LDA is spurious and should be prevented ->	LDA  1,x
   2880  f7d4		       c9 00		      CMP	#0
   2881  f7d6		       d0 35		      BNE	.skipL095
   2882  f7d8				   .condpart31
   2883  f7d8							; complex condition detected
   2884  f7d8							; complex statement detected
   2885  f7d8		       a5 eb		      LDA	x
   2886  f7da		       18		      CLC
   2887  f7db		       69 03		      ADC	#3
   2888  f7dd		       48		      PHA
   2889  f7de		       ba		      TSX
   2890  f7df		       68		      PLA
   2891  f7e0		       a5 d6		      LDA	frame_counter
   2892  f7e2		       d5 01		      CMP	1,x
   2893  f7e4		       d0 27		      BNE	.skip31then
   2894  f7e6				   .condpart32
   2895  f7e6							; complex condition detected
   2896  f7e6							; complex statement detected
   2897  f7e6		       a6 9d		      LDX	temp2
   2898  f7e8		       bd 2e ff 	      LDA	objects,x
   2899  f7eb		       25 a0		      AND	temp5
   2900  f7ed		       48		      PHA
   2901  f7ee		       ba		      TSX
   2902  f7ef		       68		      PLA
   2903  f7f0		       a9 00		      LDA	#0
   2904  f7f2		       d5 01		      CMP	1,x
   2905  f7f4		       b0 17		      BCS	.skip32then
   2906  f7f6				   .condpart33
      0  f7f6					      gocce	x, w,
      1  f7f6
      2  f7f6				   .L0225
      3  f7f6
      4  f7f6		       20 bc f3 	      jsr	randomize
      5  f7f9		       25 eb		      AND	x
      6  f7fb		       85 e8		      STA	u
      7  f7fd				   .L0226
      8  f7fd
      9  f7fd		       20 bc f3 	      jsr	randomize
     10  f800		       25 ea		      AND	w
     11  f802		       85 e2		      STA	o
     12  f804				   .
     13  f804
     14  f804
     15  f804				   .
     16  f804
     17  f804
     18  f804				   .L0227
     19  f804
     20  f804		       a2 02		      LDX	#2
     21  f806		       a4 e2		      LDY	o
     22  f808		       a5 eb		      LDA	x
     23  f80a		       20 81 f2 	      jsr	pfpixel
   2908  f80d				   .skip32then
   2909  f80d				   .skip31then
   2910  f80d				   .skipL095
   2911  f80d				   .
   2912  f80d							; 
   2913  f80d
   2914  f80d				   .
   2915  f80d							; 
   2916  f80d
   2917  f80d				   .L096		;  temp2  =  _current_object_level +  4
   2918  f80d
   2919  f80d		       a5 e1		      LDA	_current_object_level
   2920  f80f		       18		      CLC
   2921  f810		       69 04		      ADC	#4
   2922  f812		       85 9d		      STA	temp2
   2923  f814				   .L097		;  if	( seconds_counter & temp1 )   =  0  &&	frame_counter  =   ( x + 4 )   &&   ( objects[temp2] & temp5 )	>  0 then callmacro lampada x w  :  _current_lamp  =  objects[temp2]
   2924  f814
   2925  f814							; complex condition detected
   2926  f814							; complex statement detected
   2927  f814		       a5 d7		      LDA	seconds_counter
   2928  f816		       25 9c		      AND	temp1
   2929  f818							; todo: this LDA is spurious and should be prevented ->	LDA  1,x
   2930  f818		       c9 00		      CMP	#0
   2931  f81a		       d0 4b		      BNE	.skipL097
   2932  f81c				   .condpart34
   2933  f81c							; complex condition detected
   2934  f81c							; complex statement detected
   2935  f81c		       a5 eb		      LDA	x
   2936  f81e		       18		      CLC
   2937  f81f		       69 04		      ADC	#4
   2938  f821		       48		      PHA
   2939  f822		       ba		      TSX
   2940  f823		       68		      PLA
   2941  f824		       a5 d6		      LDA	frame_counter
   2942  f826		       d5 01		      CMP	1,x
   2943  f828		       d0 3d		      BNE	.skip34then
   2944  f82a				   .condpart35
   2945  f82a							; complex condition detected
   2946  f82a							; complex statement detected
   2947  f82a		       a6 9d		      LDX	temp2
   2948  f82c		       bd 2e ff 	      LDA	objects,x
   2949  f82f		       25 a0		      AND	temp5
   2950  f831		       48		      PHA
   2951  f832		       ba		      TSX
   2952  f833		       68		      PLA
   2953  f834		       a9 00		      LDA	#0
   2954  f836		       d5 01		      CMP	1,x
   2955  f838		       b0 2d		      BCS	.skip35then
   2956  f83a				   .condpart36
      0  f83a					      lampada	x, w,
      1  f83a
      2  f83a				   .L0240
      3  f83a
      4  f83a		       a5 eb		      LDA	x
      5  f83c		       18		      CLC
      6  f83d		       69 02		      ADC	#2
      7  f83f		       85 e2		      STA	o
      8  f841				   .L0241
      9  f841
     10  f841		       a5 ea		      LDA	w
     11  f843		       18		      CLC
     12  f844		       69 01		      ADC	#1
     13  f846		       85 e8		      STA	u
     14  f848				   .L0242
     15  f848
     16  f848		       a2 00		      LDX	#0
     17  f84a		       a5 e2		      LDA	o
     18  f84c		       85 9e		      STA	temp3
     19  f84e		       a4 ea		      LDY	w
     20  f850		       a5 eb		      LDA	x
     21  f852		       20 87 f2 	      jsr	pfhline
     22  f855				   .L0243
     23  f855
     24  f855		       c6 e2		      DEC	o
     25  f857				   .L0244
     26  f857
     27  f857		       a2 00		      LDX	#0
     28  f859		       a4 e8		      LDY	u
     29  f85b		       a5 e2		      LDA	o
     30  f85d		       20 81 f2 	      jsr	pfpixel
   2958  f860		       a6 9d		      LDX	temp2
   2959  f862		       bd 2e ff 	      LDA	objects,x
   2960  f865		       85 ea		      STA	_current_lamp
   2961  f867				   .skip35then
   2962  f867				   .skip34then
   2963  f867				   .skipL097
   2964  f867				   .L098		;  temp2  =  _current_object_level +  5
   2965  f867
   2966  f867		       a5 e1		      LDA	_current_object_level
   2967  f869		       18		      CLC
   2968  f86a		       69 05		      ADC	#5
   2969  f86c		       85 9d		      STA	temp2
   2970  f86e				   .L099		;  if	( seconds_counter & temp1 )   =  0  &&	frame_counter  =   ( x + 5 )   &&   ( objects[temp2] & temp5 )	>  0 then callmacro tavolo x j
   2971  f86e
   2972  f86e							; complex condition detected
   2973  f86e							; complex statement detected
   2974  f86e		       a5 d7		      LDA	seconds_counter
   2975  f870		       25 9c		      AND	temp1
   2976  f872							; todo: this LDA is spurious and should be prevented ->	LDA  1,x
   2977  f872		       c9 00		      CMP	#0
   2978  f874		       d0 5d		      BNE	.skipL099
   2979  f876				   .condpart37
   2980  f876							; complex condition detected
   2981  f876							; complex statement detected
   2982  f876		       a5 eb		      LDA	x
   2983  f878		       18		      CLC
   2984  f879		       69 05		      ADC	#5
   2985  f87b		       48		      PHA
   2986  f87c		       ba		      TSX
   2987  f87d		       68		      PLA
   2988  f87e		       a5 d6		      LDA	frame_counter
   2989  f880		       d5 01		      CMP	1,x
   2990  f882		       d0 4f		      BNE	.skip37then
   2991  f884				   .condpart38
   2992  f884							; complex condition detected
   2993  f884							; complex statement detected
   2994  f884		       a6 9d		      LDX	temp2
   2995  f886		       bd 2e ff 	      LDA	objects,x
   2996  f889		       25 a0		      AND	temp5
   2997  f88b		       48		      PHA
   2998  f88c		       ba		      TSX
   2999  f88d		       68		      PLA
   3000  f88e		       a9 00		      LDA	#0
   3001  f890		       d5 01		      CMP	1,x
   3002  f892		       b0 3f		      BCS	.skip38then
   3003  f894				   .condpart39
      0  f894					      tavolo	x, j,
      1  f894
      2  f894				   .L0246
      3  f894
      4  f894		       a5 eb		      LDA	x
      5  f896		       18		      CLC
      6  f897		       69 02		      ADC	#2
      7  f899		       85 e2		      STA	o
      8  f89b				   .L0247
      9  f89b
     10  f89b		       a5 dd		      LDA	j
     11  f89d		       18		      CLC
     12  f89e		       69 01		      ADC	#1
     13  f8a0		       85 e8		      STA	u
     14  f8a2				   .
     15  f8a2
     16  f8a2
     17  f8a2				   .L0248
     18  f8a2
     19  f8a2		       a2 00		      LDX	#0
     20  f8a4		       a5 e2		      LDA	o
     21  f8a6		       85 9e		      STA	temp3
     22  f8a8		       a4 e8		      LDY	u
     23  f8aa		       a5 eb		      LDA	x
     24  f8ac		       20 87 f2 	      jsr	pfhline
     25  f8af				   .L0249
     26  f8af
     27  f8af		       e6 e8		      INC	u
     28  f8b1				   .L0250
     29  f8b1
     30  f8b1		       a2 00		      LDX	#0
     31  f8b3		       a4 e8		      LDY	u
     32  f8b5		       a5 eb		      LDA	x
     33  f8b7		       20 81 f2 	      jsr	pfpixel
     34  f8ba		       a2 00		      LDX	#0
     35  f8bc		       a4 e8		      LDY	u
     36  f8be		       a5 e2		      LDA	o
     37  f8c0		       20 81 f2 	      jsr	pfpixel
     38  f8c3				   .
     39  f8c3
     40  f8c3
     41  f8c3				   .L0251
     42  f8c3
     43  f8c3		       a5 e2		      LDA	o
     44  f8c5		       18		      CLC
     45  f8c6		       69 02		      ADC	#2
     46  f8c8		       85 e2		      STA	o
     47  f8ca				   .L0252
     48  f8ca
     49  f8ca		       a2 02		      LDX	#2
     50  f8cc		       a4 e8		      LDY	u
     51  f8ce		       a5 e2		      LDA	o
     52  f8d0		       20 81 f2 	      jsr	pfpixel
   3005  f8d3				   .skip38then
   3006  f8d3				   .skip37then
   3007  f8d3				   .skipL099
   3008  f8d3				   .L0100		;  temp2  =  _current_object_level +  6
   3009  f8d3
   3010  f8d3		       a5 e1		      LDA	_current_object_level
   3011  f8d5		       18		      CLC
   3012  f8d6		       69 06		      ADC	#6
   3013  f8d8		       85 9d		      STA	temp2
   3014  f8da				   .L0101		;  if	( seconds_counter & temp1 )   =  0  &&	frame_counter  =   ( x + 6 )   &&   ( objects[temp2] & temp5 )	>  0 then callmacro arrivo x w
   3015  f8da
   3016  f8da							; complex condition detected
   3017  f8da							; complex statement detected
   3018  f8da		       a5 d7		      LDA	seconds_counter
   3019  f8dc		       25 9c		      AND	temp1
   3020  f8de							; todo: this LDA is spurious and should be prevented ->	LDA  1,x
   3021  f8de		       c9 00		      CMP	#0
   3022  f8e0		       d0 39		      BNE	.skipL0101
   3023  f8e2				   .condpart40
   3024  f8e2							; complex condition detected
   3025  f8e2							; complex statement detected
   3026  f8e2		       a5 eb		      LDA	x
   3027  f8e4		       18		      CLC
   3028  f8e5		       69 06		      ADC	#6
   3029  f8e7		       48		      PHA
   3030  f8e8		       ba		      TSX
   3031  f8e9		       68		      PLA
   3032  f8ea		       a5 d6		      LDA	frame_counter
   3033  f8ec		       d5 01		      CMP	1,x
   3034  f8ee		       d0 2b		      BNE	.skip40then
   3035  f8f0				   .condpart41
   3036  f8f0							; complex condition detected
   3037  f8f0							; complex statement detected
   3038  f8f0		       a6 9d		      LDX	temp2
   3039  f8f2		       bd 2e ff 	      LDA	objects,x
   3040  f8f5		       25 a0		      AND	temp5
   3041  f8f7		       48		      PHA
   3042  f8f8		       ba		      TSX
   3043  f8f9		       68		      PLA
   3044  f8fa		       a9 00		      LDA	#0
   3045  f8fc		       d5 01		      CMP	1,x
   3046  f8fe		       b0 1b		      BCS	.skip41then
   3047  f900				   .condpart42
      0  f900					      arrivo	x, w,
      1  f900
      2  f900				   .L0236
      3  f900
      4  f900		       a5 eb		      LDA	x
      5  f902		       18		      CLC
      6  f903		       69 03		      ADC	#3
      7  f905		       85 e8		      STA	u
      8  f907				   .L0237
      9  f907
     10  f907		       a5 ea		      LDA	w
     11  f909		       18		      CLC
     12  f90a		       69 04		      ADC	#4
     13  f90c		       85 e2		      STA	o
     14  f90e				   .L0238
     15  f90e
     16  f90e		       a2 00		      LDX	#0
     17  f910		       a5 e2		      LDA	o
     18  f912		       85 9e		      STA	temp3
     19  f914		       a4 ea		      LDY	w
     20  f916		       a5 e8		      LDA	u
     21  f918		       20 9c f2 	      jsr	pfvline
   3049  f91b				   .skip41then
   3050  f91b				   .skip40then
   3051  f91b				   .skipL0101
   3052  f91b				   .L0102		;  temp2  =  _current_object_level +  7
   3053  f91b
   3054  f91b		       a5 e1		      LDA	_current_object_level
   3055  f91d		       18		      CLC
   3056  f91e		       69 07		      ADC	#7
   3057  f920		       85 9d		      STA	temp2
   3058  f922				   .L0103		;  if	( seconds_counter & temp1 )   =  0  &&	frame_counter  =   ( x + 7 )   &&   ( objects[temp2] & temp5 )	>  0 then temp4  =  objects[temp2] :  callmacro piano temp4
   3059  f922
   3060  f922							; complex condition detected
   3061  f922							; complex statement detected
   3062  f922		       a5 d7		      LDA	seconds_counter
   3063  f924		       25 9c		      AND	temp1
   3064  f926							; todo: this LDA is spurious and should be prevented ->	LDA  1,x
   3065  f926		       c9 00		      CMP	#0
   3066  f928		       d0 65		      BNE	.skipL0103
   3067  f92a				   .condpart43
   3068  f92a							; complex condition detected
   3069  f92a							; complex statement detected
   3070  f92a		       a5 eb		      LDA	x
   3071  f92c		       18		      CLC
   3072  f92d		       69 07		      ADC	#7
   3073  f92f		       48		      PHA
   3074  f930		       ba		      TSX
   3075  f931		       68		      PLA
   3076  f932		       a5 d6		      LDA	frame_counter
   3077  f934		       d5 01		      CMP	1,x
   3078  f936		       d0 57		      BNE	.skip43then
   3079  f938				   .condpart44
   3080  f938							; complex condition detected
   3081  f938							; complex statement detected
   3082  f938		       a6 9d		      LDX	temp2
   3083  f93a		       bd 2e ff 	      LDA	objects,x
   3084  f93d		       25 a0		      AND	temp5
   3085  f93f		       48		      PHA
   3086  f940		       ba		      TSX
   3087  f941		       68		      PLA
   3088  f942		       a9 00		      LDA	#0
   3089  f944		       d5 01		      CMP	1,x
   3090  f946		       b0 47		      BCS	.skip44then
   3091  f948				   .condpart45
   3092  f948		       a6 9d		      LDX	temp2
   3093  f94a		       bd 2e ff 	      LDA	objects,x
   3094  f94d		       85 9f		      STA	temp4
      0  f94f					      piano	temp4,
      1  f94f
      2  f94f				   .L0254
      3  f94f
      4  f94f		       a9 01		      LDA	#1
      5  f951		       85 e2		      STA	o
      6  f953				   .L0255
      7  f953
      8  f953		       a9 00		      LDA	#0
      9  f955		       85 d9		      STA	f
     10  f957				   .L0256
     11  f957
     12  f957		       a9 07		      LDA	#7
     13  f959		       85 e4		      STA	q
     14  f95b				   .L0257
     15  f95b
     16  f95b		       a9 00		      LDA	#0
     17  f95d		       85 e8		      STA	u
     18  f95f				   .L0257foru
     19  f95f				   .L0258
     20  f95f
     21  f95f
     22  f95f
     23  f95f		       a5 9f		      LDA	temp4
     24  f961		       25 e2		      AND	o
     25  f963		       c9 00		      CMP	#0
     26  f965		       f0 0d		      BEQ	.skipL0258
     27  f967				   .condpart134
     28  f967		       a2 00		      LDX	#0
     29  f969		       a5 e4		      LDA	q
     30  f96b		       85 9e		      STA	temp3
     31  f96d		       a0 05		      LDY	#5
     32  f96f		       a5 d9		      LDA	f
     33  f971		       20 87 f2 	      jsr	pfhline
     34  f974				   .skipL0258
     35  f974				   .L0259
     36  f974
     37  f974		       a5 e2		      LDA	o
     38  f976		       0a		      asl
     39  f977		       85 e2		      STA	o
     40  f979				   .L0260
     41  f979
     42  f979		       a5 d9		      LDA	f
     43  f97b		       18		      CLC
     44  f97c		       69 04		      ADC	#4
     45  f97e		       85 d9		      STA	f
     46  f980				   .L0261
     47  f980
     48  f980		       a5 d9		      LDA	f
     49  f982		       18		      CLC
     50  f983		       69 04		      ADC	#4
     51  f985		       85 e4		      STA	q
     52  f987				   .L0262
     53  f987
     54  f987		       a5 e8		      LDA	u
     55  f989		       c9 06		      CMP	#6
     56  f98b
     57  f98b		       e6 e8		      INC	u
     58  f98d		       90 d0		      bcc	.L0257foru
   3096  f98f				   .skip44then
   3097  f98f				   .skip43then
   3098  f98f				   .skipL0103
   3099  f98f				   .L0104		;  temp5  =  temp5  *	2
   3100  f98f
   3101  f98f		       a5 a0		      LDA	temp5
   3102  f991		       0a		      asl
   3103  f992		       85 a0		      STA	temp5
   3104  f994				   .L0105		;  x  =  x  +	7
   3105  f994
   3106  f994		       a5 eb		      LDA	x
   3107  f996		       18		      CLC
   3108  f997		       69 07		      ADC	#7
   3109  f999		       85 eb		      STA	x
   3110  f99b				   .
   3111  f99b							; 
   3112  f99b
   3113  f99b				   .L0106		;  if temp5  =  16  &&  w  =  0 then x  =  0  :  w  =	6  :  j  =  8
   3114  f99b
   3115  f99b		       a5 a0		      LDA	temp5
   3116  f99d		       c9 10		      CMP	#16
   3117  f99f		       d0 12		      BNE	.skipL0106
   3118  f9a1				   .condpart46
   3119  f9a1		       a5 ea		      LDA	w
   3120  f9a3		       c9 00		      CMP	#0
   3121  f9a5		       d0 0c		      BNE	.skip46then
   3122  f9a7				   .condpart47
   3123  f9a7		       a9 00		      LDA	#0
   3124  f9a9		       85 eb		      STA	x
   3125  f9ab		       a9 06		      LDA	#6
   3126  f9ad		       85 ea		      STA	w
   3127  f9af		       a9 08		      LDA	#8
   3128  f9b1		       85 dd		      STA	j
   3129  f9b3				   .skip46then
   3130  f9b3				   .skipL0106
   3131  f9b3				   .L0107		;  if temp5  >  0 then goto __loop_objects
   3132  f9b3
   3133  f9b3		       a9 00		      LDA	#0
   3134  f9b5		       c5 a0		      CMP	temp5
   3135  f9b7		       b0 03		      BCS	.skipL0107
   3136  f9b9				   .condpart48
   3137  f9b9		       4c ab f6 	      jmp	.__loop_objects
   3138  f9bc
   3139  f9bc				   .skipL0107
   3140  f9bc				   .
   3141  f9bc							; 
   3142  f9bc
   3143  f9bc				   .__skip_oggetti
   3144  f9bc							; __skip_oggetti
   3145  f9bc
   3146  f9bc				   .
   3147  f9bc							; 
   3148  f9bc
   3149  f9bc				   .
   3150  f9bc							; 
   3151  f9bc
   3152  f9bc				   .
   3153  f9bc							; 
   3154  f9bc
   3155  f9bc				   .
   3156  f9bc							; 
   3157  f9bc
   3158  f9bc				   .
   3159  f9bc							; 
   3160  f9bc
   3161  f9bc				   .
   3162  f9bc							; 
   3163  f9bc
   3164  f9bc				   .
   3165  f9bc							; 
   3166  f9bc
   3167  f9bc				   .
   3168  f9bc							; 
   3169  f9bc
   3170  f9bc				   .
   3171  f9bc							; 
   3172  f9bc
   3173  f9bc				   .
   3174  f9bc							; 
   3175  f9bc
   3176  f9bc				   .
   3177  f9bc							; 
   3178  f9bc
   3179  f9bc				   .
   3180  f9bc							; 
   3181  f9bc
   3182  f9bc				   .
   3183  f9bc							; 
   3184  f9bc
   3185  f9bc				   .
   3186  f9bc							; 
   3187  f9bc
   3188  f9bc				   .L0108		;  if frame_counter  =  0  &&	seconds_counter  &  15	=  0 then goto __decrease_timer_bar
   3189  f9bc
   3190  f9bc		       a5 d6		      LDA	frame_counter
   3191  f9be		       c9 00		      CMP	#0
   3192  f9c0		       d0 0b		      BNE	.skipL0108
   3193  f9c2				   .condpart49
   3194  f9c2							; complex condition detected
   3195  f9c2		       a5 d7		      LDA	seconds_counter
   3196  f9c4		       29 0f		      AND	#15
   3197  f9c6		       c9 00		      CMP	#0
   3198  f9c8		       d0 03		      BNE	.skip49then
   3199  f9ca				   .condpart50
   3200  f9ca		       4c 98 fe 	      jmp	.__decrease_timer_bar
   3201  f9cd
   3202  f9cd				   .skip49then
   3203  f9cd				   .skipL0108
   3204  f9cd				   .
   3205  f9cd							; 
   3206  f9cd
   3207  f9cd				   .L0109		;  if pfscore1  =  0 then goto __decrease_health_bar
   3208  f9cd
   3209  f9cd		       a5 f2		      LDA	pfscore1
   3210  f9cf		       c9 00		      CMP	#0
   3211  f9d1		       d0 03		      BNE	.skipL0109
   3212  f9d3				   .condpart51
   3213  f9d3		       4c a6 fe 	      jmp	.__decrease_health_bar
   3214  f9d6
   3215  f9d6				   .skipL0109
   3216  f9d6				   .
   3217  f9d6							; 
   3218  f9d6
   3219  f9d6				   .L0110		;  if pfscore2  =  0  ||  _level  =  10 then goto __gameOver
   3220  f9d6
   3221  f9d6		       a5 f3		      LDA	pfscore2
   3222  f9d8		       c9 00		      CMP	#0
   3223  f9da		       d0 03		      BNE	.skipL0110
   3224  f9dc				   .condpart52
   3225  f9dc		       4c e5 f9 	      jmp	.condpart53
   3226  f9df				   .skipL0110
   3227  f9df		       a5 d5		      LDA	_level
   3228  f9e1		       c9 0a		      CMP	#10
   3229  f9e3		       d0 03		      BNE	.skip26OR
   3230  f9e5				   .condpart53
   3231  f9e5		       4c 17 ff 	      jmp	.__gameOver
   3232  f9e8
   3233  f9e8				   .skip26OR
   3234  f9e8				   .
   3235  f9e8							; 
   3236  f9e8
   3237  f9e8				   .
   3238  f9e8							; 
   3239  f9e8
   3240  f9e8				   .L0111		;  if !joy0up	&&  !joy0down  &&  !joy0left  &&  !joy0right then goto __Skip_Joystick_Precheck
   3241  f9e8
   3242  f9e8		       a9 10		      lda	#$10
   3243  f9ea		       2c 80 02 	      bit	SWCHA
   3244  f9ed		       f0 14		      BEQ	.skipL0111
   3245  f9ef				   .condpart54
   3246  f9ef		       a9 20		      lda	#$20
   3247  f9f1		       2c 80 02 	      bit	SWCHA
   3248  f9f4		       f0 0d		      BEQ	.skip54then
   3249  f9f6				   .condpart55
   3250  f9f6		       2c 80 02 	      bit	SWCHA
   3251  f9f9		       50 08		      BVC	.skip55then
   3252  f9fb				   .condpart56
   3253  f9fb		       2c 80 02 	      bit	SWCHA
   3254  f9fe		       10 03		      BPL	.skip56then
   3255  fa00				   .condpart57
   3256  fa00		       4c 09 fa 	      jmp	.__Skip_Joystick_Precheck
   3257  fa03
   3258  fa03				   .skip56then
   3259  fa03				   .skip55then
   3260  fa03				   .skip54then
   3261  fa03				   .skipL0111
   3262  fa03				   .
   3263  fa03							; 
   3264  fa03
   3265  fa03				   .L0112		;  _BitOp_P0_M0_Dir  =  _BitOp_P0_M0_Dir  &  %11110000
   3266  fa03
   3267  fa03		       a5 e3		      LDA	_BitOp_P0_M0_Dir
   3268  fa05		       29 f0		      AND	#%11110000
   3269  fa07		       85 e3		      STA	_BitOp_P0_M0_Dir
   3270  fa09				   .
   3271  fa09							; 
   3272  fa09
   3273  fa09				   .__Skip_Joystick_Precheck
   3274  fa09							; __Skip_Joystick_Precheck
   3275  fa09
   3276  fa09				   .
   3277  fa09							; 
   3278  fa09
   3279  fa09				   .
   3280  fa09							; 
   3281  fa09
   3282  fa09				   .L0113		;  if !joy0fire  ||  score  <=  0 then goto __Skip_Fire
   3283  fa09
   3284  fa09		       24 0c		      bit	INPT4
   3285  fa0b		       10 03		      BPL	.skipL0113
   3286  fa0d				   .condpart58
   3287  fa0d		       4c 16 fa 	      jmp	.condpart59
   3288  fa10				   .skipL0113
   3289  fa10		       a9 00		      LDA	#0
   3290  fa12		       c5 93		      CMP	score
   3291  fa14		       90 03		      BCC	.skip30OR
   3292  fa16				   .condpart59
   3293  fa16		       4c d3 fa 	      jmp	.__Skip_Fire
   3294  fa19
   3295  fa19				   .skip30OR
   3296  fa19				   .L0114		;  if _b7_gameMissile0Moving{7} then goto __Skip_Fire
   3297  fa19
   3298  fa19		       24 de		      BIT	_b7_gameMissile0Moving
   3299  fa1b		       10 03		      BPL	.skipL0114
   3300  fa1d				   .condpart60
   3301  fa1d		       4c d3 fa 	      jmp	.__Skip_Fire
   3302  fa20
   3303  fa20				   .skipL0114
   3304  fa20				   .
   3305  fa20							; 
   3306  fa20
   3307  fa20				   .L0115		;  _b7_gameMissile0Moving{7}  =  1  :	score  =  score  -  10000
   3308  fa20
   3309  fa20		       a5 de		      LDA	_b7_gameMissile0Moving
   3310  fa22		       09 80		      ORA	#128
   3311  fa24		       85 de		      STA	_b7_gameMissile0Moving
   3312  fa26		       f8		      SED
   3313  fa27		       38		      SEC
   3314  fa28		       a5 95		      LDA	score+2
   3315  fa2a		       e9 00		      SBC	#$00
   3316  fa2c		       85 95		      STA	score+2
   3317  fa2e		       a5 94		      LDA	score+1
   3318  fa30		       e9 00		      SBC	#$00
   3319  fa32		       85 94		      STA	score+1
   3320  fa34		       a5 93		      LDA	score
   3321  fa36		       e9 01		      SBC	#$01
   3322  fa38		       85 93		      STA	score
   3323  fa3a		       d8		      CLD
   3324  fa3b				   .L0116		;  AUDV1  =  12  :  AUDC1  =  4  :  AUDF1  =  10
   3325  fa3b
   3326  fa3b		       a9 0c		      LDA	#12
   3327  fa3d		       85 1a		      STA	AUDV1
   3328  fa3f		       a9 04		      LDA	#4
   3329  fa41		       85 16		      STA	AUDC1
   3330  fa43		       a9 0a		      LDA	#10
   3331  fa45		       85 18		      STA	AUDF1
   3332  fa47				   .
   3333  fa47							; 
   3334  fa47
   3335  fa47				   .L0117		;  _Bit4_M0_Dir_Up{4}	=  _Bit0_P0_Dir_Up{0}
   3336  fa47
   3337  fa47		       a5 e3		      LDA	_Bit0_P0_Dir_Up
   3338  fa49		       29 01		      AND	#1
   3339  fa4b		       08		      PHP
   3340  fa4c		       a5 e3		      LDA	_Bit4_M0_Dir_Up
   3341  fa4e		       29 ef		      AND	#239
   3342  fa50		       28		      PLP
   3343  fa51		       f0 02		      .byte.b	$F0, $02
   3344  fa53		       09 10		      ORA	#16
   3345  fa55		       85 e3		      STA	_Bit4_M0_Dir_Up
   3346  fa57				   .L0118		;  _Bit5_M0_Dir_Down{5}  =  _Bit1_P0_Dir_Down{1}
   3347  fa57
   3348  fa57		       a5 e3		      LDA	_Bit1_P0_Dir_Down
   3349  fa59		       29 02		      AND	#2
   3350  fa5b		       08		      PHP
   3351  fa5c		       a5 e3		      LDA	_Bit5_M0_Dir_Down
   3352  fa5e		       29 df		      AND	#223
   3353  fa60		       28		      PLP
   3354  fa61		       f0 02		      .byte.b	$F0, $02
   3355  fa63		       09 20		      ORA	#32
   3356  fa65		       85 e3		      STA	_Bit5_M0_Dir_Down
   3357  fa67				   .L0119		;  _Bit6_M0_Dir_Left{6}  =  _Bit2_P0_Dir_Left{2}
   3358  fa67
   3359  fa67		       a5 e3		      LDA	_Bit2_P0_Dir_Left
   3360  fa69		       29 04		      AND	#4
   3361  fa6b		       08		      PHP
   3362  fa6c		       a5 e3		      LDA	_Bit6_M0_Dir_Left
   3363  fa6e		       29 bf		      AND	#191
   3364  fa70		       28		      PLP
   3365  fa71		       f0 02		      .byte.b	$F0, $02
   3366  fa73		       09 40		      ORA	#64
   3367  fa75		       85 e3		      STA	_Bit6_M0_Dir_Left
   3368  fa77				   .L0120		;  _Bit7_M0_Dir_Right{7}  =  _Bit3_P0_Dir_Right{3}
   3369  fa77
   3370  fa77		       a5 e3		      LDA	_Bit3_P0_Dir_Right
   3371  fa79		       29 08		      AND	#8
   3372  fa7b		       08		      PHP
   3373  fa7c		       a5 e3		      LDA	_Bit7_M0_Dir_Right
   3374  fa7e		       29 7f		      AND	#127
   3375  fa80		       28		      PLP
   3376  fa81		       f0 02		      .byte.b	$F0, $02
   3377  fa83		       09 80		      ORA	#128
   3378  fa85		       85 e3		      STA	_Bit7_M0_Dir_Right
   3379  fa87				   .
   3380  fa87							; 
   3381  fa87
   3382  fa87				   .L0121		;  if _Bit4_M0_Dir_Up{4} then missile0x  =  player0x  +  4  :	missile0y  =  player0y	-  5
   3383  fa87
   3384  fa87		       a5 e3		      LDA	_Bit4_M0_Dir_Up
   3385  fa89		       29 10		      AND	#16
   3386  fa8b		       f0 0e		      BEQ	.skipL0121
   3387  fa8d				   .condpart61
   3388  fa8d		       a5 80		      LDA	player0x
   3389  fa8f		       18		      CLC
   3390  fa90		       69 04		      ADC	#4
   3391  fa92		       85 82		      STA	missile0x
   3392  fa94		       a5 85		      LDA	player0y
   3393  fa96		       38		      SEC
   3394  fa97		       e9 05		      SBC	#5
   3395  fa99		       85 91		      STA	missile0y
   3396  fa9b				   .skipL0121
   3397  fa9b				   .L0122		;  if _Bit5_M0_Dir_Down{5} then missile0x  =  player0x  +  4  :  missile0y  =	player0y  -  1
   3398  fa9b
   3399  fa9b		       a5 e3		      LDA	_Bit5_M0_Dir_Down
   3400  fa9d		       29 20		      AND	#32
   3401  fa9f		       f0 0e		      BEQ	.skipL0122
   3402  faa1				   .condpart62
   3403  faa1		       a5 80		      LDA	player0x
   3404  faa3		       18		      CLC
   3405  faa4		       69 04		      ADC	#4
   3406  faa6		       85 82		      STA	missile0x
   3407  faa8		       a5 85		      LDA	player0y
   3408  faaa		       38		      SEC
   3409  faab		       e9 01		      SBC	#1
   3410  faad		       85 91		      STA	missile0y
   3411  faaf				   .skipL0122
   3412  faaf				   .L0123		;  if _Bit6_M0_Dir_Left{6} then missile0x  =  player0x  +  2  :  missile0y  =	player0y  -  3
   3413  faaf
   3414  faaf		       24 e3		      BIT	_Bit6_M0_Dir_Left
   3415  fab1		       50 0e		      BVC	.skipL0123
   3416  fab3				   .condpart63
   3417  fab3		       a5 80		      LDA	player0x
   3418  fab5		       18		      CLC
   3419  fab6		       69 02		      ADC	#2
   3420  fab8		       85 82		      STA	missile0x
   3421  faba		       a5 85		      LDA	player0y
   3422  fabc		       38		      SEC
   3423  fabd		       e9 03		      SBC	#3
   3424  fabf		       85 91		      STA	missile0y
   3425  fac1				   .skipL0123
   3426  fac1				   .L0124		;  if _Bit7_M0_Dir_Right{7} then missile0x  =	player0x  +  6	:  missile0y  =  player0y  -  3
   3427  fac1
   3428  fac1		       24 e3		      BIT	_Bit7_M0_Dir_Right
   3429  fac3		       10 0e		      BPL	.skipL0124
   3430  fac5				   .condpart64
   3431  fac5		       a5 80		      LDA	player0x
   3432  fac7		       18		      CLC
   3433  fac8		       69 06		      ADC	#6
   3434  faca		       85 82		      STA	missile0x
   3435  facc		       a5 85		      LDA	player0y
   3436  face		       38		      SEC
   3437  facf		       e9 03		      SBC	#3
   3438  fad1		       85 91		      STA	missile0y
   3439  fad3				   .skipL0124
   3440  fad3				   .
   3441  fad3							; 
   3442  fad3
   3443  fad3				   .__Skip_Fire
   3444  fad3							; __Skip_Fire
   3445  fad3
   3446  fad3				   .
   3447  fad3							; 
   3448  fad3
   3449  fad3				   .
   3450  fad3							; 
   3451  fad3
   3452  fad3				   .
   3453  fad3							; 
   3454  fad3
   3455  fad3				   .
   3456  fad3							; 
   3457  fad3
   3458  fad3				   .
   3459  fad3							; 
   3460  fad3
   3461  fad3				   .
   3462  fad3							; 
   3463  fad3
   3464  fad3				   .
   3465  fad3							; 
   3466  fad3
   3467  fad3				   .
   3468  fad3							; 
   3469  fad3
   3470  fad3				   .L0125		;  if !_b7_gameMissile0Moving{7} then goto __Skip_Missile
   3471  fad3
   3472  fad3		       24 de		      BIT	_b7_gameMissile0Moving
   3473  fad5		       30 03		      BMI	.skipL0125
   3474  fad7				   .condpart65
   3475  fad7		       4c b6 fb 	      jmp	.__Skip_Missile
   3476  fada
   3477  fada				   .skipL0125
   3478  fada				   .
   3479  fada							; 
   3480  fada
   3481  fada				   .
   3482  fada							; 
   3483  fada
   3484  fada				   .
   3485  fada							; 
   3486  fada
   3487  fada				   .
   3488  fada							; 
   3489  fada
   3490  fada				   .
   3491  fada							; 
   3492  fada
   3493  fada				   .L0126		;  if _Bit4_M0_Dir_Up{4} then missile0y  =  missile0y	-  2  :  temp5	=   ( missile0x - 18 )	/ 4  :	temp6  =   ( missile0y - 1 )  / 8
   3494  fada
   3495  fada		       a5 e3		      LDA	_Bit4_M0_Dir_Up
   3496  fadc		       29 10		      AND	#16
   3497  fade		       f0 1a		      BEQ	.skipL0126
   3498  fae0				   .condpart66
   3499  fae0		       a5 91		      LDA	missile0y
   3500  fae2		       38		      SEC
   3501  fae3		       e9 02		      SBC	#2
   3502  fae5		       85 91		      STA	missile0y
   3503  fae7							; complex statement detected
   3504  fae7		       a5 82		      LDA	missile0x
   3505  fae9		       38		      SEC
   3506  faea		       e9 12		      SBC	#18
   3507  faec		       4a		      lsr
   3508  faed		       4a		      lsr
   3509  faee		       85 a0		      STA	temp5
   3510  faf0							; complex statement detected
   3511  faf0		       a5 91		      LDA	missile0y
   3512  faf2		       38		      SEC
   3513  faf3		       e9 01		      SBC	#1
   3514  faf5		       4a		      lsr
   3515  faf6		       4a		      lsr
   3516  faf7		       4a		      lsr
   3517  faf8		       85 a1		      STA	temp6
   3518  fafa				   .skipL0126
   3519  fafa				   .L0127		;  if _Bit5_M0_Dir_Down{5} then missile0y  =  missile0y  +  2	:  temp5  =   ( missile0x - 18 )  / 4  :  temp6  =   ( missile0y )  / 8
   3520  fafa
   3521  fafa		       a5 e3		      LDA	_Bit5_M0_Dir_Down
   3522  fafc		       29 20		      AND	#32
   3523  fafe		       f0 17		      BEQ	.skipL0127
   3524  fb00				   .condpart67
   3525  fb00		       a5 91		      LDA	missile0y
   3526  fb02		       18		      CLC
   3527  fb03		       69 02		      ADC	#2
   3528  fb05		       85 91		      STA	missile0y
   3529  fb07							; complex statement detected
   3530  fb07		       a5 82		      LDA	missile0x
   3531  fb09		       38		      SEC
   3532  fb0a		       e9 12		      SBC	#18
   3533  fb0c		       4a		      lsr
   3534  fb0d		       4a		      lsr
   3535  fb0e		       85 a0		      STA	temp5
   3536  fb10							; complex statement detected
   3537  fb10		       a5 91		      LDA	missile0y
   3538  fb12		       4a		      lsr
   3539  fb13		       4a		      lsr
   3540  fb14		       4a		      lsr
   3541  fb15		       85 a1		      STA	temp6
   3542  fb17				   .skipL0127
   3543  fb17				   .L0128		;  if _Bit6_M0_Dir_Left{6} then missile0x  =  missile0x  -  2	:  temp5  =   ( missile0x - 18 )  / 4  :  temp6  =   ( missile0y - 1 )	/ 8
   3544  fb17
   3545  fb17		       24 e3		      BIT	_Bit6_M0_Dir_Left
   3546  fb19		       50 1a		      BVC	.skipL0128
   3547  fb1b				   .condpart68
   3548  fb1b		       a5 82		      LDA	missile0x
   3549  fb1d		       38		      SEC
   3550  fb1e		       e9 02		      SBC	#2
   3551  fb20		       85 82		      STA	missile0x
   3552  fb22							; complex statement detected
   3553  fb22		       a5 82		      LDA	missile0x
   3554  fb24		       38		      SEC
   3555  fb25		       e9 12		      SBC	#18
   3556  fb27		       4a		      lsr
   3557  fb28		       4a		      lsr
   3558  fb29		       85 a0		      STA	temp5
   3559  fb2b							; complex statement detected
   3560  fb2b		       a5 91		      LDA	missile0y
   3561  fb2d		       38		      SEC
   3562  fb2e		       e9 01		      SBC	#1
   3563  fb30		       4a		      lsr
   3564  fb31		       4a		      lsr
   3565  fb32		       4a		      lsr
   3566  fb33		       85 a1		      STA	temp6
   3567  fb35				   .skipL0128
   3568  fb35				   .L0129		;  if _Bit7_M0_Dir_Right{7} then missile0x  =	missile0x  +  2  :  temp5  =   ( missile0x - 18 )  / 4	:  temp6  =   ( missile0y - 1 )  / 8
   3569  fb35
   3570  fb35		       24 e3		      BIT	_Bit7_M0_Dir_Right
   3571  fb37		       10 1a		      BPL	.skipL0129
   3572  fb39				   .condpart69
   3573  fb39		       a5 82		      LDA	missile0x
   3574  fb3b		       18		      CLC
   3575  fb3c		       69 02		      ADC	#2
   3576  fb3e		       85 82		      STA	missile0x
   3577  fb40							; complex statement detected
   3578  fb40		       a5 82		      LDA	missile0x
   3579  fb42		       38		      SEC
   3580  fb43		       e9 12		      SBC	#18
   3581  fb45		       4a		      lsr
   3582  fb46		       4a		      lsr
   3583  fb47		       85 a0		      STA	temp5
   3584  fb49							; complex statement detected
   3585  fb49		       a5 91		      LDA	missile0y
   3586  fb4b		       38		      SEC
   3587  fb4c		       e9 01		      SBC	#1
   3588  fb4e		       4a		      lsr
   3589  fb4f		       4a		      lsr
   3590  fb50		       4a		      lsr
   3591  fb51		       85 a1		      STA	temp6
   3592  fb53				   .skipL0129
   3593  fb53				   .
   3594  fb53							; 
   3595  fb53
   3596  fb53				   .
   3597  fb53							; 
   3598  fb53
   3599  fb53				   .
   3600  fb53							; 
   3601  fb53
   3602  fb53				   .
   3603  fb53							; 
   3604  fb53
   3605  fb53				   .L0130		;  if missile0y  <  _M_Edge_Top then goto __Delete_Missile
   3606  fb53
   3607  fb53		       a5 91		      LDA	missile0y
   3608  fb55		       c9 02		      CMP	#_M_Edge_Top
   3609  fb57		       b0 03		      BCS	.skipL0130
   3610  fb59				   .condpart70
   3611  fb59		       4c aa fb 	      jmp	.__Delete_Missile
   3612  fb5c
   3613  fb5c				   .skipL0130
   3614  fb5c				   .L0131		;  if missile0y  >  _Edge_Bottom then goto __Delete_Missile
   3615  fb5c
   3616  fb5c		       a9 58		      LDA	#_Edge_Bottom
   3617  fb5e		       c5 91		      CMP	missile0y
   3618  fb60		       b0 03		      BCS	.skipL0131
   3619  fb62				   .condpart71
   3620  fb62		       4c aa fb 	      jmp	.__Delete_Missile
   3621  fb65
   3622  fb65				   .skipL0131
   3623  fb65				   .L0132		;  if missile0x  <  _M_Edge_Left then goto __Delete_Missile
   3624  fb65
   3625  fb65		       a5 82		      LDA	missile0x
   3626  fb67		       c9 02		      CMP	#_M_Edge_Left
   3627  fb69		       b0 03		      BCS	.skipL0132
   3628  fb6b				   .condpart72
   3629  fb6b		       4c aa fb 	      jmp	.__Delete_Missile
   3630  fb6e
   3631  fb6e				   .skipL0132
   3632  fb6e				   .L0133		;  if missile0x  >  _Edge_Right then goto __Delete_Missile
   3633  fb6e
   3634  fb6e		       a9 91		      LDA	#_Edge_Right
   3635  fb70		       c5 82		      CMP	missile0x
   3636  fb72		       b0 03		      BCS	.skipL0133
   3637  fb74				   .condpart73
   3638  fb74		       4c aa fb 	      jmp	.__Delete_Missile
   3639  fb77
   3640  fb77				   .skipL0133
   3641  fb77				   .
   3642  fb77							; 
   3643  fb77
   3644  fb77				   .
   3645  fb77							; 
   3646  fb77
   3647  fb77				   .
   3648  fb77							; 
   3649  fb77
   3650  fb77				   .
   3651  fb77							; 
   3652  fb77
   3653  fb77				   .L0134		;  if !pfread ( temp5 , temp6 )  then goto __Skip_Missile
   3654  fb77
   3655  fb77		       a5 a0		      LDA	temp5
   3656  fb79		       a4 a1		      LDY	temp6
   3657  fb7b		       20 74 f2 	      jsr	pfread
   3658  fb7e		       f0 03		      BEQ	.skipL0134
   3659  fb80				   .condpart74
   3660  fb80		       4c b6 fb 	      jmp	.__Skip_Missile
   3661  fb83
   3662  fb83				   .skipL0134
   3663  fb83				   .
   3664  fb83							; 
   3665  fb83
   3666  fb83				   .
   3667  fb83							; 
   3668  fb83
   3669  fb83				   .
   3670  fb83							; 
   3671  fb83
   3672  fb83				   .
   3673  fb83							; 
   3674  fb83
   3675  fb83				   .
   3676  fb83							; 
   3677  fb83
   3678  fb83				   .L0135		;  if temp6  =  5 then goto __Delete_Missile
   3679  fb83
   3680  fb83		       a5 a1		      LDA	temp6
   3681  fb85		       c9 05		      CMP	#5
   3682  fb87		       d0 03		      BNE	.skipL0135
   3683  fb89				   .condpart75
   3684  fb89		       4c aa fb 	      jmp	.__Delete_Missile
   3685  fb8c
   3686  fb8c				   .skipL0135
   3687  fb8c				   .
   3688  fb8c							; 
   3689  fb8c
   3690  fb8c				   .L0136		;  pfpixel temp5 temp6 off  :	score  =  score  +  1
   3691  fb8c
   3692  fb8c		       a2 01		      LDX	#1
   3693  fb8e		       a4 a1		      LDY	temp6
   3694  fb90		       a5 a0		      LDA	temp5
   3695  fb92		       20 81 f2 	      jsr	pfpixel
   3696  fb95		       f8		      SED
   3697  fb96		       18		      CLC
   3698  fb97		       a5 95		      LDA	score+2
   3699  fb99		       69 01		      ADC	#$01
   3700  fb9b		       85 95		      STA	score+2
   3701  fb9d		       a5 94		      LDA	score+1
   3702  fb9f		       69 00		      ADC	#$00
   3703  fba1		       85 94		      STA	score+1
   3704  fba3		       a5 93		      LDA	score
   3705  fba5		       69 00		      ADC	#$00
   3706  fba7		       85 93		      STA	score
   3707  fba9		       d8		      CLD
   3708  fbaa				   .
   3709  fbaa							; 
   3710  fbaa
   3711  fbaa				   .__Delete_Missile
   3712  fbaa							; __Delete_Missile
   3713  fbaa
   3714  fbaa				   .
   3715  fbaa							; 
   3716  fbaa
   3717  fbaa				   .L0137		;  _b7_gameMissile0Moving{7}  =  0  :	missile0x  =  200  :  missile0y  =  200
   3718  fbaa
   3719  fbaa		       a5 de		      LDA	_b7_gameMissile0Moving
   3720  fbac		       29 7f		      AND	#127
   3721  fbae		       85 de		      STA	_b7_gameMissile0Moving
   3722  fbb0		       a9 c8		      LDA	#200
   3723  fbb2		       85 82		      STA	missile0x
   3724  fbb4		       85 91		      STA	missile0y
   3725  fbb6				   .
   3726  fbb6							; 
   3727  fbb6
   3728  fbb6				   .__Skip_Missile
   3729  fbb6							; __Skip_Missile
   3730  fbb6
   3731  fbb6				   .
   3732  fbb6							; 
   3733  fbb6
   3734  fbb6				   .
   3735  fbb6							; 
   3736  fbb6
   3737  fbb6				   .
   3738  fbb6							; 
   3739  fbb6
   3740  fbb6				   .
   3741  fbb6							; 
   3742  fbb6
   3743  fbb6				   .
   3744  fbb6							; 
   3745  fbb6
   3746  fbb6				   .
   3747  fbb6							; 
   3748  fbb6
   3749  fbb6				   .
   3750  fbb6							; 
   3751  fbb6
   3752  fbb6				   .L0138		;  if !joy0right  &&  !joy0left  &&  !joy0up  &&  !joy0down  &&  seconds_counter then goto __skip_animation_player0
   3753  fbb6
   3754  fbb6		       2c 80 02 	      bit	SWCHA
   3755  fbb9		       10 1a		      BPL	.skipL0138
   3756  fbbb				   .condpart76
   3757  fbbb		       2c 80 02 	      bit	SWCHA
   3758  fbbe		       50 15		      BVC	.skip76then
   3759  fbc0				   .condpart77
   3760  fbc0		       a9 10		      lda	#$10
   3761  fbc2		       2c 80 02 	      bit	SWCHA
   3762  fbc5		       f0 0e		      BEQ	.skip77then
   3763  fbc7				   .condpart78
   3764  fbc7		       a9 20		      lda	#$20
   3765  fbc9		       2c 80 02 	      bit	SWCHA
   3766  fbcc		       f0 07		      BEQ	.skip78then
   3767  fbce				   .condpart79
   3768  fbce		       a5 d7		      LDA	seconds_counter
   3769  fbd0		       f0 03		      BEQ	.skip79then
   3770  fbd2				   .condpart80
   3771  fbd2		       4c 11 fc 	      jmp	.__skip_animation_player0
   3772  fbd5
   3773  fbd5				   .skip79then
   3774  fbd5				   .skip78then
   3775  fbd5				   .skip77then
   3776  fbd5				   .skip76then
   3777  fbd5				   .skipL0138
   3778  fbd5				   .
   3779  fbd5							; 
   3780  fbd5
   3781  fbd5				   .
   3782  fbd5							; 
   3783  fbd5
   3784  fbd5				   .
   3785  fbd5							; 
   3786  fbd5
   3787  fbd5				   .
   3788  fbd5							; 
   3789  fbd5
   3790  fbd5				   .
   3791  fbd5							; 
   3792  fbd5
   3793  fbd5				   .
   3794  fbd5							; 
   3795  fbd5
   3796  fbd5				   .
   3797  fbd5							; 
   3798  fbd5
   3799  fbd5				   .
   3800  fbd5							; 
   3801  fbd5
   3802  fbd5				   .L0139		;  if frame_counter  &&  frame_counter  &  7  =  0 then AUDV0	=  10  :  AUDC0  =  12	:  AUDF0  =  5	:  player0:
   3803  fbd5
   3804  fbd5		       a5 d6		      LDA	frame_counter
   3805  fbd7		       f0 20		      BEQ	.skipL0139
   3806  fbd9				   .condpart81
   3807  fbd9							; complex condition detected
   3808  fbd9		       a5 d6		      LDA	frame_counter
   3809  fbdb		       29 07		      AND	#7
   3810  fbdd		       c9 00		      CMP	#0
   3811  fbdf		       d0 18		      BNE	.skip81then
   3812  fbe1				   .condpart82
   3813  fbe1		       a9 0a		      LDA	#10
   3814  fbe3		       85 19		      STA	AUDV0
   3815  fbe5		       a9 0c		      LDA	#12
   3816  fbe7		       85 15		      STA	AUDC0
   3817  fbe9		       a9 05		      LDA	#5
   3818  fbeb		       85 17		      STA	AUDF0
   3819  fbed		       a2 8a		      LDX	#<player82then_0
   3820  fbef		       86 8a		      STX	player0pointerlo
   3821  fbf1		       a9 ff		      LDA	#>player82then_0
   3822  fbf3		       85 8b		      STA	player0pointerhi
   3823  fbf5		       a9 03		      LDA	#3
   3824  fbf7		       85 8e		      STA	player0height
   3825  fbf9				   .skip81then
   3826  fbf9				   .skipL0139
   3827  fbf9				   .
   3828  fbf9							; 
   3829  fbf9
   3830  fbf9				   .L0140		;  if frame_counter  &&  frame_counter  &  7  <>  0 then player0:
   3831  fbf9
   3832  fbf9		       a5 d6		      LDA	frame_counter
   3833  fbfb		       f0 14		      BEQ	.skipL0140
   3834  fbfd				   .condpart83
   3835  fbfd							; complex condition detected
   3836  fbfd		       a5 d6		      LDA	frame_counter
   3837  fbff		       29 07		      AND	#7
   3838  fc01		       c9 00		      CMP	#0
   3839  fc03		       f0 0c		      BEQ	.skip83then
   3840  fc05				   .condpart84
   3841  fc05		       a2 8e		      LDX	#<player84then_0
   3842  fc07		       86 8a		      STX	player0pointerlo
   3843  fc09		       a9 ff		      LDA	#>player84then_0
   3844  fc0b		       85 8b		      STA	player0pointerhi
   3845  fc0d		       a9 03		      LDA	#3
   3846  fc0f		       85 8e		      STA	player0height
   3847  fc11				   .skip83then
   3848  fc11				   .skipL0140
   3849  fc11				   .
   3850  fc11							; 
   3851  fc11
   3852  fc11				   .__skip_animation_player0
   3853  fc11							; __skip_animation_player0
   3854  fc11
   3855  fc11				   .
   3856  fc11							; 
   3857  fc11
   3858  fc11				   .L0141		;  if frame_counter  &  8  =  0 then player1:
   3859  fc11
   3860  fc11							; complex condition detected
   3861  fc11		       a5 d6		      LDA	frame_counter
   3862  fc13		       29 08		      AND	#8
   3863  fc15		       c9 00		      CMP	#0
   3864  fc17		       d0 0c		      BNE	.skipL0141
   3865  fc19				   .condpart85
   3866  fc19		       a2 92		      LDX	#<player85then_1
   3867  fc1b		       86 8c		      STX	player1pointerlo
   3868  fc1d		       a9 ff		      LDA	#>player85then_1
   3869  fc1f		       85 8d		      STA	player1pointerhi
   3870  fc21		       a9 03		      LDA	#3
   3871  fc23		       85 8f		      STA	player1height
   3872  fc25				   .skipL0141
   3873  fc25				   .
   3874  fc25							; 
   3875  fc25
   3876  fc25				   .L0142		;  if frame_counter  &  8  <>	0 then player1:
   3877  fc25
   3878  fc25							; complex condition detected
   3879  fc25		       a5 d6		      LDA	frame_counter
   3880  fc27		       29 08		      AND	#8
   3881  fc29		       c9 00		      CMP	#0
   3882  fc2b		       f0 0c		      BEQ	.skipL0142
   3883  fc2d				   .condpart86
   3884  fc2d		       a2 96		      LDX	#<player86then_1
   3885  fc2f		       86 8c		      STX	player1pointerlo
   3886  fc31		       a9 ff		      LDA	#>player86then_1
   3887  fc33		       85 8d		      STA	player1pointerhi
   3888  fc35		       a9 03		      LDA	#3
   3889  fc37		       85 8f		      STA	player1height
   3890  fc39				   .skipL0142
   3891  fc39				   .L0143		;  if !_b0_gameStart{0} then goto __skip_to_draw_playfield
   3892  fc39
   3893  fc39		       a5 de		      LDA	_b0_gameStart
   3894  fc3b		       4a		      LSR
   3895  fc3c		       b0 03		      BCS	.skipL0143
   3896  fc3e				   .condpart87
   3897  fc3e		       4c 25 ff 	      jmp	.__skip_to_draw_playfield
   3898  fc41
   3899  fc41				   .skipL0143
   3900  fc41				   .
   3901  fc41							; 
   3902  fc41
   3903  fc41				   .
   3904  fc41							; 
   3905  fc41
   3906  fc41				   .
   3907  fc41							; 
   3908  fc41
   3909  fc41				   .
   3910  fc41							; 
   3911  fc41
   3912  fc41				   .
   3913  fc41							; 
   3914  fc41
   3915  fc41				   .
   3916  fc41							; 
   3917  fc41
   3918  fc41				   .
   3919  fc41							; 
   3920  fc41
   3921  fc41				   .
   3922  fc41							; 
   3923  fc41
   3924  fc41				   .
   3925  fc41							; 
   3926  fc41
   3927  fc41				   .L0144		;  if !joy0up then goto __Skip_Joy0_Up
   3928  fc41
   3929  fc41		       a9 10		      lda	#$10
   3930  fc43		       2c 80 02 	      bit	SWCHA
   3931  fc46		       f0 03		      BEQ	.skipL0144
   3932  fc48				   .condpart88
   3933  fc48		       4c d9 fc 	      jmp	.__Skip_Joy0_Up
   3934  fc4b
   3935  fc4b				   .skipL0144
   3936  fc4b				   .
   3937  fc4b							; 
   3938  fc4b
   3939  fc4b				   .
   3940  fc4b							; 
   3941  fc4b
   3942  fc4b				   .
   3943  fc4b							; 
   3944  fc4b
   3945  fc4b				   .
   3946  fc4b							; 
   3947  fc4b
   3948  fc4b				   .L0145		;  if player0y  <=  _P_Edge_Top then goto __Skip_Joy0_Up
   3949  fc4b
   3950  fc4b		       a9 08		      LDA	#_P_Edge_Top
   3951  fc4d		       c5 85		      CMP	player0y
   3952  fc4f		       90 03		      BCC	.skipL0145
   3953  fc51				   .condpart89
   3954  fc51		       4c d9 fc 	      jmp	.__Skip_Joy0_Up
   3955  fc54
   3956  fc54				   .skipL0145
   3957  fc54				   .
   3958  fc54							; 
   3959  fc54
   3960  fc54				   .
   3961  fc54							; 
   3962  fc54
   3963  fc54				   .
   3964  fc54							; 
   3965  fc54
   3966  fc54				   .
   3967  fc54							; 
   3968  fc54
   3969  fc54				   .L0146		;  temp5  =   ( player0x - 10 )  / 4
   3970  fc54
   3971  fc54							; complex statement detected
   3972  fc54		       a5 80		      LDA	player0x
   3973  fc56		       38		      SEC
   3974  fc57		       e9 0a		      SBC	#10
   3975  fc59		       4a		      lsr
   3976  fc5a		       4a		      lsr
   3977  fc5b		       85 a0		      STA	temp5
   3978  fc5d				   .
   3979  fc5d							; 
   3980  fc5d
   3981  fc5d				   .L0147		;  temp6  =   ( player0y - 5 )  / 8
   3982  fc5d
   3983  fc5d							; complex statement detected
   3984  fc5d		       a5 85		      LDA	player0y
   3985  fc5f		       38		      SEC
   3986  fc60		       e9 05		      SBC	#5
   3987  fc62		       4a		      lsr
   3988  fc63		       4a		      lsr
   3989  fc64		       4a		      lsr
   3990  fc65		       85 a1		      STA	temp6
   3991  fc67				   .
   3992  fc67							; 
   3993  fc67
   3994  fc67				   .L0148		;  if temp5  <  34 then if pfread ( temp5 , temp6 )  then _b6_palyerslowMotion{6}  = 1  : goto __Skip_Joy0_Up
   3995  fc67
   3996  fc67		       a5 a0		      LDA	temp5
   3997  fc69		       c9 22		      CMP	#34
   3998  fc6b		       b0 12		      BCS	.skipL0148
   3999  fc6d				   .condpart90
   4000  fc6d		       a5 a0		      LDA	temp5
   4001  fc6f		       a4 a1		      LDY	temp6
   4002  fc71		       20 74 f2 	      jsr	pfread
   4003  fc74		       d0 09		      BNE	.skip90then
   4004  fc76				   .condpart91
   4005  fc76		       a5 de		      LDA	_b6_palyerslowMotion
   4006  fc78		       09 40		      ORA	#64
   4007  fc7a		       85 de		      STA	_b6_palyerslowMotion
   4008  fc7c		       4c d9 fc 	      jmp	.__Skip_Joy0_Up
   4009  fc7f
   4010  fc7f				   .skip90then
   4011  fc7f				   .skipL0148
   4012  fc7f				   .
   4013  fc7f							; 
   4014  fc7f
   4015  fc7f				   .L0149		;  temp4  =   ( player0x - 17 )  / 4
   4016  fc7f
   4017  fc7f							; complex statement detected
   4018  fc7f		       a5 80		      LDA	player0x
   4019  fc81		       38		      SEC
   4020  fc82		       e9 11		      SBC	#17
   4021  fc84		       4a		      lsr
   4022  fc85		       4a		      lsr
   4023  fc86		       85 9f		      STA	temp4
   4024  fc88				   .
   4025  fc88							; 
   4026  fc88
   4027  fc88				   .L0150		;  if temp4  <  34 then if pfread ( temp4 , temp6 )  then _b6_palyerslowMotion{6}  = 1  : goto __Skip_Joy0_Up
   4028  fc88
   4029  fc88		       a5 9f		      LDA	temp4
   4030  fc8a		       c9 22		      CMP	#34
   4031  fc8c		       b0 12		      BCS	.skipL0150
   4032  fc8e				   .condpart92
   4033  fc8e		       a5 9f		      LDA	temp4
   4034  fc90		       a4 a1		      LDY	temp6
   4035  fc92		       20 74 f2 	      jsr	pfread
   4036  fc95		       d0 09		      BNE	.skip92then
   4037  fc97				   .condpart93
   4038  fc97		       a5 de		      LDA	_b6_palyerslowMotion
   4039  fc99		       09 40		      ORA	#64
   4040  fc9b		       85 de		      STA	_b6_palyerslowMotion
   4041  fc9d		       4c d9 fc 	      jmp	.__Skip_Joy0_Up
   4042  fca0
   4043  fca0				   .skip92then
   4044  fca0				   .skipL0150
   4045  fca0				   .
   4046  fca0							; 
   4047  fca0
   4048  fca0				   .L0151		;  temp3  =  temp5  -	1
   4049  fca0
   4050  fca0		       a5 a0		      LDA	temp5
   4051  fca2		       38		      SEC
   4052  fca3		       e9 01		      SBC	#1
   4053  fca5		       85 9e		      STA	temp3
   4054  fca7				   .
   4055  fca7							; 
   4056  fca7
   4057  fca7				   .L0152		;  if temp3  <  34 then if pfread ( temp3 , temp6 )  then _b6_palyerslowMotion{6}  = 1  : goto __Skip_Joy0_Up
   4058  fca7
   4059  fca7		       a5 9e		      LDA	temp3
   4060  fca9		       c9 22		      CMP	#34
   4061  fcab		       b0 12		      BCS	.skipL0152
   4062  fcad				   .condpart94
   4063  fcad		       a5 9e		      LDA	temp3
   4064  fcaf		       a4 a1		      LDY	temp6
   4065  fcb1		       20 74 f2 	      jsr	pfread
   4066  fcb4		       d0 09		      BNE	.skip94then
   4067  fcb6				   .condpart95
   4068  fcb6		       a5 de		      LDA	_b6_palyerslowMotion
   4069  fcb8		       09 40		      ORA	#64
   4070  fcba		       85 de		      STA	_b6_palyerslowMotion
   4071  fcbc		       4c d9 fc 	      jmp	.__Skip_Joy0_Up
   4072  fcbf
   4073  fcbf				   .skip94then
   4074  fcbf				   .skipL0152
   4075  fcbf				   .
   4076  fcbf							; 
   4077  fcbf
   4078  fcbf				   .
   4079  fcbf							; 
   4080  fcbf
   4081  fcbf				   .
   4082  fcbf							; 
   4083  fcbf
   4084  fcbf				   .
   4085  fcbf							; 
   4086  fcbf
   4087  fcbf				   .L0153		;  if _b6_palyerslowMotion{6} then if	( frame_counter  &  3 )   =  0 then player0y  =  player0y  -  1
   4088  fcbf
   4089  fcbf		       24 de		      BIT	_b6_palyerslowMotion
   4090  fcc1		       50 0a		      BVC	.skipL0153
   4091  fcc3				   .condpart96
   4092  fcc3							; complex condition detected
   4093  fcc3							; complex statement detected
   4094  fcc3		       a5 d6		      LDA	frame_counter
   4095  fcc5		       29 03		      AND	#3
   4096  fcc7		       c9 00		      CMP	#0
   4097  fcc9		       d0 02		      BNE	.skip96then
   4098  fccb				   .condpart97
   4099  fccb		       c6 85		      DEC	player0y
   4100  fccd				   .skip96then
   4101  fccd				   .skipL0153
   4102  fccd				   .L0154		;  if !_b6_palyerslowMotion{6} then player0y  =  player0y  -  1
   4103  fccd
   4104  fccd		       24 de		      BIT	_b6_palyerslowMotion
   4105  fccf		       70 02		      BVS	.skipL0154
   4106  fcd1				   .condpart98
   4107  fcd1		       c6 85		      DEC	player0y
   4108  fcd3				   .skipL0154
   4109  fcd3				   .L0155		;  _Bit0_P0_Dir_Up{0}	=  1
   4110  fcd3
   4111  fcd3		       a5 e3		      LDA	_Bit0_P0_Dir_Up
   4112  fcd5		       09 01		      ORA	#1
   4113  fcd7		       85 e3		      STA	_Bit0_P0_Dir_Up
   4114  fcd9				   .
   4115  fcd9							; 
   4116  fcd9
   4117  fcd9				   .__Skip_Joy0_Up
   4118  fcd9							; __Skip_Joy0_Up
   4119  fcd9
   4120  fcd9				   .
   4121  fcd9							; 
   4122  fcd9
   4123  fcd9				   .
   4124  fcd9							; 
   4125  fcd9
   4126  fcd9				   .
   4127  fcd9							; 
   4128  fcd9
   4129  fcd9				   .
   4130  fcd9							; 
   4131  fcd9
   4132  fcd9				   .
   4133  fcd9							; 
   4134  fcd9
   4135  fcd9				   .
   4136  fcd9							; 
   4137  fcd9
   4138  fcd9				   .
   4139  fcd9							; 
   4140  fcd9
   4141  fcd9				   .
   4142  fcd9							; 
   4143  fcd9
   4144  fcd9				   .L0156		;  if !joy0down then goto __Skip_Joy0_Down
   4145  fcd9
   4146  fcd9		       a9 20		      lda	#$20
   4147  fcdb		       2c 80 02 	      bit	SWCHA
   4148  fcde		       f0 03		      BEQ	.skipL0156
   4149  fce0				   .condpart99
   4150  fce0		       4c 6e fd 	      jmp	.__Skip_Joy0_Down
   4151  fce3
   4152  fce3				   .skipL0156
   4153  fce3				   .
   4154  fce3							; 
   4155  fce3
   4156  fce3				   .
   4157  fce3							; 
   4158  fce3
   4159  fce3				   .
   4160  fce3							; 
   4161  fce3
   4162  fce3				   .
   4163  fce3							; 
   4164  fce3
   4165  fce3				   .L0157		;  if player0y  >=  _Edge_Bottom then goto __Skip_Joy0_Down
   4166  fce3
   4167  fce3		       a5 85		      LDA	player0y
   4168  fce5		       c9 58		      CMP	#_Edge_Bottom
   4169  fce7		       90 03		      BCC	.skipL0157
   4170  fce9				   .condpart100
   4171  fce9		       4c 6e fd 	      jmp	.__Skip_Joy0_Down
   4172  fcec
   4173  fcec				   .skipL0157
   4174  fcec				   .
   4175  fcec							; 
   4176  fcec
   4177  fcec				   .
   4178  fcec							; 
   4179  fcec
   4180  fcec				   .
   4181  fcec							; 
   4182  fcec
   4183  fcec				   .
   4184  fcec							; 
   4185  fcec
   4186  fcec				   .L0158		;  temp5  =   ( player0x - 10 )  / 4
   4187  fcec
   4188  fcec							; complex statement detected
   4189  fcec		       a5 80		      LDA	player0x
   4190  fcee		       38		      SEC
   4191  fcef		       e9 0a		      SBC	#10
   4192  fcf1		       4a		      lsr
   4193  fcf2		       4a		      lsr
   4194  fcf3		       85 a0		      STA	temp5
   4195  fcf5				   .
   4196  fcf5							; 
   4197  fcf5
   4198  fcf5				   .L0159		;  temp6  =   ( player0y )  / 8
   4199  fcf5
   4200  fcf5							; complex statement detected
   4201  fcf5		       a5 85		      LDA	player0y
   4202  fcf7		       4a		      lsr
   4203  fcf8		       4a		      lsr
   4204  fcf9		       4a		      lsr
   4205  fcfa		       85 a1		      STA	temp6
   4206  fcfc				   .
   4207  fcfc							; 
   4208  fcfc
   4209  fcfc				   .L0160		;  if temp5  <  34 then if pfread ( temp5 , temp6 )  then _b6_palyerslowMotion{6}  =  1  : goto __Skip_Joy0_Down
   4210  fcfc
   4211  fcfc		       a5 a0		      LDA	temp5
   4212  fcfe		       c9 22		      CMP	#34
   4213  fd00		       b0 12		      BCS	.skipL0160
   4214  fd02				   .condpart101
   4215  fd02		       a5 a0		      LDA	temp5
   4216  fd04		       a4 a1		      LDY	temp6
   4217  fd06		       20 74 f2 	      jsr	pfread
   4218  fd09		       d0 09		      BNE	.skip101then
   4219  fd0b				   .condpart102
   4220  fd0b		       a5 de		      LDA	_b6_palyerslowMotion
   4221  fd0d		       09 40		      ORA	#64
   4222  fd0f		       85 de		      STA	_b6_palyerslowMotion
   4223  fd11		       4c 6e fd 	      jmp	.__Skip_Joy0_Down
   4224  fd14
   4225  fd14				   .skip101then
   4226  fd14				   .skipL0160
   4227  fd14				   .
   4228  fd14							; 
   4229  fd14
   4230  fd14				   .L0161		;  temp4  =   ( player0x - 17 )  / 4
   4231  fd14
   4232  fd14							; complex statement detected
   4233  fd14		       a5 80		      LDA	player0x
   4234  fd16		       38		      SEC
   4235  fd17		       e9 11		      SBC	#17
   4236  fd19		       4a		      lsr
   4237  fd1a		       4a		      lsr
   4238  fd1b		       85 9f		      STA	temp4
   4239  fd1d				   .
   4240  fd1d							; 
   4241  fd1d
   4242  fd1d				   .L0162		;  if temp4  <  34 then if pfread ( temp4 , temp6 )  then _b6_palyerslowMotion{6}  =  1  : goto __Skip_Joy0_Down
   4243  fd1d
   4244  fd1d		       a5 9f		      LDA	temp4
   4245  fd1f		       c9 22		      CMP	#34
   4246  fd21		       b0 12		      BCS	.skipL0162
   4247  fd23				   .condpart103
   4248  fd23		       a5 9f		      LDA	temp4
   4249  fd25		       a4 a1		      LDY	temp6
   4250  fd27		       20 74 f2 	      jsr	pfread
   4251  fd2a		       d0 09		      BNE	.skip103then
   4252  fd2c				   .condpart104
   4253  fd2c		       a5 de		      LDA	_b6_palyerslowMotion
   4254  fd2e		       09 40		      ORA	#64
   4255  fd30		       85 de		      STA	_b6_palyerslowMotion
   4256  fd32		       4c 6e fd 	      jmp	.__Skip_Joy0_Down
   4257  fd35
   4258  fd35				   .skip103then
   4259  fd35				   .skipL0162
   4260  fd35				   .
   4261  fd35							; 
   4262  fd35
   4263  fd35				   .L0163		;  temp3  =  temp5  -	1
   4264  fd35
   4265  fd35		       a5 a0		      LDA	temp5
   4266  fd37		       38		      SEC
   4267  fd38		       e9 01		      SBC	#1
   4268  fd3a		       85 9e		      STA	temp3
   4269  fd3c				   .
   4270  fd3c							; 
   4271  fd3c
   4272  fd3c				   .L0164		;  if temp3  <  34 then if pfread ( temp3 , temp6 )  then _b6_palyerslowMotion{6}  =  1  : goto __Skip_Joy0_Down
   4273  fd3c
   4274  fd3c		       a5 9e		      LDA	temp3
   4275  fd3e		       c9 22		      CMP	#34
   4276  fd40		       b0 12		      BCS	.skipL0164
   4277  fd42				   .condpart105
   4278  fd42		       a5 9e		      LDA	temp3
   4279  fd44		       a4 a1		      LDY	temp6
   4280  fd46		       20 74 f2 	      jsr	pfread
   4281  fd49		       d0 09		      BNE	.skip105then
   4282  fd4b				   .condpart106
   4283  fd4b		       a5 de		      LDA	_b6_palyerslowMotion
   4284  fd4d		       09 40		      ORA	#64
   4285  fd4f		       85 de		      STA	_b6_palyerslowMotion
   4286  fd51		       4c 6e fd 	      jmp	.__Skip_Joy0_Down
   4287  fd54
   4288  fd54				   .skip105then
   4289  fd54				   .skipL0164
   4290  fd54				   .
   4291  fd54							; 
   4292  fd54
   4293  fd54				   .L0165		;  if _b6_palyerslowMotion{6} then if	( frame_counter  &  3 )   =  0 then player0y  =  player0y  +  1
   4294  fd54
   4295  fd54		       24 de		      BIT	_b6_palyerslowMotion
   4296  fd56		       50 0a		      BVC	.skipL0165
   4297  fd58				   .condpart107
   4298  fd58							; complex condition detected
   4299  fd58							; complex statement detected
   4300  fd58		       a5 d6		      LDA	frame_counter
   4301  fd5a		       29 03		      AND	#3
   4302  fd5c		       c9 00		      CMP	#0
   4303  fd5e		       d0 02		      BNE	.skip107then
   4304  fd60				   .condpart108
   4305  fd60		       e6 85		      INC	player0y
   4306  fd62				   .skip107then
   4307  fd62				   .skipL0165
   4308  fd62				   .L0166		;  if !_b6_palyerslowMotion{6} then player0y  =  player0y  +  1
   4309  fd62
   4310  fd62		       24 de		      BIT	_b6_palyerslowMotion
   4311  fd64		       70 02		      BVS	.skipL0166
   4312  fd66				   .condpart109
   4313  fd66		       e6 85		      INC	player0y
   4314  fd68				   .skipL0166
   4315  fd68				   .
   4316  fd68							; 
   4317  fd68
   4318  fd68				   .
   4319  fd68							; 
   4320  fd68
   4321  fd68				   .
   4322  fd68							; 
   4323  fd68
   4324  fd68				   .
   4325  fd68							; 
   4326  fd68
   4327  fd68				   .
   4328  fd68							; 
   4329  fd68
   4330  fd68				   .L0167		;  _Bit1_P0_Dir_Down{1}  =  1
   4331  fd68
   4332  fd68		       a5 e3		      LDA	_Bit1_P0_Dir_Down
   4333  fd6a		       09 02		      ORA	#2
   4334  fd6c		       85 e3		      STA	_Bit1_P0_Dir_Down
   4335  fd6e				   .
   4336  fd6e							; 
   4337  fd6e
   4338  fd6e				   .
   4339  fd6e							; 
   4340  fd6e
   4341  fd6e				   .__Skip_Joy0_Down
   4342  fd6e							; __Skip_Joy0_Down
   4343  fd6e
   4344  fd6e				   .
   4345  fd6e							; 
   4346  fd6e
   4347  fd6e				   .
   4348  fd6e							; 
   4349  fd6e
   4350  fd6e				   .
   4351  fd6e							; 
   4352  fd6e
   4353  fd6e				   .
   4354  fd6e							; 
   4355  fd6e
   4356  fd6e				   .
   4357  fd6e							; 
   4358  fd6e
   4359  fd6e				   .
   4360  fd6e							; 
   4361  fd6e
   4362  fd6e				   .
   4363  fd6e							; 
   4364  fd6e
   4365  fd6e				   .
   4366  fd6e							; 
   4367  fd6e
   4368  fd6e				   .L0168		;  if !joy0left then goto __Skip_Joy0_Left
   4369  fd6e
   4370  fd6e		       2c 80 02 	      bit	SWCHA
   4371  fd71		       50 03		      BVC	.skipL0168
   4372  fd73				   .condpart110
   4373  fd73		       4c e6 fd 	      jmp	.__Skip_Joy0_Left
   4374  fd76
   4375  fd76				   .skipL0168
   4376  fd76				   .
   4377  fd76							; 
   4378  fd76
   4379  fd76				   .
   4380  fd76							; 
   4381  fd76
   4382  fd76				   .
   4383  fd76							; 
   4384  fd76
   4385  fd76				   .
   4386  fd76							; 
   4387  fd76
   4388  fd76				   .L0169		;  if player0x  <=  _P_Edge_Left then goto __Skip_Joy0_Left
   4389  fd76
   4390  fd76		       a9 0a		      LDA	#_P_Edge_Left
   4391  fd78		       c5 80		      CMP	player0x
   4392  fd7a		       90 03		      BCC	.skipL0169
   4393  fd7c				   .condpart111
   4394  fd7c		       4c e6 fd 	      jmp	.__Skip_Joy0_Left
   4395  fd7f
   4396  fd7f				   .skipL0169
   4397  fd7f				   .
   4398  fd7f							; 
   4399  fd7f
   4400  fd7f				   .
   4401  fd7f							; 
   4402  fd7f
   4403  fd7f				   .
   4404  fd7f							; 
   4405  fd7f
   4406  fd7f				   .
   4407  fd7f							; 
   4408  fd7f
   4409  fd7f				   .L0170		;  temp5  =   ( player0y - 1 )  / 8
   4410  fd7f
   4411  fd7f							; complex statement detected
   4412  fd7f		       a5 85		      LDA	player0y
   4413  fd81		       38		      SEC
   4414  fd82		       e9 01		      SBC	#1
   4415  fd84		       4a		      lsr
   4416  fd85		       4a		      lsr
   4417  fd86		       4a		      lsr
   4418  fd87		       85 a0		      STA	temp5
   4419  fd89				   .
   4420  fd89							; 
   4421  fd89
   4422  fd89				   .L0171		;  temp6  =   ( player0x - 18 )  / 4
   4423  fd89
   4424  fd89							; complex statement detected
   4425  fd89		       a5 80		      LDA	player0x
   4426  fd8b		       38		      SEC
   4427  fd8c		       e9 12		      SBC	#18
   4428  fd8e		       4a		      lsr
   4429  fd8f		       4a		      lsr
   4430  fd90		       85 a1		      STA	temp6
   4431  fd92				   .
   4432  fd92							; 
   4433  fd92
   4434  fd92				   .L0172		;  if temp6  <  34 then if pfread ( temp6 , temp5 )  then _b6_palyerslowMotion{6}  =  1  :  goto __Skip_Joy0_Left
   4435  fd92
   4436  fd92		       a5 a1		      LDA	temp6
   4437  fd94		       c9 22		      CMP	#34
   4438  fd96		       b0 12		      BCS	.skipL0172
   4439  fd98				   .condpart112
   4440  fd98		       a5 a1		      LDA	temp6
   4441  fd9a		       a4 a0		      LDY	temp5
   4442  fd9c		       20 74 f2 	      jsr	pfread
   4443  fd9f		       d0 09		      BNE	.skip112then
   4444  fda1				   .condpart113
   4445  fda1		       a5 de		      LDA	_b6_palyerslowMotion
   4446  fda3		       09 40		      ORA	#64
   4447  fda5		       85 de		      STA	_b6_palyerslowMotion
   4448  fda7		       4c e6 fd 	      jmp	.__Skip_Joy0_Left
   4449  fdaa
   4450  fdaa				   .skip112then
   4451  fdaa				   .skipL0172
   4452  fdaa				   .
   4453  fdaa							; 
   4454  fdaa
   4455  fdaa				   .L0173		;  temp3  =   ( player0y - 4 )  / 8
   4456  fdaa
   4457  fdaa							; complex statement detected
   4458  fdaa		       a5 85		      LDA	player0y
   4459  fdac		       38		      SEC
   4460  fdad		       e9 04		      SBC	#4
   4461  fdaf		       4a		      lsr
   4462  fdb0		       4a		      lsr
   4463  fdb1		       4a		      lsr
   4464  fdb2		       85 9e		      STA	temp3
   4465  fdb4				   .
   4466  fdb4							; 
   4467  fdb4
   4468  fdb4				   .L0174		;  if temp6  <  34 then if pfread ( temp6 , temp3 )  then _b6_palyerslowMotion{6}  =  1  :  goto __Skip_Joy0_Left
   4469  fdb4
   4470  fdb4		       a5 a1		      LDA	temp6
   4471  fdb6		       c9 22		      CMP	#34
   4472  fdb8		       b0 12		      BCS	.skipL0174
   4473  fdba				   .condpart114
   4474  fdba		       a5 a1		      LDA	temp6
   4475  fdbc		       a4 9e		      LDY	temp3
   4476  fdbe		       20 74 f2 	      jsr	pfread
   4477  fdc1		       d0 09		      BNE	.skip114then
   4478  fdc3				   .condpart115
   4479  fdc3		       a5 de		      LDA	_b6_palyerslowMotion
   4480  fdc5		       09 40		      ORA	#64
   4481  fdc7		       85 de		      STA	_b6_palyerslowMotion
   4482  fdc9		       4c e6 fd 	      jmp	.__Skip_Joy0_Left
   4483  fdcc
   4484  fdcc				   .skip114then
   4485  fdcc				   .skipL0174
   4486  fdcc				   .
   4487  fdcc							; 
   4488  fdcc
   4489  fdcc				   .
   4490  fdcc							; 
   4491  fdcc
   4492  fdcc				   .
   4493  fdcc							; 
   4494  fdcc
   4495  fdcc				   .
   4496  fdcc							; 
   4497  fdcc
   4498  fdcc				   .L0175		;  if _b6_palyerslowMotion{6} then if	( frame_counter  &  3 )   =  0 then player0x  =  player0x  -  1
   4499  fdcc
   4500  fdcc		       24 de		      BIT	_b6_palyerslowMotion
   4501  fdce		       50 0a		      BVC	.skipL0175
   4502  fdd0				   .condpart116
   4503  fdd0							; complex condition detected
   4504  fdd0							; complex statement detected
   4505  fdd0		       a5 d6		      LDA	frame_counter
   4506  fdd2		       29 03		      AND	#3
   4507  fdd4		       c9 00		      CMP	#0
   4508  fdd6		       d0 02		      BNE	.skip116then
   4509  fdd8				   .condpart117
   4510  fdd8		       c6 80		      DEC	player0x
   4511  fdda				   .skip116then
   4512  fdda				   .skipL0175
   4513  fdda				   .L0176		;  if !_b6_palyerslowMotion{6} then player0x  =  player0x  -  1
   4514  fdda
   4515  fdda		       24 de		      BIT	_b6_palyerslowMotion
   4516  fddc		       70 02		      BVS	.skipL0176
   4517  fdde				   .condpart118
   4518  fdde		       c6 80		      DEC	player0x
   4519  fde0				   .skipL0176
   4520  fde0				   .
   4521  fde0							; 
   4522  fde0
   4523  fde0				   .L0177		;  _Bit2_P0_Dir_Left{2}  =  1
   4524  fde0
   4525  fde0		       a5 e3		      LDA	_Bit2_P0_Dir_Left
   4526  fde2		       09 04		      ORA	#4
   4527  fde4		       85 e3		      STA	_Bit2_P0_Dir_Left
   4528  fde6				   .
   4529  fde6							; 
   4530  fde6
   4531  fde6				   .__Skip_Joy0_Left
   4532  fde6							; __Skip_Joy0_Left
   4533  fde6
   4534  fde6				   .
   4535  fde6							; 
   4536  fde6
   4537  fde6				   .
   4538  fde6							; 
   4539  fde6
   4540  fde6				   .
   4541  fde6							; 
   4542  fde6
   4543  fde6				   .
   4544  fde6							; 
   4545  fde6
   4546  fde6				   .
   4547  fde6							; 
   4548  fde6
   4549  fde6				   .
   4550  fde6							; 
   4551  fde6
   4552  fde6				   .
   4553  fde6							; 
   4554  fde6
   4555  fde6				   .
   4556  fde6							; 
   4557  fde6
   4558  fde6				   .L0178		;  if !joy0right then goto __Skip_Joy0_Right
   4559  fde6
   4560  fde6		       2c 80 02 	      bit	SWCHA
   4561  fde9		       10 03		      BPL	.skipL0178
   4562  fdeb				   .condpart119
   4563  fdeb		       4c 5e fe 	      jmp	.__Skip_Joy0_Right
   4564  fdee
   4565  fdee				   .skipL0178
   4566  fdee				   .
   4567  fdee							; 
   4568  fdee
   4569  fdee				   .
   4570  fdee							; 
   4571  fdee
   4572  fdee				   .
   4573  fdee							; 
   4574  fdee
   4575  fdee				   .
   4576  fdee							; 
   4577  fdee
   4578  fdee				   .L0179		;  if player0x  >=  _Edge_Right then goto __Skip_Joy0_Right
   4579  fdee
   4580  fdee		       a5 80		      LDA	player0x
   4581  fdf0		       c9 91		      CMP	#_Edge_Right
   4582  fdf2		       90 03		      BCC	.skipL0179
   4583  fdf4				   .condpart120
   4584  fdf4		       4c 5e fe 	      jmp	.__Skip_Joy0_Right
   4585  fdf7
   4586  fdf7				   .skipL0179
   4587  fdf7				   .
   4588  fdf7							; 
   4589  fdf7
   4590  fdf7				   .
   4591  fdf7							; 
   4592  fdf7
   4593  fdf7				   .
   4594  fdf7							; 
   4595  fdf7
   4596  fdf7				   .
   4597  fdf7							; 
   4598  fdf7
   4599  fdf7				   .L0180		;  temp5  =   ( player0y - 1 )  / 8
   4600  fdf7
   4601  fdf7							; complex statement detected
   4602  fdf7		       a5 85		      LDA	player0y
   4603  fdf9		       38		      SEC
   4604  fdfa		       e9 01		      SBC	#1
   4605  fdfc		       4a		      lsr
   4606  fdfd		       4a		      lsr
   4607  fdfe		       4a		      lsr
   4608  fdff		       85 a0		      STA	temp5
   4609  fe01				   .
   4610  fe01							; 
   4611  fe01
   4612  fe01				   .L0181		;  temp6  =   ( player0x - 9 )  / 4
   4613  fe01
   4614  fe01							; complex statement detected
   4615  fe01		       a5 80		      LDA	player0x
   4616  fe03		       38		      SEC
   4617  fe04		       e9 09		      SBC	#9
   4618  fe06		       4a		      lsr
   4619  fe07		       4a		      lsr
   4620  fe08		       85 a1		      STA	temp6
   4621  fe0a				   .
   4622  fe0a							; 
   4623  fe0a
   4624  fe0a				   .L0182		;  if temp6  <  34 then if pfread ( temp6 , temp5 )  then _b6_palyerslowMotion{6}  =  1  :  goto __Skip_Joy0_Right
   4625  fe0a
   4626  fe0a		       a5 a1		      LDA	temp6
   4627  fe0c		       c9 22		      CMP	#34
   4628  fe0e		       b0 12		      BCS	.skipL0182
   4629  fe10				   .condpart121
   4630  fe10		       a5 a1		      LDA	temp6
   4631  fe12		       a4 a0		      LDY	temp5
   4632  fe14		       20 74 f2 	      jsr	pfread
   4633  fe17		       d0 09		      BNE	.skip121then
   4634  fe19				   .condpart122
   4635  fe19		       a5 de		      LDA	_b6_palyerslowMotion
   4636  fe1b		       09 40		      ORA	#64
   4637  fe1d		       85 de		      STA	_b6_palyerslowMotion
   4638  fe1f		       4c 5e fe 	      jmp	.__Skip_Joy0_Right
   4639  fe22
   4640  fe22				   .skip121then
   4641  fe22				   .skipL0182
   4642  fe22				   .
   4643  fe22							; 
   4644  fe22
   4645  fe22				   .L0183		;  temp3  =   ( player0y - 4 )  / 8
   4646  fe22
   4647  fe22							; complex statement detected
   4648  fe22		       a5 85		      LDA	player0y
   4649  fe24		       38		      SEC
   4650  fe25		       e9 04		      SBC	#4
   4651  fe27		       4a		      lsr
   4652  fe28		       4a		      lsr
   4653  fe29		       4a		      lsr
   4654  fe2a		       85 9e		      STA	temp3
   4655  fe2c				   .
   4656  fe2c							; 
   4657  fe2c
   4658  fe2c				   .L0184		;  if temp6  <  34 then if pfread ( temp6 , temp3 )  then _b6_palyerslowMotion{6}  =  1  :  goto __Skip_Joy0_Right
   4659  fe2c
   4660  fe2c		       a5 a1		      LDA	temp6
   4661  fe2e		       c9 22		      CMP	#34
   4662  fe30		       b0 12		      BCS	.skipL0184
   4663  fe32				   .condpart123
   4664  fe32		       a5 a1		      LDA	temp6
   4665  fe34		       a4 9e		      LDY	temp3
   4666  fe36		       20 74 f2 	      jsr	pfread
   4667  fe39		       d0 09		      BNE	.skip123then
   4668  fe3b				   .condpart124
   4669  fe3b		       a5 de		      LDA	_b6_palyerslowMotion
   4670  fe3d		       09 40		      ORA	#64
   4671  fe3f		       85 de		      STA	_b6_palyerslowMotion
   4672  fe41		       4c 5e fe 	      jmp	.__Skip_Joy0_Right
   4673  fe44
   4674  fe44				   .skip123then
   4675  fe44				   .skipL0184
   4676  fe44				   .
   4677  fe44							; 
   4678  fe44
   4679  fe44				   .
   4680  fe44							; 
   4681  fe44
   4682  fe44				   .
   4683  fe44							; 
   4684  fe44
   4685  fe44				   .
   4686  fe44							; 
   4687  fe44
   4688  fe44				   .L0185		;  if _b6_palyerslowMotion{6} then if	( frame_counter  &  3 )   =  0 then player0x  =  player0x  +  1
   4689  fe44
   4690  fe44		       24 de		      BIT	_b6_palyerslowMotion
   4691  fe46		       50 0a		      BVC	.skipL0185
   4692  fe48				   .condpart125
   4693  fe48							; complex condition detected
   4694  fe48							; complex statement detected
   4695  fe48		       a5 d6		      LDA	frame_counter
   4696  fe4a		       29 03		      AND	#3
   4697  fe4c		       c9 00		      CMP	#0
   4698  fe4e		       d0 02		      BNE	.skip125then
   4699  fe50				   .condpart126
   4700  fe50		       e6 80		      INC	player0x
   4701  fe52				   .skip125then
   4702  fe52				   .skipL0185
   4703  fe52				   .L0186		;  if !_b6_palyerslowMotion{6} then player0x  =  player0x  +  1
   4704  fe52
   4705  fe52		       24 de		      BIT	_b6_palyerslowMotion
   4706  fe54		       70 02		      BVS	.skipL0186
   4707  fe56				   .condpart127
   4708  fe56		       e6 80		      INC	player0x
   4709  fe58				   .skipL0186
   4710  fe58				   .
   4711  fe58							; 
   4712  fe58
   4713  fe58				   .L0187		;  _Bit3_P0_Dir_Right{3}  =  1
   4714  fe58
   4715  fe58		       a5 e3		      LDA	_Bit3_P0_Dir_Right
   4716  fe5a		       09 08		      ORA	#8
   4717  fe5c		       85 e3		      STA	_Bit3_P0_Dir_Right
   4718  fe5e				   .__Skip_Joy0_Right
   4719  fe5e							; __Skip_Joy0_Right
   4720  fe5e
   4721  fe5e				   .
   4722  fe5e							; 
   4723  fe5e
   4724  fe5e				   .
   4725  fe5e							; 
   4726  fe5e
   4727  fe5e				   .
   4728  fe5e							; 
   4729  fe5e
   4730  fe5e				   .
   4731  fe5e							; 
   4732  fe5e
   4733  fe5e				   .
   4734  fe5e							; 
   4735  fe5e
   4736  fe5e				   .
   4737  fe5e							; 
   4738  fe5e
   4739  fe5e				   .
   4740  fe5e							; 
   4741  fe5e
   4742  fe5e				   .
   4743  fe5e							; 
   4744  fe5e
   4745  fe5e				   .
   4746  fe5e							; 
   4747  fe5e
   4748  fe5e				   .L0188		;  if collision(player0,player1)  &&  frame_counter  =  0 then goto __decrease_health_bar
   4749  fe5e
   4750  fe5e		       24 07		      bit	CXPPMM
   4751  fe60		       10 09		      BPL	.skipL0188
   4752  fe62				   .condpart128
   4753  fe62		       a5 d6		      LDA	frame_counter
   4754  fe64		       c9 00		      CMP	#0
   4755  fe66		       d0 03		      BNE	.skip128then
   4756  fe68				   .condpart129
   4757  fe68		       4c a6 fe 	      jmp	.__decrease_health_bar
   4758  fe6b
   4759  fe6b				   .skip128then
   4760  fe6b				   .skipL0188
   4761  fe6b				   .L0189		;  if collision(missile0,player1) then score  =  score  +  10	:  _b5_palyer1Enable{5}  =  0  :  player1x  =  255  :  player1y  :  255
   4762  fe6b
   4763  fe6b		       24 00		      bit	CXM0P
   4764  fe6d		       10 1f		      BPL	.skipL0189
   4765  fe6f				   .condpart130
   4766  fe6f		       f8		      SED
   4767  fe70		       18		      CLC
   4768  fe71		       a5 95		      LDA	score+2
   4769  fe73		       69 10		      ADC	#$10
   4770  fe75		       85 95		      STA	score+2
   4771  fe77		       a5 94		      LDA	score+1
   4772  fe79		       69 00		      ADC	#$00
   4773  fe7b		       85 94		      STA	score+1
   4774  fe7d		       a5 93		      LDA	score
   4775  fe7f		       69 00		      ADC	#$00
   4776  fe81		       85 93		      STA	score
   4777  fe83		       d8		      CLD
   4778  fe84		       a5 de		      LDA	_b5_palyer1Enable
   4779  fe86		       29 df		      AND	#223
   4780  fe88		       85 de		      STA	_b5_palyer1Enable
   4781  fe8a		       a9 ff		      LDA	#255
   4782  fe8c		       85 81		      STA	player1x
   4783  fe8e				   .skipL0189
   4784  fe8e				   .L0190		;  if collision(player0,ball) then goto __cambio_livello
   4785  fe8e
   4786  fe8e		       24 02		      bit	CXP0FB
   4787  fe90		       50 03		      BVC	.skipL0190
   4788  fe92				   .condpart131
   4789  fe92		       4c ce fe 	      jmp	.__cambio_livello
   4790  fe95
   4791  fe95				   .skipL0190
   4792  fe95				   .
   4793  fe95							; 
   4794  fe95
   4795  fe95				   .L0191		;  goto __done
   4796  fe95
   4797  fe95		       4c 14 ff 	      jmp	.__done
   4798  fe98
   4799  fe98				   .
   4800  fe98							; 
   4801  fe98
   4802  fe98				   .__decrease_timer_bar
   4803  fe98							; __decrease_timer_bar
   4804  fe98
   4805  fe98				   .L0192		;  player1x  =  200  :  player1y  =  200
   4806  fe98
   4807  fe98		       a9 c8		      LDA	#200
   4808  fe9a		       85 81		      STA	player1x
   4809  fe9c		       85 86		      STA	player1y
   4810  fe9e				   .L0193		;  pfscore1  =  pfscore1  *  2
   4811  fe9e
   4812  fe9e		       a5 f2		      LDA	pfscore1
   4813  fea0		       0a		      asl
   4814  fea1		       85 f2		      STA	pfscore1
   4815  fea3				   .L0194		;  goto __done
   4816  fea3
   4817  fea3		       4c 14 ff 	      jmp	.__done
   4818  fea6
   4819  fea6				   .
   4820  fea6							; 
   4821  fea6
   4822  fea6				   .__decrease_health_bar
   4823  fea6							; __decrease_health_bar
   4824  fea6
   4825  fea6				   .L0195		;  pfscore2  =  pfscore2  /  4
   4826  fea6
   4827  fea6		       a5 f3		      LDA	pfscore2
   4828  fea8		       4a		      lsr
   4829  fea9		       4a		      lsr
   4830  feaa		       85 f3		      STA	pfscore2
   4831  feac				   .L0196		;  score  =  score  -	1
   4832  feac
   4833  feac		       f8		      SED
   4834  fead		       38		      SEC
   4835  feae		       a5 95		      LDA	score+2
   4836  feb0		       e9 01		      SBC	#$01
   4837  feb2		       85 95		      STA	score+2
   4838  feb4		       a5 94		      LDA	score+1
   4839  feb6		       e9 00		      SBC	#$00
   4840  feb8		       85 94		      STA	score+1
   4841  feba		       a5 93		      LDA	score
   4842  febc		       e9 00		      SBC	#$00
   4843  febe		       85 93		      STA	score
   4844  fec0		       d8		      CLD
   4845  fec1				   .L0197		;  if pfscore2  =  0 then __gameOver
   4846  fec1
   4847  fec1		       a5 f3		      LDA	pfscore2
   4848  fec3		       c9 00		      CMP	#0
   4849  fec5		       f0 50		      beq	.__gameOver
   4850  fec7				   .L0198		;  pfscore1  =  255
   4851  fec7
   4852  fec7		       a9 ff		      LDA	#255
   4853  fec9		       85 f2		      STA	pfscore1
   4854  fecb				   .L0199		;  goto __done
   4855  fecb
   4856  fecb		       4c 14 ff 	      jmp	.__done
   4857  fece
   4858  fece				   .
   4859  fece							; 
   4860  fece
   4861  fece				   .__cambio_livello
   4862  fece							; __cambio_livello
   4863  fece
   4864  fece				   .L0200		;  score  =  score  +	100
   4865  fece
   4866  fece		       f8		      SED
   4867  fecf		       18		      CLC
   4868  fed0		       a5 94		      LDA	score+1
   4869  fed2		       69 01		      ADC	#$01
   4870  fed4		       85 94		      STA	score+1
   4871  fed6		       a5 93		      LDA	score
   4872  fed8		       69 00		      ADC	#$00
   4873  feda		       85 93		      STA	score
   4874  fedc		       d8		      CLD
   4875  fedd				   .L0201		;  _level  =  _level  +  1
   4876  fedd
   4877  fedd		       e6 d5		      INC	_level
   4878  fedf				   .L0202		;  if _level  >  10 then goto __startGame
   4879  fedf
   4880  fedf		       a9 0a		      LDA	#10
   4881  fee1		       c5 d5		      CMP	_level
   4882  fee3		       b0 03		      BCS	.skipL0202
   4883  fee5				   .condpart132
   4884  fee5		       4c d2 f4 	      jmp	.__startGame
   4885  fee8
   4886  fee8				   .skipL0202
   4887  fee8				   .L0203		;  sugar_count  =  0
   4888  fee8
   4889  fee8		       a9 00		      LDA	#0
   4890  feea		       85 e7		      STA	sugar_count
   4891  feec				   .L0204		;  if _velocita  <  2 then _velocita  =  2
   4892  feec
   4893  feec		       a5 da		      LDA	_velocita
   4894  feee		       c9 02		      CMP	#2
   4895  fef0		       b0 04		      BCS	.skipL0204
   4896  fef2				   .condpart133
   4897  fef2		       a9 02		      LDA	#2
   4898  fef4		       85 da		      STA	_velocita
   4899  fef6				   .skipL0204
   4900  fef6				   .L0205		;  _velocita  =  _velocita  -	2
   4901  fef6
   4902  fef6		       a5 da		      LDA	_velocita
   4903  fef8		       38		      SEC
   4904  fef9		       e9 02		      SBC	#2
   4905  fefb		       85 da		      STA	_velocita
   4906  fefd				   .L0206		;  ballx  =  200  :  bally  =	200
   4907  fefd
   4908  fefd		       a9 c8		      LDA	#200
   4909  feff		       85 84		      STA	ballx
   4910  ff01		       85 89		      STA	bally
   4911  ff03				   .L0207		;  player0x  =  30  :	player0y  =  54
   4912  ff03
   4913  ff03		       a9 1e		      LDA	#30
   4914  ff05		       85 80		      STA	player0x
   4915  ff07		       a9 36		      LDA	#54
   4916  ff09		       85 85		      STA	player0y
   4917  ff0b				   .L0208		;  _b5_palyer1Enable{5}  =  1
   4918  ff0b
   4919  ff0b		       a5 de		      LDA	_b5_palyer1Enable
   4920  ff0d		       09 20		      ORA	#32
   4921  ff0f		       85 de		      STA	_b5_palyer1Enable
   4922  ff11				   .L0209		;  goto __clean_playfield
   4923  ff11
   4924  ff11		       4c 20 ff 	      jmp	.__clean_playfield
   4925  ff14
   4926  ff14				   .
   4927  ff14							; 
   4928  ff14
   4929  ff14				   .__done
   4930  ff14							; __done
   4931  ff14
   4932  ff14				   .L0210		;  goto __skip_to_draw_playfield
   4933  ff14
   4934  ff14		       4c 25 ff 	      jmp	.__skip_to_draw_playfield
   4935  ff17
   4936  ff17				   .
   4937  ff17							; 
   4938  ff17
   4939  ff17				   .__gameOver
   4940  ff17							; __gameOver
   4941  ff17
   4942  ff17				   .L0211		;  _b0_gameStart{0}  =  0
   4943  ff17
   4944  ff17		       a5 de		      LDA	_b0_gameStart
   4945  ff19		       29 fe		      AND	#254
   4946  ff1b		       85 de		      STA	_b0_gameStart
   4947  ff1d				   .L0212		;  goto __skip_to_draw_playfield
   4948  ff1d
   4949  ff1d		       4c 25 ff 	      jmp	.__skip_to_draw_playfield
   4950  ff20
   4951  ff20				   .
   4952  ff20							; 
   4953  ff20
   4954  ff20				   .__clean_playfield
   4955  ff20							; __clean_playfield
   4956  ff20
   4957  ff20				   .
   4958  ff20							; 
   4959  ff20
   4960  ff20				   .L0213		;  pfclear
   4961  ff20
   4962  ff20		       a9 00		      LDA	#0
   4963  ff22		       20 5a f2 	      jsr	pfclear
   4964  ff25				   .
   4965  ff25							; 
   4966  ff25
   4967  ff25				   .__skip_to_draw_playfield
   4968  ff25							; __skip_to_draw_playfield
   4969  ff25
   4970  ff25				   .
   4971  ff25							; 
   4972  ff25
   4973  ff25				   .L0214		;  drawscreen
   4974  ff25
   4975  ff25		       20 c6 f3 	      jsr	drawscreen
   4976  ff28				   .L0215		;  goto __main_loop
   4977  ff28
   4978  ff28		       4c 44 f5 	      jmp	.__main_loop
   4979  ff2b
   4980  ff2b				   .
   4981  ff2b							; 
   4982  ff2b
   4983  ff2b				   .
   4984  ff2b							; 
   4985  ff2b
   4986  ff2b				   .
   4987  ff2b							; 
   4988  ff2b
   4989  ff2b				   .
   4990  ff2b							; 
   4991  ff2b
   4992  ff2b				   .
   4993  ff2b							; 
   4994  ff2b
   4995  ff2b				   .
   4996  ff2b							; 
   4997  ff2b
   4998  ff2b				   .
   4999  ff2b							; 
   5000  ff2b
   5001  ff2b				   .
   5002  ff2b							; 
   5003  ff2b
   5004  ff2b				   .
   5005  ff2b							; 
   5006  ff2b
   5007  ff2b				   .L0216		;  data objects
   5008  ff2b
   5009  ff2b		       4c 62 ff 	      JMP	.skipL0216
   5010  ff2e				   objects
   5011  ff2e		       42 00 00 00*	      .byte.b	%01000010, %00000000, %00000000, %00000000, %00010000, %10100000, %00000000, %00000111
   5012  ff36
   5013  ff36		       40 00 02 01*	      .byte.b	%01000000, %00000000, %00000010, %00000001, %00010000, %10100000, %00000000, %00100111
   5014  ff3e
   5015  ff3e		       42 00 00 00*	      .byte.b	%01000010, %00000000, %00000000, %00000000, %00010000, %10100000, %00000000, %00000111
   5016  ff46
   5017  ff46		       42 00 00 00*	      .byte.b	%01000010, %00000000, %00000000, %00000000, %00010000, %10100000, %00000000, %00000111
   5018  ff4e
   5019  ff4e		       42 00 00 00*	      .byte.b	%01000010, %00000000, %00000000, %00000000, %00010000, %10100000, %00000000, %00000111
   5020  ff56
   5021  ff56		       42 00 00 00*	      .byte.b	%01000010, %00000000, %00000000, %00000000, %00010000, %10100000, %00000000, %00000111
   5022  ff5e
   5023  ff5e		       00		      .byte.b		;%01000010, %00000000, %00000000,   %00000000, %00010000, %10100000, %00000000,  %00000111
   5024  ff5f
   5025  ff5f		       00		      .byte.b		;%01000010, %00000000, %00000000,   %00000000, %00010000, %10100000, %00000000,  %00000111; 
   5026  ff60
   5027  ff60		       00		      .byte.b		;%01000010, %00000000, %00000000,   %00000000, %00010000, %10100000, %00000000,  %00000111 
   5028  ff61
   5029  ff61		       00		      .byte.b		;%01000010, %00000000, %00000000,   %00000000, %00010000, %10100000, %00000000,  %00000111
   5030  ff62
   5031  ff62				   .skipL0216
   5032  ff62				   .L0217		;  macro tazze_coltelli
   5033  ff62
   5034  ff62					      MAC	tazze_coltelli
   5035  ff62
   5036  ff62				   .L0218		;  temp5  =  {2}  +  {3}  - 1
   5037  ff62
   5038  ff62							; complex statement detected
   5039  ff62					      LDA	{2}
   5040  ff62					      CLC
   5041  ff62					      ADC	{3}
   5042  ff62					      SEC
   5043  ff62					      SBC	#1
   5044  ff62					      STA	temp5
   5045  ff62				   .L0219		;  temp6  =  {1}  +  4
   5046  ff62
   5047  ff62					      LDA	{1}
   5048  ff62					      CLC
   5049  ff62					      ADC	#4
   5050  ff62					      STA	temp6
   5051  ff62				   .
   5052  ff62							; 
   5053  ff62
   5054  ff62				   .L0220		;  for y  =  {2} to temp5
   5055  ff62
   5056  ff62					      LDA	{2}
   5057  ff62					      STA	y
   5058  ff62				   .L0220fory
   5059  ff62				   .L0221		;  pfhline {1} y temp6 flip
   5060  ff62
   5061  ff62					      LDX	#2
   5062  ff62					      LDA	temp6
   5063  ff62					      STA	temp3
   5064  ff62					      LDY	y
   5065  ff62					      LDA	{1}
   5066  ff62					      jsr	pfhline
   5067  ff62				   .L0222		;  next
   5068  ff62
   5069  ff62					      LDA	y
   5070  ff62					      CMP	temp5
   5071  ff62
   5072  ff62					      INC	y
   5073  ff62					      bcc	.L0220fory
   5074  ff62				   .
   5075  ff62							; 
   5076  ff62
   5077  ff62				   .L0223		;  pfpixel temp6 temp5 flip
   5078  ff62
   5079  ff62					      LDX	#2
   5080  ff62					      LDY	temp5
   5081  ff62					      LDA	temp6
   5082  ff62					      jsr	pfpixel
   5083  ff62					      ENDM
   5084  ff62				   .
   5085  ff62							; 
   5086  ff62
   5087  ff62				   .L0224		;  macro gocce
   5088  ff62
   5089  ff62					      MAC	gocce
   5090  ff62
   5091  ff62				   .L0225		;  u  =  rand & {1}
   5092  ff62
   5093  ff62					      jsr	randomize
   5094  ff62					      AND	{1}
   5095  ff62					      STA	u
   5096  ff62				   .L0226		;  o  =  rand & {2}
   5097  ff62
   5098  ff62					      jsr	randomize
   5099  ff62					      AND	{2}
   5100  ff62					      STA	o
   5101  ff62				   .
   5102  ff62							; 
   5103  ff62
   5104  ff62				   .
   5105  ff62							; 
   5106  ff62
   5107  ff62				   .L0227		;  pfpixel {1} o flip
   5108  ff62
   5109  ff62					      LDX	#2
   5110  ff62					      LDY	o
   5111  ff62					      LDA	{1}
   5112  ff62					      jsr	pfpixel
   5113  ff62					      ENDM
   5114  ff62				   .
   5115  ff62							; 
   5116  ff62
   5117  ff62				   .L0228		;  macro cioccolato
   5118  ff62
   5119  ff62					      MAC	cioccolato
   5120  ff62
   5121  ff62				   .L0229		;  u  =  {1}
   5122  ff62
   5123  ff62					      LDA	{1}
   5124  ff62					      STA	u
   5125  ff62				   .L0230		;  o  =  {2}  +  2
   5126  ff62
   5127  ff62					      LDA	{2}
   5128  ff62					      CLC
   5129  ff62					      ADC	#2
   5130  ff62					      STA	o
   5131  ff62				   .
   5132  ff62							; 
   5133  ff62
   5134  ff62				   .L0231		;  pfvline u {2} o on
   5135  ff62
   5136  ff62					      LDX	#0
   5137  ff62					      LDA	o
   5138  ff62					      STA	temp3
   5139  ff62					      LDY	{2}
   5140  ff62					      LDA	u
   5141  ff62					      jsr	pfvline
   5142  ff62				   .L0232		;  u  =  {1}  +  4
   5143  ff62
   5144  ff62					      LDA	{1}
   5145  ff62					      CLC
   5146  ff62					      ADC	#4
   5147  ff62					      STA	u
   5148  ff62				   .L0233		;  o  =  {2}  - 2
   5149  ff62
   5150  ff62					      LDA	{2}
   5151  ff62					      SEC
   5152  ff62					      SBC	#2
   5153  ff62					      STA	o
   5154  ff62				   .
   5155  ff62							; 
   5156  ff62
   5157  ff62				   .L0234		;  pfpixel u o flip
   5158  ff62
   5159  ff62					      LDX	#2
   5160  ff62					      LDY	o
   5161  ff62					      LDA	u
   5162  ff62					      jsr	pfpixel
   5163  ff62					      ENDM
   5164  ff62				   .
   5165  ff62							; 
   5166  ff62
   5167  ff62				   .L0235		;  macro arrivo
   5168  ff62
   5169  ff62					      MAC	arrivo
   5170  ff62
   5171  ff62				   .L0236		;  u  =  {1}  +  3
   5172  ff62
   5173  ff62					      LDA	{1}
   5174  ff62					      CLC
   5175  ff62					      ADC	#3
   5176  ff62					      STA	u
   5177  ff62				   .L0237		;  o  =  {2}  +  4
   5178  ff62
   5179  ff62					      LDA	{2}
   5180  ff62					      CLC
   5181  ff62					      ADC	#4
   5182  ff62					      STA	o
   5183  ff62				   .L0238		;  pfvline u {2} o on
   5184  ff62
   5185  ff62					      LDX	#0
   5186  ff62					      LDA	o
   5187  ff62					      STA	temp3
   5188  ff62					      LDY	{2}
   5189  ff62					      LDA	u
   5190  ff62					      jsr	pfvline
   5191  ff62					      ENDM
   5192  ff62				   .
   5193  ff62							; 
   5194  ff62
   5195  ff62				   .L0239		;  macro lampada
   5196  ff62
   5197  ff62					      MAC	lampada
   5198  ff62
   5199  ff62				   .L0240		;  o  =  {1}  +  2
   5200  ff62
   5201  ff62					      LDA	{1}
   5202  ff62					      CLC
   5203  ff62					      ADC	#2
   5204  ff62					      STA	o
   5205  ff62				   .L0241		;  u  =  {2}  +  1
   5206  ff62
   5207  ff62					      LDA	{2}
   5208  ff62					      CLC
   5209  ff62					      ADC	#1
   5210  ff62					      STA	u
   5211  ff62				   .L0242		;  pfhline {1} {2} o on
   5212  ff62
   5213  ff62					      LDX	#0
   5214  ff62					      LDA	o
   5215  ff62					      STA	temp3
   5216  ff62					      LDY	{2}
   5217  ff62					      LDA	{1}
   5218  ff62					      jsr	pfhline
   5219  ff62				   .L0243		;  o  =  o  -	1
   5220  ff62
   5221  ff62					      DEC	o
   5222  ff62				   .L0244		;  pfpixel o u on
   5223  ff62
   5224  ff62					      LDX	#0
   5225  ff62					      LDY	u
   5226  ff62					      LDA	o
   5227  ff62					      jsr	pfpixel
   5228  ff62					      ENDM
   5229  ff62				   .
   5230  ff62							; 
   5231  ff62
   5232  ff62				   .L0245		;  macro tavolo
   5233  ff62
   5234  ff62					      MAC	tavolo
   5235  ff62
   5236  ff62				   .L0246		;  o  =  {1}  +  2
   5237  ff62
   5238  ff62					      LDA	{1}
   5239  ff62					      CLC
   5240  ff62					      ADC	#2
   5241  ff62					      STA	o
   5242  ff62				   .L0247		;  u  =  {2}  +  1
   5243  ff62
   5244  ff62					      LDA	{2}
   5245  ff62					      CLC
   5246  ff62					      ADC	#1
   5247  ff62					      STA	u
   5248  ff62				   .
   5249  ff62							; 
   5250  ff62
   5251  ff62				   .L0248		;  pfhline {1} u o on
   5252  ff62
   5253  ff62					      LDX	#0
   5254  ff62					      LDA	o
   5255  ff62					      STA	temp3
   5256  ff62					      LDY	u
   5257  ff62					      LDA	{1}
   5258  ff62					      jsr	pfhline
   5259  ff62				   .L0249		;  u  =  u  +	1
   5260  ff62
   5261  ff62					      INC	u
   5262  ff62				   .L0250		;  pfpixel {1} u on  :  pfpixel o u on
   5263  ff62
   5264  ff62					      LDX	#0
   5265  ff62					      LDY	u
   5266  ff62					      LDA	{1}
   5267  ff62					      jsr	pfpixel
   5268  ff62					      LDX	#0
   5269  ff62					      LDY	u
   5270  ff62					      LDA	o
   5271  ff62					      jsr	pfpixel
   5272  ff62				   .
   5273  ff62							; 
   5274  ff62
   5275  ff62				   .L0251		;  o  =  o  +	2
   5276  ff62
   5277  ff62					      LDA	o
   5278  ff62					      CLC
   5279  ff62					      ADC	#2
   5280  ff62					      STA	o
   5281  ff62				   .L0252		;  pfpixel o u flip
   5282  ff62
   5283  ff62					      LDX	#2
   5284  ff62					      LDY	u
   5285  ff62					      LDA	o
   5286  ff62					      jsr	pfpixel
   5287  ff62					      ENDM
   5288  ff62				   .
   5289  ff62							; 
   5290  ff62
   5291  ff62				   .L0253		;  macro piano
   5292  ff62
   5293  ff62					      MAC	piano
   5294  ff62
   5295  ff62				   .L0254		;  o  =  1
   5296  ff62
   5297  ff62					      LDA	#1
   5298  ff62					      STA	o
   5299  ff62				   .L0255		;  f  =  0
   5300  ff62
   5301  ff62					      LDA	#0
   5302  ff62					      STA	f
   5303  ff62				   .L0256		;  q  =  7
   5304  ff62
   5305  ff62					      LDA	#7
   5306  ff62					      STA	q
   5307  ff62				   .L0257		;  for u  =  0 to 6
   5308  ff62
   5309  ff62					      LDA	#0
   5310  ff62					      STA	u
   5311  ff62				   .L0257foru
   5312  ff62				   .L0258		;  if	( {1}  &  o )	<>  0 then pfhline f 5 q on
   5313  ff62
   5314  ff62							; complex condition detected
   5315  ff62							; complex statement detected
   5316  ff62					      LDA	{1}
   5317  ff62					      AND	o
   5318  ff62					      CMP	#0
   5319  ff62					      BEQ	.skipL0258
   5320  ff62				   .condpart134
   5321  ff62					      LDX	#0
   5322  ff62					      LDA	q
   5323  ff62					      STA	temp3
   5324  ff62					      LDY	#5
   5325  ff62					      LDA	f
   5326  ff62					      jsr	pfhline
   5327  ff62				   .skipL0258
   5328  ff62				   .L0259		;  o  =  o  *	2
   5329  ff62
   5330  ff62					      LDA	o
   5331  ff62					      asl
   5332  ff62					      STA	o
   5333  ff62				   .L0260		;  f  =  f  +	4
   5334  ff62
   5335  ff62					      LDA	f
   5336  ff62					      CLC
   5337  ff62					      ADC	#4
   5338  ff62					      STA	f
   5339  ff62				   .L0261		;  q  =  f  +	4
   5340  ff62
   5341  ff62					      LDA	f
   5342  ff62					      CLC
   5343  ff62					      ADC	#4
   5344  ff62					      STA	q
   5345  ff62				   .L0262		;  next
   5346  ff62
   5347  ff62					      LDA	u
   5348  ff62					      CMP	#6
   5349  ff62
   5350  ff62					      INC	u
   5351  ff62					      bcc	.L0257foru
   5352  ff62					      ENDM
   5353  ff62				  -	      ifconst	pfres
   5354  ff62				  -	      if	(<*) > (254-pfres*pfwidth)
   5355  ff62				  -	      align	256
   5356  ff62				  -	      endif
   5357  ff62				  -	      if	(<*) < (136-pfres*pfwidth)
   5358  ff62				  -	      repeat	((136-pfres*pfwidth)-(<*))
   5359  ff62				  -	      .byte	0
   5360  ff62				  -	      repend
   5361  ff62				  -	      endif
   5362  ff62					      else
   5363  ff62				  -	      if	(<*) > 206
   5364  ff62				  -	      align	256
   5365  ff62					      endif
   5366  ff62				  -	      if	(<*) < 88
   5367  ff62				  -	      repeat	(88-(<*))
   5368  ff62				  -	      .byte	0
   5369  ff62				  -	      repend
   5370  ff62					      endif
   5371  ff62					      endif
   5372  ff62				   pfcolorlabel13
   5373  ff62		       24 26 00 00	      .byte.b	$24, $26,0,0
   5374  ff66		       26 20 00 00	      .byte.b	$26, $20,0,0
   5375  ff6a		       28 22 00 00	      .byte.b	$28, $22,0,0
   5376  ff6e		       2a 20 00 00	      .byte.b	$2A, $20,0,0
   5377  ff72		       22 02 00 00	      .byte.b	$22, $02,0,0
   5378  ff76		       24 05 00 00	      .byte.b	$24, $05,0,0
   5379  ff7a		       26 9e 00 00	      .byte.b	$26, $9E,0,0
   5380  ff7e		       28 0e 00 00	      .byte.b	$28, $0E,0,0
   5381  ff82		       2a 24 00 00	      .byte.b	$2A, $24,0,0
   5382  ff86		       2b 26 00 00	      .byte.b	$2B, $26,0,0
   5383  ff8a				  -	      if	(<*) > (<(*+3))
   5384  ff8a				  -	      repeat	($100-<*)
   5385  ff8a				  -	      .byte	0
   5386  ff8a				  -	      repend
   5387  ff8a					      endif
   5388  ff8a				   player82then_0
   5389  ff8a		       18		      .byte.b	%00011000
   5390  ff8b		       bd		      .byte.b	%10111101
   5391  ff8c		       5a		      .byte.b	%01011010
   5392  ff8d		       7e		      .byte.b	%01111110
   5393  ff8e				  -	      if	(<*) > (<(*+3))
   5394  ff8e				  -	      repeat	($100-<*)
   5395  ff8e				  -	      .byte	0
   5396  ff8e				  -	      repend
   5397  ff8e					      endif
   5398  ff8e				   player84then_0
   5399  ff8e		       24		      .byte.b	%00100100
   5400  ff8f		       bd		      .byte.b	%10111101
   5401  ff90		       5a		      .byte.b	%01011010
   5402  ff91		       7e		      .byte.b	%01111110
   5403  ff92				  -	      if	(<*) > (<(*+3))
   5404  ff92				  -	      repeat	($100-<*)
   5405  ff92				  -	      .byte	0
   5406  ff92				  -	      repend
   5407  ff92					      endif
   5408  ff92				   player85then_1
   5409  ff92		       7e		      .byte.b	%01111110
   5410  ff93		       81		      .byte.b	%10000001
   5411  ff94		       99		      .byte.b	%10011001
   5412  ff95		       66		      .byte.b	%01100110
   5413  ff96				  -	      if	(<*) > (<(*+3))
   5414  ff96				  -	      repeat	($100-<*)
   5415  ff96				  -	      .byte	0
   5416  ff96				  -	      repend
   5417  ff96					      endif
   5418  ff96				   player86then_1
   5419  ff96		       7e		      .byte.b	%01111110
   5420  ff97		       ff		      .byte.b	%11111111
   5421  ff98		       ff		      .byte.b	%11111111
   5422  ff99		       66		      .byte.b	%01100110
   5423  ff9a					      if	ECHOFIRST
      2 bytes of ROM space left
   5424  ff9a					      echo	"    ",[(scoretable - *)]d , "bytes of ROM space left")
   5425  ff9a					      endif
   5426  ff9a		       00 01	   ECHOFIRST  =	1
   5427  ff9a
   5428  ff9a
   5429  ff9a
   5430  ff9a							; Provided under the CC0 license. See the included LICENSE.txt for details.
   5431  ff9a
   5432  ff9a							; feel free to modify the score graphics - just keep each digit 8 high
   5433  ff9a							; and keep the conditional compilation stuff intact
   5434  ff9a				  -	      ifconst	ROM2k
   5435  ff9a				  -	      ORG	$F7AC-8
   5436  ff9a					      else
   5437  ff9a				  -	      ifconst	bankswitch
   5438  ff9a				  -	      if	bankswitch == 8
   5439  ff9a				  -	      ORG	$2F94-bscode_length
   5440  ff9a				  -	      RORG	$FF94-bscode_length
   5441  ff9a				  -	      endif
   5442  ff9a				  -	      if	bankswitch == 16
   5443  ff9a				  -	      ORG	$4F94-bscode_length
   5444  ff9a				  -	      RORG	$FF94-bscode_length
   5445  ff9a				  -	      endif
   5446  ff9a				  -	      if	bankswitch == 32
   5447  ff9a				  -	      ORG	$8F94-bscode_length
   5448  ff9a				  -	      RORG	$FF94-bscode_length
   5449  ff9a				  -	      endif
   5450  ff9a				  -	      if	bankswitch == 64
   5451  ff9a				  -	      ORG	$10F80-bscode_length
   5452  ff9a				  -	      RORG	$1FF80-bscode_length
   5453  ff9a				  -	      endif
   5454  ff9a					      else
   5455  ff9c					      ORG	$FF9C
   5456  ff9c					      endif
   5457  ff9c					      endif
   5458  ff9c
   5459  ff9c							; font equates
   5460  ff9c		       00 01	   .21stcentury =	1
   5461  ff9c		       00 02	   alarmclock =	2
   5462  ff9c		       00 03	   handwritten =	3
   5463  ff9c		       00 04	   interrupted =	4
   5464  ff9c		       00 05	   retroputer =	5
   5465  ff9c		       00 06	   whimsey    =	6
   5466  ff9c		       00 07	   tiny       =	7
   5467  ff9c		       00 08	   hex	      =	8
   5468  ff9c
   5469  ff9c				  -	      ifconst	font
   5470  ff9c				  -	      if	font == hex
   5471  ff9c				  -	      ORG	. - 48
   5472  ff9c				  -	      endif
   5473  ff9c					      endif
   5474  ff9c
   5475  ff9c				   scoretable
   5476  ff9c
   5477  ff9c				  -	      ifconst	font
   5478  ff9c				  -	      if	font == .21stcentury
   5479  ff9c				  -	      include	"score_graphics.asm.21stcentury"
   5480  ff9c				  -	      endif
   5481  ff9c				  -	      if	font == alarmclock
   5482  ff9c				  -	      include	"score_graphics.asm.alarmclock"
   5483  ff9c				  -	      endif
   5484  ff9c				  -	      if	font == handwritten
   5485  ff9c				  -	      include	"score_graphics.asm.handwritten"
   5486  ff9c				  -	      endif
   5487  ff9c				  -	      if	font == interrupted
   5488  ff9c				  -	      include	"score_graphics.asm.interrupted"
   5489  ff9c				  -	      endif
   5490  ff9c				  -	      if	font == retroputer
   5491  ff9c				  -	      include	"score_graphics.asm.retroputer"
   5492  ff9c				  -	      endif
   5493  ff9c				  -	      if	font == whimsey
   5494  ff9c				  -	      include	"score_graphics.asm.whimsey"
   5495  ff9c				  -	      endif
   5496  ff9c				  -	      if	font == tiny
   5497  ff9c				  -	      include	"score_graphics.asm.tiny"
   5498  ff9c				  -	      endif
   5499  ff9c				  -	      if	font == hex
   5500  ff9c				  -	      include	"score_graphics.asm.hex"
   5501  ff9c				  -	      endif
   5502  ff9c					      else		; default font
   5503  ff9c
   5504  ff9c		       3c		      .byte.b	%00111100
   5505  ff9d		       66		      .byte.b	%01100110
   5506  ff9e		       66		      .byte.b	%01100110
   5507  ff9f		       66		      .byte.b	%01100110
   5508  ffa0		       66		      .byte.b	%01100110
   5509  ffa1		       66		      .byte.b	%01100110
   5510  ffa2		       66		      .byte.b	%01100110
   5511  ffa3		       3c		      .byte.b	%00111100
   5512  ffa4
   5513  ffa4		       7e		      .byte.b	%01111110
   5514  ffa5		       18		      .byte.b	%00011000
   5515  ffa6		       18		      .byte.b	%00011000
   5516  ffa7		       18		      .byte.b	%00011000
   5517  ffa8		       18		      .byte.b	%00011000
   5518  ffa9		       38		      .byte.b	%00111000
   5519  ffaa		       18		      .byte.b	%00011000
   5520  ffab		       08		      .byte.b	%00001000
   5521  ffac
   5522  ffac		       7e		      .byte.b	%01111110
   5523  ffad		       60		      .byte.b	%01100000
   5524  ffae		       60		      .byte.b	%01100000
   5525  ffaf		       3c		      .byte.b	%00111100
   5526  ffb0		       06		      .byte.b	%00000110
   5527  ffb1		       06		      .byte.b	%00000110
   5528  ffb2		       46		      .byte.b	%01000110
   5529  ffb3		       3c		      .byte.b	%00111100
   5530  ffb4
   5531  ffb4		       3c		      .byte.b	%00111100
   5532  ffb5		       46		      .byte.b	%01000110
   5533  ffb6		       06		      .byte.b	%00000110
   5534  ffb7		       06		      .byte.b	%00000110
   5535  ffb8		       1c		      .byte.b	%00011100
   5536  ffb9		       06		      .byte.b	%00000110
   5537  ffba		       46		      .byte.b	%01000110
   5538  ffbb		       3c		      .byte.b	%00111100
   5539  ffbc
   5540  ffbc		       0c		      .byte.b	%00001100
   5541  ffbd		       0c		      .byte.b	%00001100
   5542  ffbe		       7e		      .byte.b	%01111110
   5543  ffbf		       4c		      .byte.b	%01001100
   5544  ffc0		       4c		      .byte.b	%01001100
   5545  ffc1		       2c		      .byte.b	%00101100
   5546  ffc2		       1c		      .byte.b	%00011100
   5547  ffc3		       0c		      .byte.b	%00001100
   5548  ffc4
   5549  ffc4		       3c		      .byte.b	%00111100
   5550  ffc5		       46		      .byte.b	%01000110
   5551  ffc6		       06		      .byte.b	%00000110
   5552  ffc7		       06		      .byte.b	%00000110
   5553  ffc8		       3c		      .byte.b	%00111100
   5554  ffc9		       60		      .byte.b	%01100000
   5555  ffca		       60		      .byte.b	%01100000
   5556  ffcb		       7e		      .byte.b	%01111110
   5557  ffcc
   5558  ffcc		       3c		      .byte.b	%00111100
   5559  ffcd		       66		      .byte.b	%01100110
   5560  ffce		       66		      .byte.b	%01100110
   5561  ffcf		       66		      .byte.b	%01100110
   5562  ffd0		       7c		      .byte.b	%01111100
   5563  ffd1		       60		      .byte.b	%01100000
   5564  ffd2		       62		      .byte.b	%01100010
   5565  ffd3		       3c		      .byte.b	%00111100
   5566  ffd4
   5567  ffd4		       30		      .byte.b	%00110000
   5568  ffd5		       30		      .byte.b	%00110000
   5569  ffd6		       30		      .byte.b	%00110000
   5570  ffd7		       18		      .byte.b	%00011000
   5571  ffd8		       0c		      .byte.b	%00001100
   5572  ffd9		       06		      .byte.b	%00000110
   5573  ffda		       42		      .byte.b	%01000010
   5574  ffdb		       3e		      .byte.b	%00111110
   5575  ffdc
   5576  ffdc		       3c		      .byte.b	%00111100
   5577  ffdd		       66		      .byte.b	%01100110
   5578  ffde		       66		      .byte.b	%01100110
   5579  ffdf		       66		      .byte.b	%01100110
   5580  ffe0		       3c		      .byte.b	%00111100
   5581  ffe1		       66		      .byte.b	%01100110
   5582  ffe2		       66		      .byte.b	%01100110
   5583  ffe3		       3c		      .byte.b	%00111100
   5584  ffe4
   5585  ffe4		       3c		      .byte.b	%00111100
   5586  ffe5		       46		      .byte.b	%01000110
   5587  ffe6		       06		      .byte.b	%00000110
   5588  ffe7		       3e		      .byte.b	%00111110
   5589  ffe8		       66		      .byte.b	%01100110
   5590  ffe9		       66		      .byte.b	%01100110
   5591  ffea		       66		      .byte.b	%01100110
   5592  ffeb		       3c		      .byte.b	%00111100
   5593  ffec
   5594  ffec					      ifnconst	DPC_kernel_options
   5595  ffec
   5596  ffec		       00		      .byte.b	%00000000
   5597  ffed		       00		      .byte.b	%00000000
   5598  ffee		       00		      .byte.b	%00000000
   5599  ffef		       00		      .byte.b	%00000000
   5600  fff0		       00		      .byte.b	%00000000
   5601  fff1		       00		      .byte.b	%00000000
   5602  fff2		       00		      .byte.b	%00000000
   5603  fff3		       00		      .byte.b	%00000000
   5604  fff4
   5605  fff4					      endif
   5606  fff4
   5607  fff4					      endif
   5608  fff4
   5609  fff4				  -	      ifconst	ROM2k
   5610  fff4				  -	      ORG	$F7FC
   5611  fff4					      else
   5612  fff4				  -	      ifconst	bankswitch
   5613  fff4				  -	      if	bankswitch == 8
   5614  fff4				  -	      ORG	$2FF4-bscode_length
   5615  fff4				  -	      RORG	$FFF4-bscode_length
   5616  fff4				  -	      endif
   5617  fff4				  -	      if	bankswitch == 16
   5618  fff4				  -	      ORG	$4FF4-bscode_length
   5619  fff4				  -	      RORG	$FFF4-bscode_length
   5620  fff4				  -	      endif
   5621  fff4				  -	      if	bankswitch == 32
   5622  fff4				  -	      ORG	$8FF4-bscode_length
   5623  fff4				  -	      RORG	$FFF4-bscode_length
   5624  fff4				  -	      endif
   5625  fff4				  -	      if	bankswitch == 64
   5626  fff4				  -	      ORG	$10FE0-bscode_length
   5627  fff4				  -	      RORG	$1FFE0-bscode_length
   5628  fff4				  -	      endif
   5629  fff4					      else
   5630  fffc					      ORG	$FFFC
   5631  fffc					      endif
   5632  fffc					      endif
   5633  fffc							; Provided under the CC0 license. See the included LICENSE.txt for details.
   5634  fffc
   5635  fffc				  -	      ifconst	bankswitch
   5636  fffc				  -	      if	bankswitch == 8
   5637  fffc				  -	      ORG	$2FFC
   5638  fffc				  -	      RORG	$FFFC
   5639  fffc				  -	      endif
   5640  fffc				  -	      if	bankswitch == 16
   5641  fffc				  -	      ORG	$4FFC
   5642  fffc				  -	      RORG	$FFFC
   5643  fffc				  -	      endif
   5644  fffc				  -	      if	bankswitch == 32
   5645  fffc				  -	      ORG	$8FFC
   5646  fffc				  -	      RORG	$FFFC
   5647  fffc				  -	      endif
   5648  fffc				  -	      if	bankswitch == 64
   5649  fffc				  -	      ORG	$10FF0
   5650  fffc				  -	      RORG	$1FFF0
   5651  fffc				  -	      lda	$ffe0	; we use wasted space to assist stella with EF format auto-detection
   5652  fffc				  -	      ORG	$10FF8
   5653  fffc				  -	      RORG	$1FFF8
   5654  fffc				  -	      ifconst	superchip
   5655  fffc				  -	      .byte	"E","F","S","C"
   5656  fffc				  -	      else
   5657  fffc				  -	      .byte	"E","F","E","F"
   5658  fffc				  -	      endif
   5659  fffc				  -	      ORG	$10FFC
   5660  fffc				  -	      RORG	$1FFFC
   5661  fffc				  -	      endif
   5662  fffc					      else
   5663  fffc				  -	      ifconst	ROM2k
   5664  fffc				  -	      ORG	$F7FC
   5665  fffc					      else
   5666  fffc					      ORG	$FFFC
   5667  fffc					      endif
   5668  fffc					      endif
   5669  fffc		       00 f0		      .word.w	(start & $ffff)
   5670  fffe		       00 f0		      .word.w	(start & $ffff)
