------- FILE game.bas.asm LEVEL 1 PASS 3
      1  3000 ????						; Provided under the CC0 license. See the included LICENSE.txt for details.
      2  3000 ????
      3  3000 ????				      processor	6502
------- FILE vcs.h LEVEL 2 PASS 3
      0  3000 ????				      include	"vcs.h"
      1  3000 ????						; Provided under the CC0 license. See the included LICENSE.txt for details.
      2  3000 ????
      3  3000 ????						; VCS.H
      4  3000 ????						; Version 1.05, 13/November/2003
      5  3000 ????
      6  3000 ????	       00 69	   VERSION_VCS =	105
      7  3000 ????
      8  3000 ????						; THIS IS A PRELIMINARY RELEASE OF *THE* "STANDARD" VCS.H
      9  3000 ????						; THIS FILE IS EXPLICITLY SUPPORTED AS A DASM-PREFERRED COMPANION FILE
     10  3000 ????						; PLEASE DO *NOT* REDISTRIBUTE THIS FILE!
     11  3000 ????						;
     12  3000 ????						; This file defines hardware registers and memory mapping for the
     13  3000 ????						; Atari 2600. It is distributed as a companion machine-specific support package
     14  3000 ????						; for the DASM compiler. Updates to this file, DASM, and associated tools are
     15  3000 ????						; available at at http://www.atari2600.org/dasm
     16  3000 ????						;
     17  3000 ????						; Many thanks to the original author(s) of this file, and to everyone who has
     18  3000 ????						; contributed to understanding the Atari 2600.  If you take issue with the
     19  3000 ????						; contents, or naming of registers, please write to me (atari2600@taswegian.com)
     20  3000 ????						; with your views.  Please contribute, if you think you can improve this
     21  3000 ????						; file!
     22  3000 ????						;
     23  3000 ????						; Latest Revisions...
     24  3000 ????						; 1.05  13/NOV/2003	  - Correction to 1.04 - now functions as requested by MR.
     25  3000 ????						;			  - Added VERSION_VCS equate (which will reflect 100x version #)
     26  3000 ????						;			    This will allow conditional code to verify VCS.H being
     27  3000 ????						;			    used for code assembly.
     28  3000 ????						; 1.04  12/NOV/2003	 Added TIA_BASE_WRITE_ADDRESS and TIA_BASE_READ_ADDRESS for
     29  3000 ????						;			 convenient disassembly/reassembly compatibility for hardware
     30  3000 ????						;			 mirrored reading/writing differences.	This is more a 
     31  3000 ????						;			 readability issue, and binary compatibility with disassembled
     32  3000 ????						;			 and reassembled sources.  Per Manuel Rotschkar's suggestion.
     33  3000 ????						; 1.03  12/MAY/2003	 Added SEG segment at end of file to fix old-code compatibility
     34  3000 ????						;			 which was broken by the use of segments in this file, as
     35  3000 ????						;			 reported by Manuel Polik on [stella] 11/MAY/2003
     36  3000 ????						; 1.02  22/MAR/2003	 Added TIMINT($285)
     37  3000 ????						; 1.01				Constant offset added to allow use for 3F-style bankswitching
     38  3000 ????						;						 - define TIA_BASE_ADDRESS as $40 for Tigervision carts, otherwise
     39  3000 ????						;						   it is safe to leave it undefined, and the base address will
     40  3000 ????						;						   be set to 0.  Thanks to Eckhard Stolberg for the suggestion.
     41  3000 ????						;			    Note, may use -DLABEL=EXPRESSION to define TIA_BASE_ADDRESS
     42  3000 ????						;			  - register definitions are now generated through assignment
     43  3000 ????						;			    in uninitialised segments.	This allows a changeable base
     44  3000 ????						;			    address architecture.
     45  3000 ????						; 1.0	22/MAR/2003		Initial release
     46  3000 ????
     47  3000 ????
     48  3000 ????						;-------------------------------------------------------------------------------
     49  3000 ????
     50  3000 ????						; TIA_BASE_ADDRESS
     51  3000 ????						; The TIA_BASE_ADDRESS defines the base address of access to TIA registers.
     52  3000 ????						; Normally 0, the base address should (externally, before including this file)
     53  3000 ????						; be set to $40 when creating 3F-bankswitched (and other?) cartridges.
     54  3000 ????						; The reason is that this bankswitching scheme treats any access to locations
     55  3000 ????						; < $40 as a bankswitch.
     56  3000 ????
     57  3000 ????			  -	      IFNCONST	TIA_BASE_ADDRESS
     58  3000 ????			  -TIA_BASE_ADDRESS =	0
     59  3000 ????				      ENDIF
     60  3000 ????
     61  3000 ????						; Note: The address may be defined on the command-line using the -D switch, eg:
     62  3000 ????						; dasm.exe code.asm -DTIA_BASE_ADDRESS=$40 -f3 -v5 -ocode.bin
     63  3000 ????						; *OR* by declaring the label before including this file, eg:
     64  3000 ????						; TIA_BASE_ADDRESS = $40
     65  3000 ????						;   include "vcs.h"
     66  3000 ????
     67  3000 ????						; Alternate read/write address capability - allows for some disassembly compatibility
     68  3000 ????						; usage ; to allow reassembly to binary perfect copies).  This is essentially catering
     69  3000 ????						; for the mirrored ROM hardware registers.
     70  3000 ????
     71  3000 ????						; Usage: As per above, define the TIA_BASE_READ_ADDRESS and/or TIA_BASE_WRITE_ADDRESS
     72  3000 ????						; using the -D command-line switch, as required.  If the addresses are not defined, 
     73  3000 ????						; they defaut to the TIA_BASE_ADDRESS.
     74  3000 ????
     75  3000 ????			  -	      IFNCONST	TIA_BASE_READ_ADDRESS
     76  3000 ????			  -TIA_BASE_READ_ADDRESS =	TIA_BASE_ADDRESS
     77  3000 ????				      ENDIF
     78  3000 ????
     79  3000 ????			  -	      IFNCONST	TIA_BASE_WRITE_ADDRESS
     80  3000 ????			  -TIA_BASE_WRITE_ADDRESS =	TIA_BASE_ADDRESS
     81  3000 ????				      ENDIF
     82  3000 ????
     83  3000 ????						;-------------------------------------------------------------------------------
     84  3000 ????
     85 U002d ????				      SEG.U	TIA_REGISTERS_WRITE
     86 U0000					      ORG	TIA_BASE_WRITE_ADDRESS
     87 U0000
     88 U0000							; DO NOT CHANGE THE RELATIVE ORDERING OF REGISTERS!
     89 U0000
     90 U0000		       00	   VSYNC      ds	1	; $00	 0000 00x0   Vertical Sync Set-Clear
     91 U0001		       00	   VBLANK     ds	1	; $01	 xx00 00x0   Vertical Blank Set-Clear
     92 U0002		       00	   WSYNC      ds	1	; $02	 ---- ----   Wait for Horizontal Blank
     93 U0003		       00	   RSYNC      ds	1	; $03	 ---- ----   Reset Horizontal Sync Counter
     94 U0004		       00	   NUSIZ0     ds	1	; $04	 00xx 0xxx   Number-Size player/missle 0
     95 U0005		       00	   NUSIZ1     ds	1	; $05	 00xx 0xxx   Number-Size player/missle 1
     96 U0006		       00	   COLUP0     ds	1	; $06	 xxxx xxx0   Color-Luminance Player 0
     97 U0007		       00	   COLUP1     ds	1	; $07	 xxxx xxx0   Color-Luminance Player 1
     98 U0008		       00	   COLUPF     ds	1	; $08	 xxxx xxx0   Color-Luminance Playfield
     99 U0009		       00	   COLUBK     ds	1	; $09	 xxxx xxx0   Color-Luminance Background
    100 U000a		       00	   CTRLPF     ds	1	; $0A	 00xx 0xxx   Control Playfield, Ball, Collisions
    101 U000b		       00	   REFP0      ds	1	; $0B	 0000 x000   Reflection Player 0
    102 U000c		       00	   REFP1      ds	1	; $0C	 0000 x000   Reflection Player 1
    103 U000d		       00	   PF0	      ds	1	; $0D	 xxxx 0000   Playfield Register Byte 0
    104 U000e		       00	   PF1	      ds	1	; $0E	 xxxx xxxx   Playfield Register Byte 1
    105 U000f		       00	   PF2	      ds	1	; $0F	 xxxx xxxx   Playfield Register Byte 2
    106 U0010		       00	   RESP0      ds	1	; $10	 ---- ----   Reset Player 0
    107 U0011		       00	   RESP1      ds	1	; $11	 ---- ----   Reset Player 1
    108 U0012		       00	   RESM0      ds	1	; $12	 ---- ----   Reset Missle 0
    109 U0013		       00	   RESM1      ds	1	; $13	 ---- ----   Reset Missle 1
    110 U0014		       00	   RESBL      ds	1	; $14	 ---- ----   Reset Ball
    111 U0015		       00	   AUDC0      ds	1	; $15	 0000 xxxx   Audio Control 0
    112 U0016		       00	   AUDC1      ds	1	; $16	 0000 xxxx   Audio Control 1
    113 U0017		       00	   AUDF0      ds	1	; $17	 000x xxxx   Audio Frequency 0
    114 U0018		       00	   AUDF1      ds	1	; $18	 000x xxxx   Audio Frequency 1
    115 U0019		       00	   AUDV0      ds	1	; $19	 0000 xxxx   Audio Volume 0
    116 U001a		       00	   AUDV1      ds	1	; $1A	 0000 xxxx   Audio Volume 1
    117 U001b		       00	   GRP0       ds	1	; $1B	 xxxx xxxx   Graphics Register Player 0
    118 U001c		       00	   GRP1       ds	1	; $1C	 xxxx xxxx   Graphics Register Player 1
    119 U001d		       00	   ENAM0      ds	1	; $1D	 0000 00x0   Graphics Enable Missle 0
    120 U001e		       00	   ENAM1      ds	1	; $1E	 0000 00x0   Graphics Enable Missle 1
    121 U001f		       00	   ENABL      ds	1	; $1F	 0000 00x0   Graphics Enable Ball
    122 U0020		       00	   HMP0       ds	1	; $20	 xxxx 0000   Horizontal Motion Player 0
    123 U0021		       00	   HMP1       ds	1	; $21	 xxxx 0000   Horizontal Motion Player 1
    124 U0022		       00	   HMM0       ds	1	; $22	 xxxx 0000   Horizontal Motion Missle 0
    125 U0023		       00	   HMM1       ds	1	; $23	 xxxx 0000   Horizontal Motion Missle 1
    126 U0024		       00	   HMBL       ds	1	; $24	 xxxx 0000   Horizontal Motion Ball
    127 U0025		       00	   VDELP0     ds	1	; $25	 0000 000x   Vertical Delay Player 0
    128 U0026		       00	   VDELP1     ds	1	; $26	 0000 000x   Vertical Delay Player 1
    129 U0027		       00	   VDELBL     ds	1	; $27	 0000 000x   Vertical Delay Ball
    130 U0028		       00	   RESMP0     ds	1	; $28	 0000 00x0   Reset Missle 0 to Player 0
    131 U0029		       00	   RESMP1     ds	1	; $29	 0000 00x0   Reset Missle 1 to Player 1
    132 U002a		       00	   HMOVE      ds	1	; $2A	 ---- ----   Apply Horizontal Motion
    133 U002b		       00	   HMCLR      ds	1	; $2B	 ---- ----   Clear Horizontal Move Registers
    134 U002c		       00	   CXCLR      ds	1	; $2C	 ---- ----   Clear Collision Latches
    135 U002d
    136 U002d							;-------------------------------------------------------------------------------
    137 U002d
    138 U0010 ????				      SEG.U	TIA_REGISTERS_READ
    139 U0000					      ORG	TIA_BASE_READ_ADDRESS
    140 U0000
    141 U0000							;											bit 7	 bit 6
    142 U0000		       00	   CXM0P      ds	1	; $00	     xx00 0000	     Read Collision  M0-P1   M0-P0
    143 U0001		       00	   CXM1P      ds	1	; $01	     xx00 0000			     M1-P0   M1-P1
    144 U0002		       00	   CXP0FB     ds	1	; $02	     xx00 0000			     P0-PF   P0-BL
    145 U0003		       00	   CXP1FB     ds	1	; $03	     xx00 0000			     P1-PF   P1-BL
    146 U0004		       00	   CXM0FB     ds	1	; $04	     xx00 0000			     M0-PF   M0-BL
    147 U0005		       00	   CXM1FB     ds	1	; $05	     xx00 0000			     M1-PF   M1-BL
    148 U0006		       00	   CXBLPF     ds	1	; $06	     x000 0000			     BL-PF   -----
    149 U0007		       00	   CXPPMM     ds	1	; $07	     xx00 0000			     P0-P1   M0-M1
    150 U0008		       00	   INPT0      ds	1	; $08	     x000 0000	     Read Pot Port 0
    151 U0009		       00	   INPT1      ds	1	; $09	     x000 0000	     Read Pot Port 1
    152 U000a		       00	   INPT2      ds	1	; $0A	     x000 0000	     Read Pot Port 2
    153 U000b		       00	   INPT3      ds	1	; $0B	     x000 0000	     Read Pot Port 3
    154 U000c		       00	   INPT4      ds	1	; $0C		x000 0000	 Read Input (Trigger) 0
    155 U000d		       00	   INPT5      ds	1	; $0D		x000 0000	 Read Input (Trigger) 1
    156 U000e
    157 U000e							;Used by PXE for Quadtari support
    158 U000e		       00	   INPT6      ds	1	; $0E		x000 0000	 Read Input (Trigger) 2
    159 U000f		       00	   INPT7      ds	1	; $0F		x000 0000	 Read Input (Trigger) 3
    160 U0010
    161 U0010							;-------------------------------------------------------------------------------
    162 U0010
    163 U0298 ????				      SEG.U	RIOT
    164 U0280					      ORG	$280
    165 U0280
    166 U0280							; RIOT MEMORY MAP
    167 U0280
    168 U0280		       00	   SWCHA      ds	1	; $280      Port A data register for joysticks:
    169 U0281							;			Bits 4-7 for player 1.  Bits 0-3 for player 2.
    170 U0281
    171 U0281		       00	   SWACNT     ds	1	; $281      Port A data direction register (DDR)
    172 U0282		       00	   SWCHB      ds	1	; $282		Port B data (console switches)
    173 U0283		       00	   SWBCNT     ds	1	; $283      Port B DDR
    174 U0284		       00	   INTIM      ds	1	; $284		Timer output
    175 U0285
    176 U0285		       00	   TIMINT     ds	1	; $285
    177 U0286
    178 U0286		       00	   SWCHA2     ds	1	; $286		Used by PXE for Quadtari support
    179 U0287
    180 U0287							; Unused/undefined registers ($287-$294)
    181 U0287		       00		      ds	1	; $287
    182 U0288		       00		      ds	1	; $288
    183 U0289		       00		      ds	1	; $289
    184 U028a		       00		      ds	1	; $28A
    185 U028b		       00		      ds	1	; $28B
    186 U028c		       00		      ds	1	; $28C
    187 U028d		       00		      ds	1	; $28D
    188 U028e		       00		      ds	1	; $28E
    189 U028f		       00		      ds	1	; $28F
    190 U0290
    191 U0290							; Used by PXE to make "on JOYx_DIR gosub" faster and smaller
    192 U0290		       00	   JOY0_DIR   ds	1	; $290
    193 U0291		       00	   JOY1_DIR   ds	1	; $291
    194 U0292		       00	   JOY2_DIR   ds	1	; $292
    195 U0293		       00	   JOY3_DIR   ds	1	; $293
    196 U0294
    197 U0294		       00	   TIM1T      ds	1	; $294		set 1 clock interval
    198 U0295		       00	   TIM8T      ds	1	; $295      set 8 clock interval
    199 U0296		       00	   TIM64T     ds	1	; $296      set 64 clock interval
    200 U0297		       00	   T1024T     ds	1	; $297      set 1024 clock interval
    201 U0298
    202 U0298							;-------------------------------------------------------------------------------
    203 U0298							; The following required for back-compatibility with code which does not use
    204 U0298							; segments.
    205 U0298
    206  3000 ????				      SEG
    207  3000 ????
    208  3000 ????						; EOF
------- FILE game.bas.asm
------- FILE macro.h LEVEL 2 PASS 3
      0  3000 ????				      include	"macro.h"
      1  3000 ????						; Provided under the CC0 license. See the included LICENSE.txt for details.
      2  3000 ????
      3  3000 ????						; MACRO.H
      4  3000 ????						; Version 1.05, 13/NOVEMBER/2003
      5  3000 ????
      6  3000 ????	       00 69	   VERSION_MACRO =	105
      7  3000 ????
      8  3000 ????						;
      9  3000 ????						; THIS FILE IS EXPLICITLY SUPPORTED AS A DASM-PREFERRED COMPANION FILE
     10  3000 ????						; PLEASE DO *NOT* REDISTRIBUTE MODIFIED VERSIONS OF THIS FILE!
     11  3000 ????						;
     12  3000 ????						; This file defines DASM macros useful for development for the Atari 2600.
     13  3000 ????						; It is distributed as a companion machine-specific support package
     14  3000 ????						; for the DASM compiler. Updates to this file, DASM, and associated tools are
     15  3000 ????						; available at at http://www.atari2600.org/dasm
     16  3000 ????						;
     17  3000 ????						; Many thanks to the people who have contributed.  If you take issue with the
     18  3000 ????						; contents, or would like to add something, please write to me
     19  3000 ????						; (atari2600@taswegian.com) with your contribution.
     20  3000 ????						;
     21  3000 ????						; Latest Revisions...
     22  3000 ????						;
     23  3000 ????						; 1.05  14/NOV/2003	  - Added VERSION_MACRO equate (which will reflect 100x version #)
     24  3000 ????						;			    This will allow conditional code to verify MACRO.H being
     25  3000 ????						;			    used for code assembly.
     26  3000 ????						; 1.04  13/NOV/2003	 - SET_POINTER macro added (16-bit address load)
     27  3000 ????						;
     28  3000 ????						; 1.03  23/JUN/2003	 - CLEAN_START macro added - clears TIA, RAM, registers
     29  3000 ????						;
     30  3000 ????						; 1.02  14/JUN/2003	 - VERTICAL_SYNC macro added
     31  3000 ????						;			   (standardised macro for vertical synch code)
     32  3000 ????						; 1.01  22/MAR/2003	 - SLEEP macro added. 
     33  3000 ????						;			 - NO_ILLEGAL_OPCODES switch implemented
     34  3000 ????						; 1.0	22/MAR/2003		Initial release
     35  3000 ????
     36  3000 ????						; Note: These macros use illegal opcodes.  To disable illegal opcode usage, 
     37  3000 ????						;   define the symbol NO_ILLEGAL_OPCODES (-DNO_ILLEGAL_OPCODES=1 on command-line).
     38  3000 ????						;   If you do not allow illegal opcode usage, you must include this file 
     39  3000 ????						;   *after* including VCS.H (as the non-illegal opcodes access hardware
     40  3000 ????						;   registers and require them to be defined first).
     41  3000 ????
     42  3000 ????						; Available macros...
     43  3000 ????						;   SLEEP n		 - sleep for n cycles
     44  3000 ????						;   VERTICAL_SYNC	 - correct 3 scanline vertical synch code
     45  3000 ????						;   CLEAN_START	 - set machine to known state on startup
     46  3000 ????						;   SET_POINTER	 - load a 16-bit absolute to a 16-bit variable
     47  3000 ????
     48  3000 ????						;-------------------------------------------------------------------------------
     49  3000 ????						; SLEEP duration
     50  3000 ????						; Original author: Thomas Jentzsch
     51  3000 ????						; Inserts code which takes the specified number of cycles to execute.	This is
     52  3000 ????						; useful for code where precise timing is required.
     53  3000 ????						; ILLEGAL-OPCODE VERSION DOES NOT AFFECT FLAGS OR REGISTERS.
     54  3000 ????						; LEGAL OPCODE VERSION MAY AFFECT FLAGS
     55  3000 ????						; Uses illegal opcode (DASM 2.20.01 onwards).
     56  3000 ????
     57  3000 ????				      MAC	sleep
     58  3000 ????			   .CYCLES    SET	{1}
     59  3000 ????
     60  3000 ????				      IF	.CYCLES < 2
     61  3000 ????				      ECHO	"MACRO ERROR: 'SLEEP': Duration must be > 1"
     62  3000 ????				      ERR
     63  3000 ????				      ENDIF
     64  3000 ????
     65  3000 ????				      IF	.CYCLES & 1
     66  3000 ????				      IFNCONST	NO_ILLEGAL_OPCODES
     67  3000 ????				      nop	0
     68  3000 ????				      ELSE
     69  3000 ????				      bit	VSYNC
     70  3000 ????				      ENDIF
     71  3000 ????			   .CYCLES    SET	.CYCLES - 3
     72  3000 ????				      ENDIF
     73  3000 ????
     74  3000 ????				      REPEAT	.CYCLES / 2
     75  3000 ????				      nop
     76  3000 ????				      REPEND
     77  3000 ????				      ENDM		;usage: SLEEP n (n>1)
     78  3000 ????
     79  3000 ????						;-------------------------------------------------------------------------------
     80  3000 ????						; VERTICAL_SYNC
     81  3000 ????						; Original author: Manuel Polik
     82  3000 ????						; Inserts the code required for a proper 3 scannline 
     83  3000 ????						; vertical sync sequence
     84  3000 ????						;
     85  3000 ????						; Note: Alters the accumulator
     86  3000 ????						;
     87  3000 ????						; IN:
     88  3000 ????						; OUT: A = 1
     89  3000 ????
     90  3000 ????				      MAC	vertical_sync
     91  3000 ????				      LDA	#$02	; A = VSYNC enable
     92  3000 ????				      STA	WSYNC	; Finish current line
     93  3000 ????				      STA	VSYNC	; Start vertical sync
     94  3000 ????				      STA	WSYNC	; 1st line vertical sync
     95  3000 ????				      STA	WSYNC	; 2nd line vertical sync
     96  3000 ????				      LSR		; A = VSYNC disable
     97  3000 ????				      STA	WSYNC	; 3rd line vertical sync
     98  3000 ????				      STA	VSYNC	; Stop vertical sync
     99  3000 ????				      ENDM
    100  3000 ????
    101  3000 ????						;-------------------------------------------------------------------------------
    102  3000 ????						; CLEAN_START
    103  3000 ????						; Original author: Andrew Davie
    104  3000 ????						; Standardised start-up code, clears stack, all TIA registers and RAM to 0
    105  3000 ????						; Sets stack pointer to $FF, and all registers to 0
    106  3000 ????						; Sets decimal mode off, sets interrupt flag (kind of un-necessary)
    107  3000 ????						; Use as very first section of code on boot (ie: at reset)
    108  3000 ????						; Code written to minimise total ROM usage - uses weird 6502 knowledge :)
    109  3000 ????
    110  3000 ????				      MAC	clean_start
    111  3000 ????				      sei
    112  3000 ????				      cld
    113  3000 ????
    114  3000 ????				      ldx	#0
    115  3000 ????				      txa
    116  3000 ????				      tay
    117  3000 ????			   .CLEAR_STACK dex
    118  3000 ????				      txs
    119  3000 ????				      pha
    120  3000 ????				      bne	.CLEAR_STACK	; SP=$FF, X = A = Y = 0
    121  3000 ????
    122  3000 ????				      ENDM
    123  3000 ????
    124  3000 ????						;-------------------------------------------------------
    125  3000 ????						; SET_POINTER
    126  3000 ????						; Original author: Manuel Rotschkar
    127  3000 ????						;
    128  3000 ????						; Sets a 2 byte RAM pointer to an absolute address.
    129  3000 ????						;
    130  3000 ????						; Usage: SET_POINTER pointer, address
    131  3000 ????						; Example: SET_POINTER SpritePTR, SpriteData
    132  3000 ????						;
    133  3000 ????						; Note: Alters the accumulator, NZ flags
    134  3000 ????						; IN 1: 2 byte RAM location reserved for pointer
    135  3000 ????						; IN 2: absolute address
    136  3000 ????
    137  3000 ????				      MAC	set_pointer
    138  3000 ????			   .POINTER   SET	{1}
    139  3000 ????			   .ADDRESS   SET	{2}
    140  3000 ????
    141  3000 ????				      LDA	#<.ADDRESS	; Get Lowbyte of Address
    142  3000 ????				      STA	.POINTER	; Store in pointer
    143  3000 ????				      LDA	#>.ADDRESS	; Get Hibyte of Address
    144  3000 ????				      STA	.POINTER+1	; Store in pointer+1
    145  3000 ????
    146  3000 ????				      ENDM
    147  3000 ????
    148  3000 ????						; EOF
------- FILE game.bas.asm
------- FILE 2600basic.h LEVEL 2 PASS 3
      0  3000 ????				      include	"2600basic.h"
      1  3000 ????						; Provided under the CC0 license. See the included LICENSE.txt for details.
      2  3000 ????
      3  3000 ????				      processor	6502
------- FILE vcs.h LEVEL 3 PASS 3
      0  3000 ????				      include	"vcs.h"
      1  3000 ????						; Provided under the CC0 license. See the included LICENSE.txt for details.
      2  3000 ????
      3  3000 ????						; VCS.H
      4  3000 ????						; Version 1.05, 13/November/2003
      5  3000 ????
      6  3000 ????	       00 69	   VERSION_VCS =	105
      7  3000 ????
      8  3000 ????						; THIS IS A PRELIMINARY RELEASE OF *THE* "STANDARD" VCS.H
      9  3000 ????						; THIS FILE IS EXPLICITLY SUPPORTED AS A DASM-PREFERRED COMPANION FILE
     10  3000 ????						; PLEASE DO *NOT* REDISTRIBUTE THIS FILE!
     11  3000 ????						;
     12  3000 ????						; This file defines hardware registers and memory mapping for the
     13  3000 ????						; Atari 2600. It is distributed as a companion machine-specific support package
     14  3000 ????						; for the DASM compiler. Updates to this file, DASM, and associated tools are
     15  3000 ????						; available at at http://www.atari2600.org/dasm
     16  3000 ????						;
     17  3000 ????						; Many thanks to the original author(s) of this file, and to everyone who has
     18  3000 ????						; contributed to understanding the Atari 2600.  If you take issue with the
     19  3000 ????						; contents, or naming of registers, please write to me (atari2600@taswegian.com)
     20  3000 ????						; with your views.  Please contribute, if you think you can improve this
     21  3000 ????						; file!
     22  3000 ????						;
     23  3000 ????						; Latest Revisions...
     24  3000 ????						; 1.05  13/NOV/2003	  - Correction to 1.04 - now functions as requested by MR.
     25  3000 ????						;			  - Added VERSION_VCS equate (which will reflect 100x version #)
     26  3000 ????						;			    This will allow conditional code to verify VCS.H being
     27  3000 ????						;			    used for code assembly.
     28  3000 ????						; 1.04  12/NOV/2003	 Added TIA_BASE_WRITE_ADDRESS and TIA_BASE_READ_ADDRESS for
     29  3000 ????						;			 convenient disassembly/reassembly compatibility for hardware
     30  3000 ????						;			 mirrored reading/writing differences.	This is more a 
     31  3000 ????						;			 readability issue, and binary compatibility with disassembled
     32  3000 ????						;			 and reassembled sources.  Per Manuel Rotschkar's suggestion.
     33  3000 ????						; 1.03  12/MAY/2003	 Added SEG segment at end of file to fix old-code compatibility
     34  3000 ????						;			 which was broken by the use of segments in this file, as
     35  3000 ????						;			 reported by Manuel Polik on [stella] 11/MAY/2003
     36  3000 ????						; 1.02  22/MAR/2003	 Added TIMINT($285)
     37  3000 ????						; 1.01				Constant offset added to allow use for 3F-style bankswitching
     38  3000 ????						;						 - define TIA_BASE_ADDRESS as $40 for Tigervision carts, otherwise
     39  3000 ????						;						   it is safe to leave it undefined, and the base address will
     40  3000 ????						;						   be set to 0.  Thanks to Eckhard Stolberg for the suggestion.
     41  3000 ????						;			    Note, may use -DLABEL=EXPRESSION to define TIA_BASE_ADDRESS
     42  3000 ????						;			  - register definitions are now generated through assignment
     43  3000 ????						;			    in uninitialised segments.	This allows a changeable base
     44  3000 ????						;			    address architecture.
     45  3000 ????						; 1.0	22/MAR/2003		Initial release
     46  3000 ????
     47  3000 ????
     48  3000 ????						;-------------------------------------------------------------------------------
     49  3000 ????
     50  3000 ????						; TIA_BASE_ADDRESS
     51  3000 ????						; The TIA_BASE_ADDRESS defines the base address of access to TIA registers.
     52  3000 ????						; Normally 0, the base address should (externally, before including this file)
     53  3000 ????						; be set to $40 when creating 3F-bankswitched (and other?) cartridges.
     54  3000 ????						; The reason is that this bankswitching scheme treats any access to locations
     55  3000 ????						; < $40 as a bankswitch.
     56  3000 ????
     57  3000 ????			  -	      IFNCONST	TIA_BASE_ADDRESS
     58  3000 ????			  -TIA_BASE_ADDRESS =	0
     59  3000 ????				      ENDIF
     60  3000 ????
     61  3000 ????						; Note: The address may be defined on the command-line using the -D switch, eg:
     62  3000 ????						; dasm.exe code.asm -DTIA_BASE_ADDRESS=$40 -f3 -v5 -ocode.bin
     63  3000 ????						; *OR* by declaring the label before including this file, eg:
     64  3000 ????						; TIA_BASE_ADDRESS = $40
     65  3000 ????						;   include "vcs.h"
     66  3000 ????
     67  3000 ????						; Alternate read/write address capability - allows for some disassembly compatibility
     68  3000 ????						; usage ; to allow reassembly to binary perfect copies).  This is essentially catering
     69  3000 ????						; for the mirrored ROM hardware registers.
     70  3000 ????
     71  3000 ????						; Usage: As per above, define the TIA_BASE_READ_ADDRESS and/or TIA_BASE_WRITE_ADDRESS
     72  3000 ????						; using the -D command-line switch, as required.  If the addresses are not defined, 
     73  3000 ????						; they defaut to the TIA_BASE_ADDRESS.
     74  3000 ????
     75  3000 ????			  -	      IFNCONST	TIA_BASE_READ_ADDRESS
     76  3000 ????			  -TIA_BASE_READ_ADDRESS =	TIA_BASE_ADDRESS
     77  3000 ????				      ENDIF
     78  3000 ????
     79  3000 ????			  -	      IFNCONST	TIA_BASE_WRITE_ADDRESS
     80  3000 ????			  -TIA_BASE_WRITE_ADDRESS =	TIA_BASE_ADDRESS
     81  3000 ????				      ENDIF
     82  3000 ????
     83  3000 ????						;-------------------------------------------------------------------------------
     84  3000 ????
     85 U002d					      SEG.U	TIA_REGISTERS_WRITE
     86 U0000					      ORG	TIA_BASE_WRITE_ADDRESS
     87 U0000
     88 U0000							; DO NOT CHANGE THE RELATIVE ORDERING OF REGISTERS!
     89 U0000
     90 U0000		       00	   VSYNC      ds	1	; $00	 0000 00x0   Vertical Sync Set-Clear
     91 U0001		       00	   VBLANK     ds	1	; $01	 xx00 00x0   Vertical Blank Set-Clear
     92 U0002		       00	   WSYNC      ds	1	; $02	 ---- ----   Wait for Horizontal Blank
     93 U0003		       00	   RSYNC      ds	1	; $03	 ---- ----   Reset Horizontal Sync Counter
     94 U0004		       00	   NUSIZ0     ds	1	; $04	 00xx 0xxx   Number-Size player/missle 0
     95 U0005		       00	   NUSIZ1     ds	1	; $05	 00xx 0xxx   Number-Size player/missle 1
     96 U0006		       00	   COLUP0     ds	1	; $06	 xxxx xxx0   Color-Luminance Player 0
     97 U0007		       00	   COLUP1     ds	1	; $07	 xxxx xxx0   Color-Luminance Player 1
     98 U0008		       00	   COLUPF     ds	1	; $08	 xxxx xxx0   Color-Luminance Playfield
     99 U0009		       00	   COLUBK     ds	1	; $09	 xxxx xxx0   Color-Luminance Background
    100 U000a		       00	   CTRLPF     ds	1	; $0A	 00xx 0xxx   Control Playfield, Ball, Collisions
    101 U000b		       00	   REFP0      ds	1	; $0B	 0000 x000   Reflection Player 0
    102 U000c		       00	   REFP1      ds	1	; $0C	 0000 x000   Reflection Player 1
    103 U000d		       00	   PF0	      ds	1	; $0D	 xxxx 0000   Playfield Register Byte 0
    104 U000e		       00	   PF1	      ds	1	; $0E	 xxxx xxxx   Playfield Register Byte 1
    105 U000f		       00	   PF2	      ds	1	; $0F	 xxxx xxxx   Playfield Register Byte 2
    106 U0010		       00	   RESP0      ds	1	; $10	 ---- ----   Reset Player 0
    107 U0011		       00	   RESP1      ds	1	; $11	 ---- ----   Reset Player 1
    108 U0012		       00	   RESM0      ds	1	; $12	 ---- ----   Reset Missle 0
    109 U0013		       00	   RESM1      ds	1	; $13	 ---- ----   Reset Missle 1
    110 U0014		       00	   RESBL      ds	1	; $14	 ---- ----   Reset Ball
    111 U0015		       00	   AUDC0      ds	1	; $15	 0000 xxxx   Audio Control 0
    112 U0016		       00	   AUDC1      ds	1	; $16	 0000 xxxx   Audio Control 1
    113 U0017		       00	   AUDF0      ds	1	; $17	 000x xxxx   Audio Frequency 0
    114 U0018		       00	   AUDF1      ds	1	; $18	 000x xxxx   Audio Frequency 1
    115 U0019		       00	   AUDV0      ds	1	; $19	 0000 xxxx   Audio Volume 0
    116 U001a		       00	   AUDV1      ds	1	; $1A	 0000 xxxx   Audio Volume 1
    117 U001b		       00	   GRP0       ds	1	; $1B	 xxxx xxxx   Graphics Register Player 0
    118 U001c		       00	   GRP1       ds	1	; $1C	 xxxx xxxx   Graphics Register Player 1
    119 U001d		       00	   ENAM0      ds	1	; $1D	 0000 00x0   Graphics Enable Missle 0
    120 U001e		       00	   ENAM1      ds	1	; $1E	 0000 00x0   Graphics Enable Missle 1
    121 U001f		       00	   ENABL      ds	1	; $1F	 0000 00x0   Graphics Enable Ball
    122 U0020		       00	   HMP0       ds	1	; $20	 xxxx 0000   Horizontal Motion Player 0
    123 U0021		       00	   HMP1       ds	1	; $21	 xxxx 0000   Horizontal Motion Player 1
    124 U0022		       00	   HMM0       ds	1	; $22	 xxxx 0000   Horizontal Motion Missle 0
    125 U0023		       00	   HMM1       ds	1	; $23	 xxxx 0000   Horizontal Motion Missle 1
    126 U0024		       00	   HMBL       ds	1	; $24	 xxxx 0000   Horizontal Motion Ball
    127 U0025		       00	   VDELP0     ds	1	; $25	 0000 000x   Vertical Delay Player 0
    128 U0026		       00	   VDELP1     ds	1	; $26	 0000 000x   Vertical Delay Player 1
    129 U0027		       00	   VDELBL     ds	1	; $27	 0000 000x   Vertical Delay Ball
    130 U0028		       00	   RESMP0     ds	1	; $28	 0000 00x0   Reset Missle 0 to Player 0
    131 U0029		       00	   RESMP1     ds	1	; $29	 0000 00x0   Reset Missle 1 to Player 1
    132 U002a		       00	   HMOVE      ds	1	; $2A	 ---- ----   Apply Horizontal Motion
    133 U002b		       00	   HMCLR      ds	1	; $2B	 ---- ----   Clear Horizontal Move Registers
    134 U002c		       00	   CXCLR      ds	1	; $2C	 ---- ----   Clear Collision Latches
    135 U002d
    136 U002d							;-------------------------------------------------------------------------------
    137 U002d
    138 U0010					      SEG.U	TIA_REGISTERS_READ
    139 U0000					      ORG	TIA_BASE_READ_ADDRESS
    140 U0000
    141 U0000							;											bit 7	 bit 6
    142 U0000		       00	   CXM0P      ds	1	; $00	     xx00 0000	     Read Collision  M0-P1   M0-P0
    143 U0001		       00	   CXM1P      ds	1	; $01	     xx00 0000			     M1-P0   M1-P1
    144 U0002		       00	   CXP0FB     ds	1	; $02	     xx00 0000			     P0-PF   P0-BL
    145 U0003		       00	   CXP1FB     ds	1	; $03	     xx00 0000			     P1-PF   P1-BL
    146 U0004		       00	   CXM0FB     ds	1	; $04	     xx00 0000			     M0-PF   M0-BL
    147 U0005		       00	   CXM1FB     ds	1	; $05	     xx00 0000			     M1-PF   M1-BL
    148 U0006		       00	   CXBLPF     ds	1	; $06	     x000 0000			     BL-PF   -----
    149 U0007		       00	   CXPPMM     ds	1	; $07	     xx00 0000			     P0-P1   M0-M1
    150 U0008		       00	   INPT0      ds	1	; $08	     x000 0000	     Read Pot Port 0
    151 U0009		       00	   INPT1      ds	1	; $09	     x000 0000	     Read Pot Port 1
    152 U000a		       00	   INPT2      ds	1	; $0A	     x000 0000	     Read Pot Port 2
    153 U000b		       00	   INPT3      ds	1	; $0B	     x000 0000	     Read Pot Port 3
    154 U000c		       00	   INPT4      ds	1	; $0C		x000 0000	 Read Input (Trigger) 0
    155 U000d		       00	   INPT5      ds	1	; $0D		x000 0000	 Read Input (Trigger) 1
    156 U000e
    157 U000e							;Used by PXE for Quadtari support
    158 U000e		       00	   INPT6      ds	1	; $0E		x000 0000	 Read Input (Trigger) 2
    159 U000f		       00	   INPT7      ds	1	; $0F		x000 0000	 Read Input (Trigger) 3
    160 U0010
    161 U0010							;-------------------------------------------------------------------------------
    162 U0010
    163 U0298					      SEG.U	RIOT
    164 U0280					      ORG	$280
    165 U0280
    166 U0280							; RIOT MEMORY MAP
    167 U0280
    168 U0280		       00	   SWCHA      ds	1	; $280      Port A data register for joysticks:
    169 U0281							;			Bits 4-7 for player 1.  Bits 0-3 for player 2.
    170 U0281
    171 U0281		       00	   SWACNT     ds	1	; $281      Port A data direction register (DDR)
    172 U0282		       00	   SWCHB      ds	1	; $282		Port B data (console switches)
    173 U0283		       00	   SWBCNT     ds	1	; $283      Port B DDR
    174 U0284		       00	   INTIM      ds	1	; $284		Timer output
    175 U0285
    176 U0285		       00	   TIMINT     ds	1	; $285
    177 U0286
    178 U0286		       00	   SWCHA2     ds	1	; $286		Used by PXE for Quadtari support
    179 U0287
    180 U0287							; Unused/undefined registers ($287-$294)
    181 U0287		       00		      ds	1	; $287
    182 U0288		       00		      ds	1	; $288
    183 U0289		       00		      ds	1	; $289
    184 U028a		       00		      ds	1	; $28A
    185 U028b		       00		      ds	1	; $28B
    186 U028c		       00		      ds	1	; $28C
    187 U028d		       00		      ds	1	; $28D
    188 U028e		       00		      ds	1	; $28E
    189 U028f		       00		      ds	1	; $28F
    190 U0290
    191 U0290							; Used by PXE to make "on JOYx_DIR gosub" faster and smaller
    192 U0290		       00	   JOY0_DIR   ds	1	; $290
    193 U0291		       00	   JOY1_DIR   ds	1	; $291
    194 U0292		       00	   JOY2_DIR   ds	1	; $292
    195 U0293		       00	   JOY3_DIR   ds	1	; $293
    196 U0294
    197 U0294		       00	   TIM1T      ds	1	; $294		set 1 clock interval
    198 U0295		       00	   TIM8T      ds	1	; $295      set 8 clock interval
    199 U0296		       00	   TIM64T     ds	1	; $296      set 64 clock interval
    200 U0297		       00	   T1024T     ds	1	; $297      set 1024 clock interval
    201 U0298
    202 U0298							;-------------------------------------------------------------------------------
    203 U0298							; The following required for back-compatibility with code which does not use
    204 U0298							; segments.
    205 U0298
    206  3000 ????				      SEG
    207  3000 ????
    208  3000 ????						; EOF
------- FILE 2600basic.h
------- FILE macro.h LEVEL 3 PASS 3
      0  3000 ????				      include	"macro.h"
      1  3000 ????						; Provided under the CC0 license. See the included LICENSE.txt for details.
      2  3000 ????
      3  3000 ????						; MACRO.H
      4  3000 ????						; Version 1.05, 13/NOVEMBER/2003
      5  3000 ????
      6  3000 ????	       00 69	   VERSION_MACRO =	105
      7  3000 ????
      8  3000 ????						;
      9  3000 ????						; THIS FILE IS EXPLICITLY SUPPORTED AS A DASM-PREFERRED COMPANION FILE
     10  3000 ????						; PLEASE DO *NOT* REDISTRIBUTE MODIFIED VERSIONS OF THIS FILE!
     11  3000 ????						;
     12  3000 ????						; This file defines DASM macros useful for development for the Atari 2600.
     13  3000 ????						; It is distributed as a companion machine-specific support package
     14  3000 ????						; for the DASM compiler. Updates to this file, DASM, and associated tools are
     15  3000 ????						; available at at http://www.atari2600.org/dasm
     16  3000 ????						;
     17  3000 ????						; Many thanks to the people who have contributed.  If you take issue with the
     18  3000 ????						; contents, or would like to add something, please write to me
     19  3000 ????						; (atari2600@taswegian.com) with your contribution.
     20  3000 ????						;
     21  3000 ????						; Latest Revisions...
     22  3000 ????						;
     23  3000 ????						; 1.05  14/NOV/2003	  - Added VERSION_MACRO equate (which will reflect 100x version #)
     24  3000 ????						;			    This will allow conditional code to verify MACRO.H being
     25  3000 ????						;			    used for code assembly.
     26  3000 ????						; 1.04  13/NOV/2003	 - SET_POINTER macro added (16-bit address load)
     27  3000 ????						;
     28  3000 ????						; 1.03  23/JUN/2003	 - CLEAN_START macro added - clears TIA, RAM, registers
     29  3000 ????						;
     30  3000 ????						; 1.02  14/JUN/2003	 - VERTICAL_SYNC macro added
     31  3000 ????						;			   (standardised macro for vertical synch code)
     32  3000 ????						; 1.01  22/MAR/2003	 - SLEEP macro added. 
     33  3000 ????						;			 - NO_ILLEGAL_OPCODES switch implemented
     34  3000 ????						; 1.0	22/MAR/2003		Initial release
     35  3000 ????
     36  3000 ????						; Note: These macros use illegal opcodes.  To disable illegal opcode usage, 
     37  3000 ????						;   define the symbol NO_ILLEGAL_OPCODES (-DNO_ILLEGAL_OPCODES=1 on command-line).
     38  3000 ????						;   If you do not allow illegal opcode usage, you must include this file 
     39  3000 ????						;   *after* including VCS.H (as the non-illegal opcodes access hardware
     40  3000 ????						;   registers and require them to be defined first).
     41  3000 ????
     42  3000 ????						; Available macros...
     43  3000 ????						;   SLEEP n		 - sleep for n cycles
     44  3000 ????						;   VERTICAL_SYNC	 - correct 3 scanline vertical synch code
     45  3000 ????						;   CLEAN_START	 - set machine to known state on startup
     46  3000 ????						;   SET_POINTER	 - load a 16-bit absolute to a 16-bit variable
     47  3000 ????
     48  3000 ????						;-------------------------------------------------------------------------------
     49  3000 ????						; SLEEP duration
     50  3000 ????						; Original author: Thomas Jentzsch
     51  3000 ????						; Inserts code which takes the specified number of cycles to execute.	This is
     52  3000 ????						; useful for code where precise timing is required.
     53  3000 ????						; ILLEGAL-OPCODE VERSION DOES NOT AFFECT FLAGS OR REGISTERS.
     54  3000 ????						; LEGAL OPCODE VERSION MAY AFFECT FLAGS
     55  3000 ????						; Uses illegal opcode (DASM 2.20.01 onwards).
     56  3000 ????
     57  3000 ????				      MAC	sleep
     58  3000 ????			   .CYCLES    SET	{1}
     59  3000 ????
     60  3000 ????				      IF	.CYCLES < 2
     61  3000 ????				      ECHO	"MACRO ERROR: 'SLEEP': Duration must be > 1"
     62  3000 ????				      ERR
     63  3000 ????				      ENDIF
     64  3000 ????
     65  3000 ????				      IF	.CYCLES & 1
     66  3000 ????				      IFNCONST	NO_ILLEGAL_OPCODES
     67  3000 ????				      nop	0
     68  3000 ????				      ELSE
     69  3000 ????				      bit	VSYNC
     70  3000 ????				      ENDIF
     71  3000 ????			   .CYCLES    SET	.CYCLES - 3
     72  3000 ????				      ENDIF
     73  3000 ????
     74  3000 ????				      REPEAT	.CYCLES / 2
     75  3000 ????				      nop
     76  3000 ????				      REPEND
     77  3000 ????				      ENDM		;usage: SLEEP n (n>1)
     78  3000 ????
     79  3000 ????						;-------------------------------------------------------------------------------
     80  3000 ????						; VERTICAL_SYNC
     81  3000 ????						; Original author: Manuel Polik
     82  3000 ????						; Inserts the code required for a proper 3 scannline 
     83  3000 ????						; vertical sync sequence
     84  3000 ????						;
     85  3000 ????						; Note: Alters the accumulator
     86  3000 ????						;
     87  3000 ????						; IN:
     88  3000 ????						; OUT: A = 1
     89  3000 ????
     90  3000 ????				      MAC	vertical_sync
     91  3000 ????				      LDA	#$02	; A = VSYNC enable
     92  3000 ????				      STA	WSYNC	; Finish current line
     93  3000 ????				      STA	VSYNC	; Start vertical sync
     94  3000 ????				      STA	WSYNC	; 1st line vertical sync
     95  3000 ????				      STA	WSYNC	; 2nd line vertical sync
     96  3000 ????				      LSR		; A = VSYNC disable
     97  3000 ????				      STA	WSYNC	; 3rd line vertical sync
     98  3000 ????				      STA	VSYNC	; Stop vertical sync
     99  3000 ????				      ENDM
    100  3000 ????
    101  3000 ????						;-------------------------------------------------------------------------------
    102  3000 ????						; CLEAN_START
    103  3000 ????						; Original author: Andrew Davie
    104  3000 ????						; Standardised start-up code, clears stack, all TIA registers and RAM to 0
    105  3000 ????						; Sets stack pointer to $FF, and all registers to 0
    106  3000 ????						; Sets decimal mode off, sets interrupt flag (kind of un-necessary)
    107  3000 ????						; Use as very first section of code on boot (ie: at reset)
    108  3000 ????						; Code written to minimise total ROM usage - uses weird 6502 knowledge :)
    109  3000 ????
    110  3000 ????				      MAC	clean_start
    111  3000 ????				      sei
    112  3000 ????				      cld
    113  3000 ????
    114  3000 ????				      ldx	#0
    115  3000 ????				      txa
    116  3000 ????				      tay
    117  3000 ????			   .CLEAR_STACK dex
    118  3000 ????				      txs
    119  3000 ????				      pha
    120  3000 ????				      bne	.CLEAR_STACK	; SP=$FF, X = A = Y = 0
    121  3000 ????
    122  3000 ????				      ENDM
    123  3000 ????
    124  3000 ????						;-------------------------------------------------------
    125  3000 ????						; SET_POINTER
    126  3000 ????						; Original author: Manuel Rotschkar
    127  3000 ????						;
    128  3000 ????						; Sets a 2 byte RAM pointer to an absolute address.
    129  3000 ????						;
    130  3000 ????						; Usage: SET_POINTER pointer, address
    131  3000 ????						; Example: SET_POINTER SpritePTR, SpriteData
    132  3000 ????						;
    133  3000 ????						; Note: Alters the accumulator, NZ flags
    134  3000 ????						; IN 1: 2 byte RAM location reserved for pointer
    135  3000 ????						; IN 2: absolute address
    136  3000 ????
    137  3000 ????				      MAC	set_pointer
    138  3000 ????			   .POINTER   SET	{1}
    139  3000 ????			   .ADDRESS   SET	{2}
    140  3000 ????
    141  3000 ????				      LDA	#<.ADDRESS	; Get Lowbyte of Address
    142  3000 ????				      STA	.POINTER	; Store in pointer
    143  3000 ????				      LDA	#>.ADDRESS	; Get Hibyte of Address
    144  3000 ????				      STA	.POINTER+1	; Store in pointer+1
    145  3000 ????
    146  3000 ????				      ENDM
    147  3000 ????
    148  3000 ????						; EOF
------- FILE 2600basic.h
------- FILE 2600basic_variable_redefs.h LEVEL 3 PASS 3
      0  3000 ????				      include	"2600basic_variable_redefs.h"
      1  3000 ????						; This file contains variable mapping and other information for the current project.
      2  3000 ????
      3  3000 ????	       00 28	   objects_length =	.skipL0365-objects
      4  3000 ????
      5  3000 ????	       00 20	   bscode_length =	32
      6  3000 ????	       00 14	   melody_length =	.skipL0292-melody
      7  3000 ????
      8  3000 ????	       00 14	   jingle_length =	.skipL0291-jingle
      9  3000 ????
     10  3000 ????	       00 28	   sugar_length =	.skipL0290-sugar
     11  3000 ????
     12  3000 ????	       00 02	   mouthcolors_length =	.skipL0289-mouthcolors
     13  3000 ????
     14  3000 ????	       00 ed	   _hasKey    =	z
     15  3000 ????
     16  3000 ????	       00 e9	   _hitCooldown =	v
     17  3000 ????
     18  3000 ????	       00 ec	   _attractDir =	y
     19  3000 ????
     20  3000 ????	       00 e8	   _ballx     =	u
     21  3000 ????
     22  3000 ????	       00 e6	   _pushCol   =	s
     23  3000 ????
     24  3000 ????	       00 e6	   _attractTimer =	s
     25  3000 ????
     26  3000 ????	       00 e4	   _prevSugarBit =	q
     27  3000 ????
     28  3000 ????	       00 e2	   _mouth1y   =	o
     29  3000 ????
     30  3000 ????	       00 df	   _mouth1x   =	l
     31  3000 ????
     32  3000 ????	       00 db	   _mouth0y   =	h
     33  3000 ????
     34  3000 ????	       00 d9	   _mouth0x   =	f
     35  3000 ????
     36  3000 ????	       00 d4	   _mouthIndex =	a
     37  3000 ????
     38  3000 ????	       00 dc	   _sugarIndex =	i
     39  3000 ????
     40  3000 ????	       00 e0	   _music_index =	m
     41  3000 ????
     42  3000 ????	       00 e3	   _Bit7_M0_Dir_Right =	p
     43  3000 ????
     44  3000 ????	       00 e3	   _Bit6_M0_Dir_Left =	p
     45  3000 ????
     46  3000 ????	       00 e3	   _Bit5_M0_Dir_Down =	p
     47  3000 ????
     48  3000 ????	       00 e3	   _Bit4_M0_Dir_Up =	p
     49  3000 ????
     50  3000 ????	       00 e3	   _Bit3_P0_Dir_Right =	p
     51  3000 ????
     52  3000 ????	       00 e3	   _Bit2_P0_Dir_Left =	p
     53  3000 ????
     54  3000 ????	       00 e3	   _Bit1_P0_Dir_Down =	p
     55  3000 ????
     56  3000 ????	       00 e3	   _Bit0_P0_Dir_Up =	p
     57  3000 ????
     58  3000 ????	       00 e3	   _BitOp_P0_M0_Dir =	p
     59  3000 ????
     60  3000 ????	       00 de	   _b7_gameMissile0Moving =	k
     61  3000 ????
     62  3000 ????	       00 de	   _b6_enableSlowMotion =	k
     63  3000 ????
     64  3000 ????	       00 de	   _b5_enablePalyer1 =	k
     65  3000 ????
     66  3000 ????	       00 de	   _b4_enableLight =	k
     67  3000 ????
     68  3000 ????	       00 de	   _b1_prevSelect =	k
     69  3000 ????
     70  3000 ????	       00 de	   _b0_enableStart =	k
     71  3000 ????
     72  3000 ????	       00 da	   _speed     =	g
     73  3000 ????
     74  3000 ????	       00 d8	   _choco_bits =	e
     75  3000 ????
     76  3000 ????	       00 e7	   _choco_count =	t
     77  3000 ????
     78  3000 ????	       00 eb	   _playfield_section =	x
     79  3000 ????
     80  3000 ????	       00 dd	   _playfield_down =	j
     81  3000 ????
     82  3000 ????	       00 ea	   _playfield_up =	w
     83  3000 ????
     84  3000 ????	       00 e5	   _current_bit_object =	r
     85  3000 ????
     86  3000 ????	       00 e1	   _current_object_level =	n
     87  3000 ????
     88  3000 ????	       00 d7	   _seconds_counter =	d
     89  3000 ????
     90  3000 ????	       00 d6	   _frame_counter =	c
     91  3000 ????
     92  3000 ????	       00 d5	   _level     =	b
     93  3000 ????
     94  3000 ????	       00 10	   _Push_Max  =	16
     95  3000 ????
     96  3000 ????	       00 08	   _Push_Min  =	8
     97  3000 ????
     98  3000 ????	       00 0c	   _Push_Start =	12
     99  3000 ????
    100  3000 ????	       00 36	   frame_limit =	54
    101  3000 ????
    102  3000 ????	       00 48	   _P1_color  =	$48
    103  3000 ????
    104  3000 ????	       00 2a	   _P0_color  =	$2A
    105  3000 ????
    106  3000 ????	       00 02	   _M_Edge_Left =	2
    107  3000 ????
    108  3000 ????	       00 02	   _M_Edge_Top =	2
    109  3000 ????
    110  3000 ????	       00 91	   _Edge_Right =	145
    111  3000 ????
    112  3000 ????	       00 0a	   _P_Edge_Left =	10
    113  3000 ????
    114  3000 ????	       00 58	   _Edge_Bottom =	88
    115  3000 ????
    116  3000 ????	       00 08	   _P_Edge_Top =	8
    117  3000 ????
    118  3000 ????	       00 01	   pfscore    =	1
    119  3000 ????
    120  3000 ????	       00 01	   bs_mask    =	1
    121  3000 ????	       00 08	   bankswitch =	8
    122  3000 ????	       1f f8	   bankswitch_hotspot =	$1FF8
    123  3000 ????	       00 3a	   vblank_time =	58
    124  3000 ????	       00 52	   overscan_time =	82
    125  3000 ????	       00 01	   PFcolors   =	1
------- FILE 2600basic.h
      7  3000 ????
      8  3000 ????	       00 80	   player0x   =	$80
      9  3000 ????	       00 81	   player1x   =	$81
     10  3000 ????	       00 82	   missile0x  =	$82
     11  3000 ????	       00 83	   missile1x  =	$83
     12  3000 ????	       00 84	   ballx      =	$84
     13  3000 ????
     14  3000 ????	       00 85	   objecty    =	$85
     15  3000 ????	       00 85	   player0y   =	$85
     16  3000 ????	       00 86	   player1y   =	$86
     17  3000 ????	       00 87	   missile1height =	$87
     18  3000 ????	       00 88	   missile1y  =	$88
     19  3000 ????	       00 89	   bally      =	$89
     20  3000 ????
     21  3000 ????	       00 87	   player1color =	$87	; replaces missile 1
     22  3000 ????
     23  3000 ????	       00 8a	   player0pointer =	$8A	;uses $8A-$8B
     24  3000 ????	       00 8a	   player0pointerlo =	$8A
     25  3000 ????	       00 8b	   player0pointerhi =	$8B
     26  3000 ????	       00 8c	   player1pointer =	$8C	; $8C-$8D
     27  3000 ????	       00 8c	   player1pointerlo =	$8C
     28  3000 ????	       00 8d	   player1pointerhi =	$8D
     29  3000 ????
     30  3000 ????	       00 8e	   player0height =	$8E
     31  3000 ????	       00 8f	   player1height =	$8F
     32  3000 ????	       00 90	   missile0height =	$90
     33  3000 ????	       00 91	   missile0y  =	$91
     34  3000 ????	       00 92	   ballheight =	$92
     35  3000 ????
     36  3000 ????	       00 90	   currentpaddle =	$90	; replaces missile 0 (and can't be used with playercolor)
     37  3000 ????	       00 91	   paddle     =	$91	; replaces missile 0
     38  3000 ????	       00 82	   player0colorstore =	$82	; replaces missile 0
     39  3000 ????	       00 90	   player0color =	$90	; replaces missile 0
     40  3000 ????
     41  3000 ????	       00 93	   score      =	$93	; $93-$95
     42  3000 ????	       00 96	   scorepointers =	$96	; $96-$9B = 6 bytes
     43  3000 ????	       00 9c	   temp1      =	$9C	;used by kernel.  can be used in program too, but
     44  3000 ????	       00 9d	   temp2      =	$9D	;are obliterated when drawscreen is called.
     45  3000 ????	       00 9e	   temp3      =	$9E
     46  3000 ????	       00 9f	   temp4      =	$9F
     47  3000 ????	       00 a0	   temp5      =	$A0
     48  3000 ????	       00 a1	   temp6      =	$A1
     49  3000 ????
     50  3000 ????	       00 a2	   rand       =	$A2
     51  3000 ????	       00 a3	   scorecolor =	$A3
     52  3000 ????
     53  3000 ????	       00 a4	   var0       =	$A4
     54  3000 ????	       00 a5	   var1       =	$A5
     55  3000 ????	       00 a6	   var2       =	$A6
     56  3000 ????	       00 a7	   var3       =	$A7
     57  3000 ????	       00 a8	   var4       =	$A8
     58  3000 ????	       00 a9	   var5       =	$A9
     59  3000 ????	       00 aa	   var6       =	$AA
     60  3000 ????	       00 ab	   var7       =	$AB
     61  3000 ????	       00 ac	   var8       =	$AC
     62  3000 ????	       00 ad	   var9       =	$AD
     63  3000 ????	       00 ae	   var10      =	$AE
     64  3000 ????	       00 af	   var11      =	$AF
     65  3000 ????	       00 b0	   var12      =	$B0
     66  3000 ????	       00 b1	   var13      =	$B1
     67  3000 ????	       00 b2	   var14      =	$B2
     68  3000 ????	       00 b3	   var15      =	$B3
     69  3000 ????	       00 b4	   var16      =	$B4
     70  3000 ????	       00 b5	   var17      =	$B5
     71  3000 ????	       00 b6	   var18      =	$B6
     72  3000 ????	       00 b7	   var19      =	$B7
     73  3000 ????	       00 b8	   var20      =	$B8
     74  3000 ????	       00 b9	   var21      =	$B9
     75  3000 ????	       00 ba	   var22      =	$BA
     76  3000 ????	       00 bb	   var23      =	$BB
     77  3000 ????	       00 bc	   var24      =	$BC
     78  3000 ????	       00 bd	   var25      =	$BD
     79  3000 ????	       00 be	   var26      =	$BE
     80  3000 ????	       00 bf	   var27      =	$BF
     81  3000 ????	       00 c0	   var28      =	$C0
     82  3000 ????	       00 c1	   var29      =	$C1
     83  3000 ????	       00 c2	   var30      =	$C2
     84  3000 ????	       00 c3	   var31      =	$C3
     85  3000 ????	       00 c4	   var32      =	$C4
     86  3000 ????	       00 c5	   var33      =	$C5
     87  3000 ????	       00 c6	   var34      =	$C6
     88  3000 ????	       00 c7	   var35      =	$C7
     89  3000 ????	       00 c8	   var36      =	$C8
     90  3000 ????	       00 c9	   var37      =	$C9
     91  3000 ????	       00 ca	   var38      =	$CA
     92  3000 ????	       00 cb	   var39      =	$CB
     93  3000 ????	       00 cc	   var40      =	$CC
     94  3000 ????	       00 cd	   var41      =	$CD
     95  3000 ????	       00 ce	   var42      =	$CE
     96  3000 ????	       00 cf	   var43      =	$CF
     97  3000 ????	       00 d0	   var44      =	$D0
     98  3000 ????	       00 d1	   var45      =	$D1
     99  3000 ????	       00 d2	   var46      =	$D2
    100  3000 ????	       00 d3	   var47      =	$D3
    101  3000 ????
    102  3000 ????	       00 d4	   A	      =	$d4
    103  3000 ????	       00 d4	   a	      =	$d4
    104  3000 ????	       00 d5	   B	      =	$d5
    105  3000 ????	       00 d5	   b	      =	$d5
    106  3000 ????	       00 d6	   C	      =	$d6
    107  3000 ????	       00 d6	   c	      =	$d6
    108  3000 ????	       00 d7	   D	      =	$d7
    109  3000 ????	       00 d7	   d	      =	$d7
    110  3000 ????	       00 d8	   E	      =	$d8
    111  3000 ????	       00 d8	   e	      =	$d8
    112  3000 ????	       00 d9	   F	      =	$d9
    113  3000 ????	       00 d9	   f	      =	$d9
    114  3000 ????	       00 da	   G	      =	$da
    115  3000 ????	       00 da	   g	      =	$da
    116  3000 ????	       00 db	   H	      =	$db
    117  3000 ????	       00 db	   h	      =	$db
    118  3000 ????	       00 dc	   I	      =	$dc
    119  3000 ????	       00 dc	   i	      =	$dc
    120  3000 ????	       00 dd	   J	      =	$dd
    121  3000 ????	       00 dd	   j	      =	$dd
    122  3000 ????	       00 de	   K	      =	$de
    123  3000 ????	       00 de	   k	      =	$de
    124  3000 ????	       00 df	   L	      =	$df
    125  3000 ????	       00 df	   l	      =	$df
    126  3000 ????	       00 e0	   M	      =	$e0
    127  3000 ????	       00 e0	   m	      =	$e0
    128  3000 ????	       00 e1	   N	      =	$e1
    129  3000 ????	       00 e1	   n	      =	$e1
    130  3000 ????	       00 e2	   O	      =	$e2
    131  3000 ????	       00 e2	   o	      =	$e2
    132  3000 ????	       00 e3	   P	      =	$e3
    133  3000 ????	       00 e3	   p	      =	$e3
    134  3000 ????	       00 e4	   Q	      =	$e4
    135  3000 ????	       00 e4	   q	      =	$e4
    136  3000 ????	       00 e5	   R	      =	$e5
    137  3000 ????	       00 e5	   r	      =	$e5
    138  3000 ????	       00 e6	   S	      =	$e6
    139  3000 ????	       00 e6	   s	      =	$e6
    140  3000 ????	       00 e7	   T	      =	$e7
    141  3000 ????	       00 e7	   t	      =	$e7
    142  3000 ????	       00 e8	   U	      =	$e8
    143  3000 ????	       00 e8	   u	      =	$e8
    144  3000 ????	       00 e9	   V	      =	$e9
    145  3000 ????	       00 e9	   v	      =	$e9
    146  3000 ????	       00 ea	   W	      =	$ea
    147  3000 ????	       00 ea	   w	      =	$ea
    148  3000 ????	       00 eb	   X	      =	$eb
    149  3000 ????	       00 eb	   x	      =	$eb
    150  3000 ????	       00 ec	   Y	      =	$ec
    151  3000 ????	       00 ec	   y	      =	$ec
    152  3000 ????	       00 ed	   Z	      =	$ed
    153  3000 ????	       00 ed	   z	      =	$ed
    154  3000 ????
    155  3000 ????	       00 ee	   temp7      =	$ee	; This is used to aid in bankswitching
    156  3000 ????	       00 ef	   playfieldpos =	$ef
    157  3000 ????
    158  3000 ????						; available for other uses, or if unused, provide more stack space
    159  3000 ????
    160  3000 ????	       00 f0	   aux1       =	$f0
    161  3000 ????	       00 f1	   aux2       =	$f1
    162  3000 ????	       00 f2	   aux3       =	$f2
    163  3000 ????	       00 f3	   aux4       =	$f3
    164  3000 ????	       00 f4	   aux5       =	$f4
    165  3000 ????	       00 f5	   aux6       =	$f5
    166  3000 ????
    167  3000 ????						; playfield color/height pointers
    168  3000 ????	       00 f0	   pfcolortable =	$f0	; and $d5
    169  3000 ????	       00 f0	   pfheighttable =	$f0	; and $d5
    170  3000 ????						; the above pointers are the same because if color and height are both used together,
    171  3000 ????						; they must used absolute indexed and cannot use pointers
    172  3000 ????
    173  3000 ????	       00 f2	   lifepointer =	$f2	; pointer to "lives" shape
    174  3000 ????						; upper 3 bits of $f2 contain the number of lives
    175  3000 ????	       00 f4	   lifecolor  =	$f4
    176  3000 ????	       00 f3	   lives      =	$f3	; # lives >> 5
    177  3000 ????	       00 f5	   statusbarlength =	$f5	; only uses upper 5 bits; other bits free
    178  3000 ????
    179  3000 ????	       00 f2	   pfscore1   =	$f2	; optional playfield bytes in score
    180  3000 ????	       00 f3	   pfscore2   =	$f3
    181  3000 ????	       00 f4	   pfscorecolor =	$f4
    182  3000 ????
    183  3000 ????	       00 f6	   stack1     =	$f6
    184  3000 ????	       00 f7	   stack2     =	$f7
    185  3000 ????	       00 f8	   stack3     =	$f8
    186  3000 ????	       00 f9	   stack4     =	$f9
    187  3000 ????						; the stack bytes above may be used in the kernel
    188  3000 ????						; stack = F6-F7, F8-F9, FA-FB, FC-FD, FE-FF
    189  3000 ????
    190  3000 ????				      MAC	return
    191  3000 ????				      ifnconst	bankswitch
    192  3000 ????				      rts
    193  3000 ????				      else
    194  3000 ????				      jmp	BS_return
    195  3000 ????				      endif
    196  3000 ????				      ENDM		; auto-return from either a regular or bankswitched module
    197  3000 ????
    198  3000 ????			  -	      ifconst	superchip
    199  3000 ????			  -playfieldbase =	$10D0
    200  3000 ????			  -	      include	superchip.h
    201  3000 ????				      else
    202  3000 ????	       00 a4	   playfieldbase =	$A4
    203  3000 ????				      endif
    204  3000 ????
    205  3000 ????				      ifnconst	pfhalfwidth
    206  3000 ????	       00 04	   pfwidth    =	4
    207  3000 ????	       00 0e	   PF1L       =	PF1
    208  3000 ????	       00 0f	   PF2L       =	PF2
    209  3000 ????	       00 0e	   PF1R       =	PF1
    210  3000 ????	       00 0f	   PF2R       =	PF2
    211  3000 ????	       00 00	   pfadjust   =	0
    212  3000 ????			  -	      else
    213  3000 ????			  -pfwidth    =	2
    214  3000 ????			  -	      ifconst	pfcenter
    215  3000 ????			  -PF1L       =	$3F	; no effect
    216  3000 ????			  -PF2L       =	PF2
    217  3000 ????			  -PF1R       =	$3F
    218  3000 ????			  -PF2R       =	PF2	; no effect
    219  3000 ????			  -pfadjust   =	1
    220  3000 ????			  -	      else
    221  3000 ????			  -PF1L       =	PF1
    222  3000 ????			  -PF2L       =	PF2
    223  3000 ????			  -PF1R       =	$3F	; no effect
    224  3000 ????			  -PF2R       =	$3F	; no effect
    225  3000 ????			  -pfadjust   =	0
    226  3000 ????			  -	      endif
    227  3000 ????				      endif
    228  3000 ????
    229  3000 ????						; define playfield start based on height
    230  3000 ????				      ifnconst	pfres
    231  3000 ????	       00 a4	   playfield  =	playfieldbase
    232  3000 ????			  -	      else
    233  3000 ????			  -playfield  =	playfieldbase-(pfres-12*(4/pfwidth))*pfwidth
    234  3000 ????				      endif
------- FILE game.bas.asm
------- FILE 2600basic_variable_redefs.h LEVEL 2 PASS 3
      0  3000 ????				      include	"2600basic_variable_redefs.h"
      1  3000 ????						; This file contains variable mapping and other information for the current project.
      2  3000 ????
      3  3000 ????	       00 28	   objects_length =	.skipL0365-objects
      4  3000 ????
      5  3000 ????	       00 20	   bscode_length =	32
      6  3000 ????	       00 14	   melody_length =	.skipL0292-melody
      7  3000 ????
      8  3000 ????	       00 14	   jingle_length =	.skipL0291-jingle
      9  3000 ????
     10  3000 ????	       00 28	   sugar_length =	.skipL0290-sugar
     11  3000 ????
     12  3000 ????	       00 02	   mouthcolors_length =	.skipL0289-mouthcolors
     13  3000 ????
     14  3000 ????	       00 ed	   _hasKey    =	z
     15  3000 ????
     16  3000 ????	       00 e9	   _hitCooldown =	v
     17  3000 ????
     18  3000 ????	       00 ec	   _attractDir =	y
     19  3000 ????
     20  3000 ????	       00 e8	   _ballx     =	u
     21  3000 ????
     22  3000 ????	       00 e6	   _pushCol   =	s
     23  3000 ????
     24  3000 ????	       00 e6	   _attractTimer =	s
     25  3000 ????
     26  3000 ????	       00 e4	   _prevSugarBit =	q
     27  3000 ????
     28  3000 ????	       00 e2	   _mouth1y   =	o
     29  3000 ????
     30  3000 ????	       00 df	   _mouth1x   =	l
     31  3000 ????
     32  3000 ????	       00 db	   _mouth0y   =	h
     33  3000 ????
     34  3000 ????	       00 d9	   _mouth0x   =	f
     35  3000 ????
     36  3000 ????	       00 d4	   _mouthIndex =	a
     37  3000 ????
     38  3000 ????	       00 dc	   _sugarIndex =	i
     39  3000 ????
     40  3000 ????	       00 e0	   _music_index =	m
     41  3000 ????
     42  3000 ????	       00 e3	   _Bit7_M0_Dir_Right =	p
     43  3000 ????
     44  3000 ????	       00 e3	   _Bit6_M0_Dir_Left =	p
     45  3000 ????
     46  3000 ????	       00 e3	   _Bit5_M0_Dir_Down =	p
     47  3000 ????
     48  3000 ????	       00 e3	   _Bit4_M0_Dir_Up =	p
     49  3000 ????
     50  3000 ????	       00 e3	   _Bit3_P0_Dir_Right =	p
     51  3000 ????
     52  3000 ????	       00 e3	   _Bit2_P0_Dir_Left =	p
     53  3000 ????
     54  3000 ????	       00 e3	   _Bit1_P0_Dir_Down =	p
     55  3000 ????
     56  3000 ????	       00 e3	   _Bit0_P0_Dir_Up =	p
     57  3000 ????
     58  3000 ????	       00 e3	   _BitOp_P0_M0_Dir =	p
     59  3000 ????
     60  3000 ????	       00 de	   _b7_gameMissile0Moving =	k
     61  3000 ????
     62  3000 ????	       00 de	   _b6_enableSlowMotion =	k
     63  3000 ????
     64  3000 ????	       00 de	   _b5_enablePalyer1 =	k
     65  3000 ????
     66  3000 ????	       00 de	   _b4_enableLight =	k
     67  3000 ????
     68  3000 ????	       00 de	   _b1_prevSelect =	k
     69  3000 ????
     70  3000 ????	       00 de	   _b0_enableStart =	k
     71  3000 ????
     72  3000 ????	       00 da	   _speed     =	g
     73  3000 ????
     74  3000 ????	       00 d8	   _choco_bits =	e
     75  3000 ????
     76  3000 ????	       00 e7	   _choco_count =	t
     77  3000 ????
     78  3000 ????	       00 eb	   _playfield_section =	x
     79  3000 ????
     80  3000 ????	       00 dd	   _playfield_down =	j
     81  3000 ????
     82  3000 ????	       00 ea	   _playfield_up =	w
     83  3000 ????
     84  3000 ????	       00 e5	   _current_bit_object =	r
     85  3000 ????
     86  3000 ????	       00 e1	   _current_object_level =	n
     87  3000 ????
     88  3000 ????	       00 d7	   _seconds_counter =	d
     89  3000 ????
     90  3000 ????	       00 d6	   _frame_counter =	c
     91  3000 ????
     92  3000 ????	       00 d5	   _level     =	b
     93  3000 ????
     94  3000 ????	       00 10	   _Push_Max  =	16
     95  3000 ????
     96  3000 ????	       00 08	   _Push_Min  =	8
     97  3000 ????
     98  3000 ????	       00 0c	   _Push_Start =	12
     99  3000 ????
    100  3000 ????	       00 36	   frame_limit =	54
    101  3000 ????
    102  3000 ????	       00 48	   _P1_color  =	$48
    103  3000 ????
    104  3000 ????	       00 2a	   _P0_color  =	$2A
    105  3000 ????
    106  3000 ????	       00 02	   _M_Edge_Left =	2
    107  3000 ????
    108  3000 ????	       00 02	   _M_Edge_Top =	2
    109  3000 ????
    110  3000 ????	       00 91	   _Edge_Right =	145
    111  3000 ????
    112  3000 ????	       00 0a	   _P_Edge_Left =	10
    113  3000 ????
    114  3000 ????	       00 58	   _Edge_Bottom =	88
    115  3000 ????
    116  3000 ????	       00 08	   _P_Edge_Top =	8
    117  3000 ????
    118  3000 ????	       00 01	   pfscore    =	1
    119  3000 ????
    120  3000 ????	       00 01	   bs_mask    =	1
    121  3000 ????	       00 08	   bankswitch =	8
    122  3000 ????	       1f f8	   bankswitch_hotspot =	$1FF8
    123  3000 ????	       00 3a	   vblank_time =	58
    124  3000 ????	       00 52	   overscan_time =	82
    125  3000 ????	       00 01	   PFcolors   =	1
------- FILE game.bas.asm
      8  3000 ????				      ifconst	bankswitch
      9  3000 ????				      if	bankswitch == 8
     10  1000					      ORG	$1000
     11  1000					      RORG	$D000
     12  1000					      endif
     13  1000				  -	      if	bankswitch == 16
     14  1000				  -	      ORG	$1000
     15  1000				  -	      RORG	$9000
     16  1000					      endif
     17  1000				  -	      if	bankswitch == 32
     18  1000				  -	      ORG	$1000
     19  1000				  -	      RORG	$1000
     20  1000					      endif
     21  1000				  -	      if	bankswitch == 64
     22  1000				  -	      ORG	$1000
     23  1000				  -	      RORG	$1000
     24  1000					      endif
     25  1000				  -	      else
     26  1000				  -	      ORG	$F000
     27  1000					      endif
     28  1000
     29  1000					      ifconst	bankswitch_hotspot
     30  1000				  -	      if	bankswitch_hotspot = $083F	; 0840 bankswitching hotspot
     31  1000				  -	      .byte	0	; stop unexpected bankswitches
     32  1000					      endif
     33  1000					      endif
     34  1000				   game
     35  1000				   .
     36  1000							;;line 1;;
     37  1000
     38  1000				   .
     39  1000							;;line 2;;
     40  1000
     41  1000				   .
     42  1000							;;line 3;;
     43  1000
     44  1000				   .
     45  1000							;;line 4;;
     46  1000
     47  1000				   .
     48  1000							;;line 5;;
     49  1000
     50  1000				   .
     51  1000							;;line 6;;
     52  1000
     53  1000				   .
     54  1000							;;line 7;;
     55  1000
     56  1000				   .
     57  1000							;;line 8;;
     58  1000
     59  1000				   .L00 		;;line 9;;  set kernel_options pfcolors
     60  1000
     61  1000				   .L01 		;;line 10;;  set tv pal
     62  1000
     63  1000				   .L02 		;;line 11;;  set romsize 8k
     64  1000
     65  1000				   .
     66  1000							;;line 12;;
     67  1000
     68  1000				   .
     69  1000							;;line 13;;
     70  1000
     71  1000				   .
     72  1000							;;line 14;;
     73  1000
     74  1000				   .
     75  1000							;;line 15;;
     76  1000
     77  1000				   .
     78  1000							;;line 16;;
     79  1000
     80  1000				   .
     81  1000							;;line 17;;
     82  1000
     83  1000				   .
     84  1000							;;line 18;;
     85  1000
     86  1000				   .L03 		;;line 19;;  const pfscore = 1
     87  1000
     88  1000				   .
     89  1000							;;line 20;;
     90  1000
     91  1000				   .
     92  1000							;;line 21;;
     93  1000
     94  1000				   .L04 		;;line 22;;  const _P_Edge_Top = 8
     95  1000
     96  1000				   .L05 		;;line 23;;  const _Edge_Bottom = 88
     97  1000
     98  1000				   .L06 		;;line 24;;  const _P_Edge_Left = 10
     99  1000
    100  1000				   .L07 		;;line 25;;  const _Edge_Right = 145
    101  1000
    102  1000				   .
    103  1000							;;line 26;;
    104  1000
    105  1000				   .L08 		;;line 27;;  const _M_Edge_Top = 2
    106  1000
    107  1000				   .L09 		;;line 28;;  const _M_Edge_Left = 2
    108  1000
    109  1000				   .
    110  1000							;;line 29;;
    111  1000
    112  1000				   .L010		;;line 30;;  const _P0_color = $2A
    113  1000
    114  1000				   .L011		;;line 31;;  const _P1_color = $48
    115  1000
    116  1000				   .L012		;;line 32;;  const frame_limit = 54
    117  1000
    118  1000				   .
    119  1000							;;line 33;;
    120  1000
    121  1000				   .
    122  1000							;;line 34;;
    123  1000
    124  1000				   .L013		;;line 35;;  const _Push_Start = 12
    125  1000
    126  1000				   .L014		;;line 36;;  const _Push_Min = 8
    127  1000
    128  1000				   .L015		;;line 37;;  const _Push_Max = 16
    129  1000
    130  1000				   .
    131  1000							;;line 38;;
    132  1000
    133  1000				   .
    134  1000							;;line 39;;
    135  1000
    136  1000				   .
    137  1000							;;line 40;;
    138  1000
    139  1000				   .
    140  1000							;;line 41;;
    141  1000
    142  1000				   .
    143  1000							;;line 42;;
    144  1000
    145  1000				   .
    146  1000							;;line 43;;
    147  1000
    148  1000				   .
    149  1000							;;line 44;;
    150  1000
    151  1000				   .
    152  1000							;;line 45;;
    153  1000
    154  1000				   .
    155  1000							;;line 46;;
    156  1000
    157  1000				   .
    158  1000							;;line 47;;
    159  1000
    160  1000				   .
    161  1000							;;line 48;;
    162  1000
    163  1000				   .
    164  1000							;;line 49;;
    165  1000
    166  1000				   .
    167  1000							;;line 50;;
    168  1000
    169  1000				   .
    170  1000							;;line 51;;
    171  1000
    172  1000				   .
    173  1000							;;line 52;;
    174  1000
    175  1000				   .
    176  1000							;;line 53;;
    177  1000
    178  1000				   .
    179  1000							;;line 54;;
    180  1000
    181  1000				   .
    182  1000							;;line 55;;
    183  1000
    184  1000				   .
    185  1000							;;line 56;;
    186  1000
    187  1000				   .
    188  1000							;;line 57;;
    189  1000
    190  1000				   .
    191  1000							;;line 58;;
    192  1000
    193  1000				   .
    194  1000							;;line 59;;
    195  1000
    196  1000				   .
    197  1000							;;line 60;;
    198  1000
    199  1000				   .
    200  1000							;;line 61;;
    201  1000
    202  1000				   .
    203  1000							;;line 62;;
    204  1000
    205  1000				   .
    206  1000							;;line 63;;
    207  1000
    208  1000				   .
    209  1000							;;line 64;;
    210  1000
    211  1000				   .
    212  1000							;;line 65;;
    213  1000
    214  1000				   .
    215  1000							;;line 66;;
    216  1000
    217  1000				   .L016		;;line 67;;  dim _level = b
    218  1000
    219  1000				   .
    220  1000							;;line 68;;
    221  1000
    222  1000				   .
    223  1000							;;line 69;;
    224  1000
    225  1000				   .L017		;;line 70;;  dim _frame_counter = c
    226  1000
    227  1000				   .L018		;;line 71;;  dim _seconds_counter = d
    228  1000
    229  1000				   .
    230  1000							;;line 72;;
    231  1000
    232  1000				   .
    233  1000							;;line 73;;
    234  1000
    235  1000				   .L019		;;line 74;;  dim _current_object_level = n
    236  1000
    237  1000				   .L020		;;line 75;;  dim _current_bit_object = r
    238  1000
    239  1000				   .
    240  1000							;;line 76;;
    241  1000
    242  1000				   .
    243  1000							;;line 77;;
    244  1000
    245  1000				   .L021		;;line 78;;  dim _playfield_up = w
    246  1000
    247  1000				   .L022		;;line 79;;  dim _playfield_down = j
    248  1000
    249  1000				   .L023		;;line 80;;  dim _playfield_section = x
    250  1000
    251  1000				   .
    252  1000							;;line 81;;
    253  1000
    254  1000				   .
    255  1000							;;line 82;;
    256  1000
    257  1000				   .L024		;;line 83;;  dim _choco_count = t
    258  1000
    259  1000				   .L025		;;line 84;;  dim _choco_bits = e
    260  1000
    261  1000				   .
    262  1000							;;line 85;;
    263  1000
    264  1000				   .
    265  1000							;;line 86;;
    266  1000
    267  1000				   .L026		;;line 87;;  dim _speed = g
    268  1000
    269  1000				   .
    270  1000							;;line 88;;
    271  1000
    272  1000				   .
    273  1000							;;line 89;;
    274  1000
    275  1000				   .L027		;;line 90;;  dim _b0_enableStart = k
    276  1000
    277  1000				   .L028		;;line 91;;  dim _b1_prevSelect = k
    278  1000
    279  1000				   .L029		;;line 92;;  dim _b4_enableLight = k
    280  1000
    281  1000				   .L030		;;line 93;;  dim _b5_enablePalyer1 = k
    282  1000
    283  1000				   .L031		;;line 94;;  dim _b6_enableSlowMotion = k
    284  1000
    285  1000				   .L032		;;line 95;;  dim _b7_gameMissile0Moving = k
    286  1000
    287  1000				   .
    288  1000							;;line 96;;
    289  1000
    290  1000				   .
    291  1000							;;line 97;;
    292  1000
    293  1000				   .L033		;;line 98;;  dim _BitOp_P0_M0_Dir = p
    294  1000
    295  1000				   .
    296  1000							;;line 99;;
    297  1000
    298  1000				   .
    299  1000							;;line 100;;
    300  1000
    301  1000				   .L034		;;line 101;;  dim _Bit0_P0_Dir_Up = p
    302  1000
    303  1000				   .L035		;;line 102;;  dim _Bit1_P0_Dir_Down = p
    304  1000
    305  1000				   .L036		;;line 103;;  dim _Bit2_P0_Dir_Left = p
    306  1000
    307  1000				   .L037		;;line 104;;  dim _Bit3_P0_Dir_Right = p
    308  1000
    309  1000				   .
    310  1000							;;line 105;;
    311  1000
    312  1000				   .
    313  1000							;;line 106;;
    314  1000
    315  1000				   .L038		;;line 107;;  dim _Bit4_M0_Dir_Up = p
    316  1000
    317  1000				   .L039		;;line 108;;  dim _Bit5_M0_Dir_Down = p
    318  1000
    319  1000				   .L040		;;line 109;;  dim _Bit6_M0_Dir_Left = p
    320  1000
    321  1000				   .L041		;;line 110;;  dim _Bit7_M0_Dir_Right = p
    322  1000
    323  1000				   .
    324  1000							;;line 111;;
    325  1000
    326  1000				   .L042		;;line 112;;  dim _music_index = m
    327  1000
    328  1000				   .L043		;;line 113;;  dim _sugarIndex = i
    329  1000
    330  1000				   .L044		;;line 114;;  dim _mouthIndex = a
    331  1000
    332  1000				   .L045		;;line 115;;  dim _mouth0x = f
    333  1000
    334  1000				   .L046		;;line 116;;  dim _mouth0y = h
    335  1000
    336  1000				   .L047		;;line 117;;  dim _mouth1x = l
    337  1000
    338  1000				   .L048		;;line 118;;  dim _mouth1y = o
    339  1000
    340  1000				   .L049		;;line 119;;  dim _prevSugarBit = q
    341  1000
    342  1000				   .L050		;;line 120;;  dim _attractTimer = s
    343  1000
    344  1000				   .L051		;;line 121;;  dim _pushCol = s
    345  1000
    346  1000				   .L052		;;line 122;;  dim _ballx = u
    347  1000
    348  1000				   .L053		;;line 123;;  dim _attractDir = y
    349  1000
    350  1000				   .L054		;;line 124;;  dim _hitCooldown = v
    351  1000
    352  1000				   .L055		;;line 125;;  dim _hasKey = z
    353  1000
    354  1000				   .__inizialize
    355  1000							;;line 126;; __inizialize
    356  1000
    357  1000				   .
    358  1000							;;line 127;;
    359  1000
    360  1000				   .
    361  1000							;;line 128;;
    362  1000
    363  1000				   .
    364  1000							;;line 129;;
    365  1000
    366  1000				   .
    367  1000							;;line 130;;
    368  1000
    369  1000				   .
    370  1000							;;line 131;;
    371  1000
    372  1000				   .
    373  1000							;;line 132;;
    374  1000
    375  1000				   .
    376  1000							;;line 133;;
    377  1000
    378  1000				   .
    379  1000							;;line 134;;
    380  1000
    381  1000				   .
    382  1000							;;line 135;;
    383  1000
    384  1000				   .
    385  1000							;;line 136;;
    386  1000
    387  1000				   .
    388  1000							;;line 137;;
    389  1000
    390  1000				   .
    391  1000							;;line 138;;
    392  1000
    393  1000				   .
    394  1000							;;line 139;;
    395  1000
    396  1000				   .
    397  1000							;;line 140;;
    398  1000
    399  1000				   .
    400  1000							;;line 141;;
    401  1000
    402  1000				   .
    403  1000							;;line 142;;
    404  1000
    405  1000				   .
    406  1000							;;line 143;;
    407  1000
    408  1000				   .L056		;;line 144;;  missile0height = 4
    409  1000
    410  1000		       a9 04		      LDA	#4
    411  1002		       85 90		      STA	missile0height
    412  1004				   .L057		;;line 145;;  missile1height = 1
    413  1004
    414  1004		       a9 01		      LDA	#1
    415  1006		       85 87		      STA	missile1height
    416  1008				   .L058		;;line 146;;  ballheight = 16
    417  1008
    418  1008		       a9 10		      LDA	#16
    419  100a		       85 92		      STA	ballheight
    420  100c				   .
    421  100c							;;line 147;;
    422  100c
    423  100c				   .L059		;;line 148;;  a = 0  :  b = 0	:  c = 0  :  d = 0  :  e = 0  :  f = 0	:  g = 3  :  h = 3  :  i = 0
    424  100c
    425  100c		       a9 00		      LDA	#0
    426  100e		       85 d4		      STA	a
    427  1010		       85 d5		      STA	b
    428  1012		       85 d6		      STA	c
    429  1014		       85 d7		      STA	d
    430  1016		       85 d8		      STA	e
    431  1018		       85 d9		      STA	f
    432  101a		       a9 03		      LDA	#3
    433  101c		       85 da		      STA	g
    434  101e		       85 db		      STA	h
    435  1020		       a9 00		      LDA	#0
    436  1022		       85 dc		      STA	i
    437  1024				   .L060		;;line 149;;  j = 0  :  k = 0	:  l = 0  :  m = 0  :  n = 0  :  o = 0	:  p = 0  :  q = 0  :  r = 0
    438  1024
    439  1024		       a9 00		      LDA	#0
    440  1026		       85 dd		      STA	j
    441  1028		       85 de		      STA	k
    442  102a		       85 df		      STA	l
    443  102c		       85 e0		      STA	m
    444  102e		       85 e1		      STA	n
    445  1030		       85 e2		      STA	o
    446  1032		       85 e3		      STA	p
    447  1034		       85 e4		      STA	q
    448  1036		       85 e5		      STA	r
    449  1038				   .L061		;;line 150;;  s = 0  :  t = 0	:  u = 0  :  w = 0  :  x = 0  :  y = 0
    450  1038
    451  1038		       a9 00		      LDA	#0
    452  103a		       85 e6		      STA	s
    453  103c		       85 e7		      STA	t
    454  103e		       85 e8		      STA	u
    455  1040		       85 ea		      STA	w
    456  1042		       85 eb		      STA	x
    457  1044		       85 ec		      STA	y
    458  1046				   .
    459  1046							;;line 151;;
    460  1046
    461  1046				   .
    462  1046							;;line 152;;
    463  1046
    464  1046				   .L062		;;line 153;;  pfscore1 = %11111111  :	pfscore2 = %10101010
    465  1046
    466  1046		       a9 ff		      LDA	#%11111111
    467  1048		       85 f2		      STA	pfscore1
    468  104a		       a9 aa		      LDA	#%10101010
    469  104c		       85 f3		      STA	pfscore2
    470  104e				   .L063		;;line 154;;  pfscorecolor = $08  :  scorecolor = $10
    471  104e
    472  104e		       a9 08		      LDA	#$08
    473  1050		       85 f4		      STA	pfscorecolor
    474  1052		       a9 10		      LDA	#$10
    475  1054		       85 a3		      STA	scorecolor
    476  1056				   .
    477  1056							;;line 155;;
    478  1056
    479  1056				   .
    480  1056							;;line 156;;
    481  1056
    482  1056				   .
    483  1056							;;line 157;;
    484  1056
    485  1056				   .
    486  1056							;;line 158;;
    487  1056
    488  1056				   .
    489  1056							;;line 159;;
    490  1056
    491  1056				   .
    492  1056							;;line 160;;
    493  1056
    494  1056				   .
    495  1056							;;line 161;;
    496  1056
    497  1056				   .
    498  1056							;;line 162;;
    499  1056
    500  1056				   .
    501  1056							;;line 163;;
    502  1056
    503  1056				   .
    504  1056							;;line 164;;
    505  1056
    506  1056				   .
    507  1056							;;line 165;;
    508  1056
    509  1056				   .
    510  1056							;;line 166;;
    511  1056
    512  1056				   .
    513  1056							;;line 167;;
    514  1056
    515  1056				   .
    516  1056							;;line 168;;
    517  1056
    518  1056				   .
    519  1056							;;line 169;;
    520  1056
    521  1056				   .
    522  1056							;;line 170;;
    523  1056
    524  1056				   .
    525  1056							;;line 171;;
    526  1056
    527  1056				   .
    528  1056							;;line 172;;
    529  1056
    530  1056				   .
    531  1056							;;line 173;;
    532  1056
    533  1056				   .
    534  1056							;;line 174;;
    535  1056
    536  1056				   .__draw_title
    537  1056							;;line 175;; __draw_title
    538  1056
    539  1056				   .L064		;;line 176;;  playfield:
    540  1056
    541  1056				  -	      ifconst	pfres
    542  1056				  -	      ldx	#(11>pfres)*(pfres*pfwidth-1)+(11<=pfres)*43
    543  1056					      else
    544  1056		       a2 2b		      ldx	#((11*pfwidth-1)*((11*pfwidth-1)<47))+(47*((11*pfwidth-1)>=47))
    545  1058					      endif
    546  1058		       4c 87 d0 	      jmp	pflabel0
    547  105b				   PF_data0
    548  105b		       00 00		      .byte.b	%00000000, %00000000
    549  105d					      if	(pfwidth>2)
    550  105d		       00 00		      .byte.b	%00000000, %00000000
    551  105f					      endif
    552  105f		       1c 89		      .byte.b	%00011100, %10001001
    553  1061					      if	(pfwidth>2)
    554  1061		       86 24		      .byte.b	%10000110, %00100100
    555  1063					      endif
    556  1063		       20 4b		      .byte.b	%00100000, %01001011
    557  1065					      if	(pfwidth>2)
    558  1065		       49 14		      .byte.b	%01001001, %00010100
    559  1067					      endif
    560  1067		       18 cd		      .byte.b	%00011000, %11001101
    561  1069					      if	(pfwidth>2)
    562  1069		       c8 0c		      .byte.b	%11001000, %00001100
    563  106b					      endif
    564  106b		       04 49		      .byte.b	%00000100, %01001001
    565  106d					      if	(pfwidth>2)
    566  106d		       49 14		      .byte.b	%01001001, %00010100
    567  106f					      endif
    568  106f		       38 49		      .byte.b	%00111000, %01001001
    569  1071					      if	(pfwidth>2)
    570  1071		       46 24		      .byte.b	%01000110, %00100100
    571  1073					      endif
    572  1073		       00 00		      .byte.b	%00000000, %00000000
    573  1075					      if	(pfwidth>2)
    574  1075		       00 00		      .byte.b	%00000000, %00000000
    575  1077					      endif
    576  1077		       81 ca		      .byte.b	%10000001, %11001010
    577  1079					      if	(pfwidth>2)
    578  1079		       28 71		      .byte.b	%00101000, %01110001
    579  107b					      endif
    580  107b		       2c 26		      .byte.b	%00101100, %00100110
    581  107d					      if	(pfwidth>2)
    582  107d		       a8 1b		      .byte.b	%10101000, %00011011
    583  107f					      endif
    584  107f		       34 22		      .byte.b	%00110100, %00100010
    585  1081					      if	(pfwidth>2)
    586  1081		       a8 35		      .byte.b	%10101000, %00110101
    587  1083					      endif
    588  1083		       24 c2		      .byte.b	%00100100, %11000010
    589  1085					      if	(pfwidth>2)
    590  1085		       28 11		      .byte.b	%00101000, %00010001
    591  1087					      endif
    592  1087				   pflabel0
    593  1087		       bd 5b d0 	      lda	PF_data0,x
    594  108a		       95 a4		      sta	playfield,x
    595  108c		       ca		      dex
    596  108d		       10 f8		      bpl	pflabel0
    597  108f				   .L065		;;line 189;;  pfcolors:
    598  108f
    599  108f		       a9 20		      lda	# $20
    600  1091		       85 08		      sta	COLUPF
    601  1093				  -	      ifconst	pfres
    602  1093				  -	      lda	#>(pfcolorlabel13-132+pfres*pfwidth)
    603  1093					      else
    604  1093		       a9 f8		      lda	#>(pfcolorlabel13-84)
    605  1095					      endif
    606  1095		       85 f1		      sta	pfcolortable+1
    607  1097				  -	      ifconst	pfres
    608  1097				  -	      lda	#<(pfcolorlabel13-132+pfres*pfwidth)
    609  1097					      else
    610  1097		       a9 0a		      lda	#<(pfcolorlabel13-84)
    611  1099					      endif
    612  1099		       85 f0		      sta	pfcolortable
    613  109b				   .
    614  109b							;;line 202;;
    615  109b
    616  109b				   .__game_start
    617  109b							;;line 203;; __game_start
    618  109b
    619  109b				   .
    620  109b							;;line 204;;
    621  109b
    622  109b				   .
    623  109b							;;line 205;;
    624  109b
    625  109b				   .L066		;;line 206;;  if !_b0_enableStart{0} then goto __skip_gameover_clear
    626  109b
    627  109b		       a5 de		      LDA	_b0_enableStart
    628  109d		       4a		      LSR
    629  109e		       b0 03		      BCS	.skipL066
    630  10a0				   .condpart0
    631  10a0		       4c ba d0 	      jmp	.__skip_gameover_clear
    632  10a3				   .skipL066
    633  10a3				   .L067		;;line 207;;  _b0_enableStart{0} = 0
    634  10a3
    635  10a3		       a5 de		      LDA	_b0_enableStart
    636  10a5		       29 fe		      AND	#254
    637  10a7		       85 de		      STA	_b0_enableStart
    638  10a9				   .L068		;;line 208;;  missile1y = 200	:  _choco_count = 0  :	bally = 200  :	missile0y = 200
    639  10a9
    640  10a9		       a9 c8		      LDA	#200
    641  10ab		       85 88		      STA	missile1y
    642  10ad		       a9 00		      LDA	#0
    643  10af		       85 e7		      STA	_choco_count
    644  10b1		       a9 c8		      LDA	#200
    645  10b3		       85 89		      STA	bally
    646  10b5		       85 91		      STA	missile0y
    647  10b7				   .L069		;;line 209;;  goto __draw_title
    648  10b7
    649  10b7		       4c 56 d0 	      jmp	.__draw_title
    650  10ba				   .__skip_gameover_clear
    651  10ba							;;line 210;; __skip_gameover_clear
    652  10ba
    653  10ba				   .L070		;;line 211;;  _b0_enableStart{0} = 0
    654  10ba
    655  10ba		       a5 de		      LDA	_b0_enableStart
    656  10bc		       29 fe		      AND	#254
    657  10be		       85 de		      STA	_b0_enableStart
    658  10c0				   .L071		;;line 212;;  _b4_enableLight{4} = 1
    659  10c0
    660  10c0		       a5 de		      LDA	_b4_enableLight
    661  10c2		       09 10		      ORA	#16
    662  10c4		       85 de		      STA	_b4_enableLight
    663  10c6				   .
    664  10c6							;;line 213;;
    665  10c6
    666  10c6				   .L072		;;line 214;;  goto __done
    667  10c6
    668  10c6		       4c bc dc 	      jmp	.__done
    669  10c9				   .
    670  10c9							;;line 215;;
    671  10c9
    672  10c9				   .__main_loop
    673  10c9							;;line 216;; __main_loop
    674  10c9
    675  10c9				   .
    676  10c9							;;line 217;;
    677  10c9
    678  10c9				   .
    679  10c9							;;line 218;;
    680  10c9
    681  10c9				   .
    682  10c9							;;line 219;;
    683  10c9
    684  10c9				   .
    685  10c9							;;line 220;;
    686  10c9
    687  10c9				   .
    688  10c9							;;line 221;;
    689  10c9
    690  10c9				   .
    691  10c9							;;line 222;;
    692  10c9
    693  10c9				   .
    694  10c9							;;line 223;;
    695  10c9
    696  10c9				   .L073		;;line 224;;  _frame_counter = _frame_counter	+  1
    697  10c9
    698  10c9		       e6 d6		      INC	_frame_counter
    699  10cb				   .L074		;;line 225;;  if _frame_counter  >  frame_limit then _frame_counter = 0  :  _seconds_counter = _seconds_counter  +  1
    700  10cb
    701  10cb		       a9 36		      LDA	#frame_limit
    702  10cd		       c5 d6		      CMP	_frame_counter
    703  10cf		       b0 06		      BCS	.skipL074
    704  10d1				   .condpart1
    705  10d1		       a9 00		      LDA	#0
    706  10d3		       85 d6		      STA	_frame_counter
    707  10d5		       e6 d7		      INC	_seconds_counter
    708  10d7				   .skipL074
    709  10d7				   .
    710  10d7							;;line 226;;
    711  10d7
    712  10d7				   .
    713  10d7							;;line 227;;
    714  10d7
    715  10d7				   .L075		;;line 228;;  if switchreset  &&  !_b0_enableStart{0} then _b0_enableStart{0} = 1  :  _level = _choco_count + 1  :  _speed = 8  :  score = 0  :  goto __handle_level_select
    716  10d7
    717  10d7		       a9 01		      lda	#1
    718  10d9		       2c 82 02 	      bit	SWCHB
    719  10dc		       d0 25		      BNE	.skipL075
    720  10de				   .condpart2
    721  10de		       a5 de		      LDA	_b0_enableStart
    722  10e0		       4a		      LSR
    723  10e1		       b0 20		      BCS	.skip2then
    724  10e3				   .condpart3
    725  10e3		       a5 de		      LDA	_b0_enableStart
    726  10e5		       09 01		      ORA	#1
    727  10e7		       85 de		      STA	_b0_enableStart
    728  10e9		       a5 e7		      LDA	_choco_count
    729  10eb		       18		      CLC
    730  10ec		       69 01		      ADC	#1
    731  10ee		       85 d5		      STA	_level
    732  10f0		       a9 08		      LDA	#8
    733  10f2		       85 da		      STA	_speed
    734  10f4		       a9 00		      LDA	#$00
    735  10f6		       85 95		      STA	score+2
    736  10f8		       a9 00		      LDA	#$00
    737  10fa		       85 94		      STA	score+1
    738  10fc		       a9 00		      LDA	#$00
    739  10fe		       85 93		      STA	score
    740  1100		       4c 06 d1 	      jmp	.__handle_level_select
    741  1103				   .skip2then
    742  1103				   .skipL075
    743  1103				   .L076		;;line 229;;  goto __skip_level_select
    744  1103
    745  1103		       4c 22 d1 	      jmp	.__skip_level_select
    746  1106				   .
    747  1106							;;line 230;;
    748  1106
    749  1106				   .__handle_level_select
    750  1106							;;line 231;; __handle_level_select
    751  1106
    752  1106				   .L077		;;line 232;;  temp1 =	( _level - 1 )	* 2
    753  1106
    754  1106							; complex statement detected
    755  1106		       a5 d5		      LDA	_level
    756  1108		       38		      SEC
    757  1109		       e9 01		      SBC	#1
    758  110b		       0a		      asl
    759  110c		       85 9c		      STA	temp1
    760  110e				   .L078		;;line 233;;  _speed = 0
    761  110e
    762  110e		       a9 00		      LDA	#0
    763  1110		       85 da		      STA	_speed
    764  1112				   .L079		;;line 234;;  if _level < 5 then _speed = 8 - temp1
    765  1112
    766  1112		       a5 d5		      LDA	_level
    767  1114		       c9 05		      CMP	#5
    768  1116		       b0 07		      BCS	.skipL079
    769  1118				   .condpart4
    770  1118		       a9 08		      LDA	#8
    771  111a		       38		      SEC
    772  111b		       e5 9c		      SBC	temp1
    773  111d		       85 da		      STA	_speed
    774  111f				   .skipL079
    775  111f				   .L080		;;line 235;;  goto __skip_to_change
    776  111f
    777  111f		       4c 1d dc 	      jmp	.__skip_to_change
    778  1122				   .__skip_level_select
    779  1122							;;line 236;; __skip_level_select
    780  1122
    781  1122				   .
    782  1122							;;line 237;;
    783  1122
    784  1122				   .
    785  1122							;;line 238;;
    786  1122
    787  1122				   .
    788  1122							;;line 239;;
    789  1122
    790  1122				   .
    791  1122							;;line 240;;
    792  1122
    793  1122				   .
    794  1122							;;line 241;;
    795  1122
    796  1122				   .
    797  1122							;;line 242;;
    798  1122
    799  1122				   .L081		;;line 243;;  if _music_index	>  19 then _music_index = 0
    800  1122
    801  1122		       a9 13		      LDA	#19
    802  1124		       c5 e0		      CMP	_music_index
    803  1126		       b0 04		      BCS	.skipL081
    804  1128				   .condpart5
    805  1128		       a9 00		      LDA	#0
    806  112a		       85 e0		      STA	_music_index
    807  112c				   .skipL081
    808  112c				   .L082		;;line 244;;  if !_b0_enableStart{0}  &&  ! ( _frame_counter & 15 )  then AUDF1 = jingle[_music_index]  :  AUDV1 = 2 :  _music_index = _music_index  +  1
    809  112c
    810  112c		       a5 de		      LDA	_b0_enableStart
    811  112e		       4a		      LSR
    812  112f		       b0 13		      BCS	.skipL082
    813  1131				   .condpart6
    814  1131							; complex statement detected
    815  1131		       a5 d6		      LDA	_frame_counter
    816  1133		       29 0f		      AND	#15
    817  1135		       d0 0d		      BNE	.skip6then
    818  1137				   .condpart7
    819  1137		       a6 e0		      LDX	_music_index
    820  1139		       bd 0a dd 	      LDA	jingle,x
    821  113c		       85 18		      STA	AUDF1
    822  113e		       a9 02		      LDA	#2
    823  1140		       85 1a		      STA	AUDV1
    824  1142		       e6 e0		      INC	_music_index
    825  1144				   .skip6then
    826  1144				   .skipL082
    827  1144				   .L083		;;line 245;;  if _b0_enableStart{0}  &&  ! ( _frame_counter & 3 )  then AUDF1 = melody[_music_index]  :  AUDV1 = 2  :	_music_index = _music_index  +	1
    828  1144
    829  1144		       a5 de		      LDA	_b0_enableStart
    830  1146		       4a		      LSR
    831  1147		       90 13		      BCC	.skipL083
    832  1149				   .condpart8
    833  1149							; complex statement detected
    834  1149		       a5 d6		      LDA	_frame_counter
    835  114b		       29 03		      AND	#3
    836  114d		       d0 0d		      BNE	.skip8then
    837  114f				   .condpart9
    838  114f		       a6 e0		      LDX	_music_index
    839  1151		       bd 21 dd 	      LDA	melody,x
    840  1154		       85 18		      STA	AUDF1
    841  1156		       a9 02		      LDA	#2
    842  1158		       85 1a		      STA	AUDV1
    843  115a		       e6 e0		      INC	_music_index
    844  115c				   .skip8then
    845  115c				   .skipL083
    846  115c				   .
    847  115c							;;line 246;;
    848  115c
    849  115c				   .
    850  115c							;;line 247;;
    851  115c
    852  115c				   .L084		;;line 248;;  if !_b0_enableStart{0} then goto __attract_mode
    853  115c
    854  115c		       a5 de		      LDA	_b0_enableStart
    855  115e		       4a		      LSR
    856  115f		       b0 03		      BCS	.skipL084
    857  1161				   .condpart10
    858  1161		       4c 67 d1 	      jmp	.__attract_mode
    859  1164				   .skipL084
    860  1164				   .L085		;;line 249;;  goto __skip_attract
    861  1164
    862  1164		       4c 38 d2 	      jmp	.__skip_attract
    863  1167				   .
    864  1167							;;line 250;;
    865  1167
    866  1167				   .__attract_mode
    867  1167							;;line 251;; __attract_mode
    868  1167
    869  1167				   .L086		;;line 252;;  if ! ( _frame_counter & 3 )  then _attractTimer = _attractTimer	+  1
    870  1167
    871  1167							; complex statement detected
    872  1167		       a5 d6		      LDA	_frame_counter
    873  1169		       29 03		      AND	#3
    874  116b		       d0 02		      BNE	.skipL086
    875  116d				   .condpart11
    876  116d		       e6 e6		      INC	_attractTimer
    877  116f				   .skipL086
    878  116f				   .L087		;;line 253;;  if _attractTimer  >=  55  &&  _attractTimer  <=	70 then goto __attract_paused
    879  116f
    880  116f		       a5 e6		      LDA	_attractTimer
    881  1171		       c9 37		      CMP	#55
    882  1173		       90 09		      BCC	.skipL087
    883  1175				   .condpart12
    884  1175		       a9 46		      LDA	#70
    885  1177		       c5 e6		      CMP	_attractTimer
    886  1179		       90 03		      BCC	.skip12then
    887  117b				   .condpart13
    888  117b		       4c ac d1 	      jmp	.__attract_paused
    889  117e				   .skip12then
    890  117e				   .skipL087
    891  117e				   .L088		;;line 254;;  if !_attractDir	&&  ! ( _frame_counter & 3 )  then player0x = player0x	+  1
    892  117e
    893  117e		       a5 ec		      LDA	_attractDir
    894  1180		       d0 08		      BNE	.skipL088
    895  1182				   .condpart14
    896  1182							; complex statement detected
    897  1182		       a5 d6		      LDA	_frame_counter
    898  1184		       29 03		      AND	#3
    899  1186		       d0 02		      BNE	.skip14then
    900  1188				   .condpart15
    901  1188		       e6 80		      INC	player0x
    902  118a				   .skip14then
    903  118a				   .skipL088
    904  118a				   .L089		;;line 255;;  if _attractDir  &&  ! ( _frame_counter & 3 )  then player0x = player0x  -  1
    905  118a
    906  118a		       a5 ec		      LDA	_attractDir
    907  118c		       f0 08		      BEQ	.skipL089
    908  118e				   .condpart16
    909  118e							; complex statement detected
    910  118e		       a5 d6		      LDA	_frame_counter
    911  1190		       29 03		      AND	#3
    912  1192		       d0 02		      BNE	.skip16then
    913  1194				   .condpart17
    914  1194		       c6 80		      DEC	player0x
    915  1196				   .skip16then
    916  1196				   .skipL089
    917  1196				   .L090		;;line 256;;  if player0x  >  140 then _attractDir = 1
    918  1196
    919  1196		       a9 8c		      LDA	#140
    920  1198		       c5 80		      CMP	player0x
    921  119a		       b0 04		      BCS	.skipL090
    922  119c				   .condpart18
    923  119c		       a9 01		      LDA	#1
    924  119e		       85 ec		      STA	_attractDir
    925  11a0				   .skipL090
    926  11a0				   .L091		;;line 257;;  if player0x  <  10 then _attractDir = 0	:  _attractTimer = 0
    927  11a0
    928  11a0		       a5 80		      LDA	player0x
    929  11a2		       c9 0a		      CMP	#10
    930  11a4		       b0 06		      BCS	.skipL091
    931  11a6				   .condpart19
    932  11a6		       a9 00		      LDA	#0
    933  11a8		       85 ec		      STA	_attractDir
    934  11aa		       85 e6		      STA	_attractTimer
    935  11ac				   .skipL091
    936  11ac				   .__attract_paused
    937  11ac							;;line 258;; __attract_paused
    938  11ac
    939  11ac				   .L092		;;line 259;;  player0y = 53  :  player1y = 53	:  player1x = player0x	-  15  :  COLUP1 = _P1_color  :  COLUP0 = _P0_color
    940  11ac
    941  11ac		       a9 35		      LDA	#53
    942  11ae		       85 85		      STA	player0y
    943  11b0		       85 86		      STA	player1y
    944  11b2		       a5 80		      LDA	player0x
    945  11b4		       38		      SEC
    946  11b5		       e9 0f		      SBC	#15
    947  11b7		       85 81		      STA	player1x
    948  11b9		       a9 48		      LDA	#_P1_color
    949  11bb		       85 07		      STA	COLUP1
    950  11bd		       a9 2a		      LDA	#_P0_color
    951  11bf		       85 06		      STA	COLUP0
    952  11c1				   .
    953  11c1							;;line 260;;
    954  11c1
    955  11c1				   .
    956  11c1							;;line 261;;
    957  11c1
    958  11c1				   .
    959  11c1							;;line 262;;
    960  11c1
    961  11c1				   .L093		;;line 263;;  if switchselect	&&  !_b1_prevSelect{1} then _choco_count = _choco_count  +  1  :  if _choco_count = 5 then _choco_count = 0
    962  11c1
    963  11c1		       a9 02		      lda	#2
    964  11c3		       2c 82 02 	      bit	SWCHB
    965  11c6		       d0 12		      BNE	.skipL093
    966  11c8				   .condpart20
    967  11c8		       a5 de		      LDA	_b1_prevSelect
    968  11ca		       29 02		      AND	#2
    969  11cc		       d0 0c		      BNE	.skip20then
    970  11ce				   .condpart21
    971  11ce		       e6 e7		      INC	_choco_count
    972  11d0		       a5 e7		      LDA	_choco_count
    973  11d2		       c9 05		      CMP	#5
    974  11d4		       d0 04		      BNE	.skip21then
    975  11d6				   .condpart22
    976  11d6		       a9 00		      LDA	#0
    977  11d8		       85 e7		      STA	_choco_count
    978  11da				   .skip21then
    979  11da				   .skip20then
    980  11da				   .skipL093
    981  11da				   .L094		;;line 264;;  _b1_prevSelect{1} = 0
    982  11da
    983  11da		       a5 de		      LDA	_b1_prevSelect
    984  11dc		       29 fd		      AND	#253
    985  11de		       85 de		      STA	_b1_prevSelect
    986  11e0				   .L095		;;line 265;;  if switchselect then _b1_prevSelect{1} = 1
    987  11e0
    988  11e0		       a9 02		      lda	#2
    989  11e2		       2c 82 02 	      bit	SWCHB
    990  11e5		       d0 06		      BNE	.skipL095
    991  11e7				   .condpart23
    992  11e7		       a5 de		      LDA	_b1_prevSelect
    993  11e9		       09 02		      ORA	#2
    994  11eb		       85 de		      STA	_b1_prevSelect
    995  11ed				   .skipL095
    996  11ed				   .L096		;;line 266;;  pfhline 1 6 9 off
    997  11ed
    998  11ed		       a2 01		      LDX	#1
    999  11ef		       a9 09		      LDA	#9
   1000  11f1		       85 9e		      STA	temp3
   1001  11f3		       a0 06		      LDY	#6
   1002  11f5		       a9 01		      LDA	#1
   1003  11f7		       85 ee		      sta	temp7
   1004  11f9		       a9 d2		      lda	#>(ret_point1-1)
   1005  11fb		       48		      pha
   1006  11fc		       a9 0e		      lda	#<(ret_point1-1)
   1007  11fe		       48		      pha
   1008  11ff		       a9 f2		      lda	#>(pfhline-1)
   1009  1201		       48		      pha
   1010  1202		       a9 ea		      lda	#<(pfhline-1)
   1011  1204		       48		      pha
   1012  1205		       a5 ee		      lda	temp7
   1013  1207		       48		      pha
   1014  1208		       8a		      txa
   1015  1209		       48		      pha
   1016  120a		       a2 02		      ldx	#2
   1017  120c		       4c eb ff 	      jmp	BS_jsr
   1018  120f				   ret_point1
   1019  120f				   .L097		;;line 267;;  temp1 = _choco_count * 2 + 1
   1020  120f
   1021  120f							; complex statement detected
   1022  120f		       a5 e7		      LDA	_choco_count
   1023  1211		       0a		      asl
   1024  1212		       18		      CLC
   1025  1213		       69 01		      ADC	#1
   1026  1215		       85 9c		      STA	temp1
   1027  1217				   .L098		;;line 268;;  pfpixel temp1 6 on
   1028  1217
   1029  1217		       a2 00		      LDX	#0
   1030  1219		       a0 06		      LDY	#6
   1031  121b		       a5 9c		      LDA	temp1
   1032  121d		       85 ee		      sta	temp7
   1033  121f		       a9 d2		      lda	#>(ret_point2-1)
   1034  1221		       48		      pha
   1035  1222		       a9 34		      lda	#<(ret_point2-1)
   1036  1224		       48		      pha
   1037  1225		       a9 f2		      lda	#>(pfpixel-1)
   1038  1227		       48		      pha
   1039  1228		       a9 ba		      lda	#<(pfpixel-1)
   1040  122a		       48		      pha
   1041  122b		       a5 ee		      lda	temp7
   1042  122d		       48		      pha
   1043  122e		       8a		      txa
   1044  122f		       48		      pha
   1045  1230		       a2 02		      ldx	#2
   1046  1232		       4c eb ff 	      jmp	BS_jsr
   1047  1235				   ret_point2
   1048  1235				   .
   1049  1235							;;line 269;;
   1050  1235
   1051  1235				   .L099		;;line 270;;  goto __skip_missile
   1052  1235
   1053  1235		       4c a8 d7 	      jmp	.__skip_missile
   1054  1238				   .
   1055  1238							;;line 271;;
   1056  1238
   1057  1238				   .__skip_attract
   1058  1238							;;line 272;; __skip_attract
   1059  1238
   1060  1238				   .
   1061  1238							;;line 273;;
   1062  1238
   1063  1238				   .
   1064  1238							;;line 274;;
   1065  1238
   1066  1238				   .
   1067  1238							;;line 275;;
   1068  1238
   1069  1238				   .
   1070  1238							;;line 276;;
   1071  1238
   1072  1238				   .
   1073  1238							;;line 277;;
   1074  1238
   1075  1238				   .
   1076  1238							;;line 278;;
   1077  1238
   1078  1238				   .
   1079  1238							;;line 279;;
   1080  1238
   1081  1238				   .L0100		;;line 280;;  temp1 = 1
   1082  1238
   1083  1238		       a9 01		      LDA	#1
   1084  123a		       85 9c		      STA	temp1
   1085  123c				   .L0101		;;line 281;;  if _level  >  3 then temp1 = 2
   1086  123c
   1087  123c		       a9 03		      LDA	#3
   1088  123e		       c5 d5		      CMP	_level
   1089  1240		       b0 04		      BCS	.skipL0101
   1090  1242				   .condpart24
   1091  1242		       a9 02		      LDA	#2
   1092  1244		       85 9c		      STA	temp1
   1093  1246				   .skipL0101
   1094  1246				   .
   1095  1246							;;line 282;;
   1096  1246
   1097  1246				   .L0102		;;line 283;;  if _hitCooldown then _hitCooldown = _hitCooldown  -  1
   1098  1246
   1099  1246		       a5 e9		      LDA	_hitCooldown
   1100  1248		       f0 02		      BEQ	.skipL0102
   1101  124a				   .condpart25
   1102  124a		       c6 e9		      DEC	_hitCooldown
   1103  124c				   .skipL0102
   1104  124c				   .
   1105  124c							;;line 284;;
   1106  124c
   1107  124c				   .L0103		;;line 285;;  _mouthIndex = _mouthIndex  +  1
   1108  124c
   1109  124c		       e6 d4		      INC	_mouthIndex
   1110  124e				   .L0104		;;line 286;;  if _mouthIndex  >=  temp1 then _mouthIndex = 0
   1111  124e
   1112  124e		       a5 d4		      LDA	_mouthIndex
   1113  1250		       c5 9c		      CMP	temp1
   1114  1252		       90 04		      BCC	.skipL0104
   1115  1254				   .condpart26
   1116  1254		       a9 00		      LDA	#0
   1117  1256		       85 d4		      STA	_mouthIndex
   1118  1258				   .skipL0104
   1119  1258				   .
   1120  1258							;;line 287;;
   1121  1258
   1122  1258				   .L0105		;;line 288;;  if !_hitCooldown  &&  ! ( _frame_counter  &   ( _speed - 1 )  )	then gosub __move_current_mouth
   1123  1258
   1124  1258		       a5 e9		      LDA	_hitCooldown
   1125  125a		       d0 12		      BNE	.skipL0105
   1126  125c				   .condpart27
   1127  125c							; complex statement detected
   1128  125c		       a5 d6		      LDA	_frame_counter
   1129  125e		       48		      PHA
   1130  125f		       a5 da		      LDA	_speed
   1131  1261		       38		      SEC
   1132  1262		       e9 01		      SBC	#1
   1133  1264		       ba		      TSX
   1134  1265		       e8		      INX
   1135  1266		       9a		      TXS
   1136  1267		       35 00		      AND	$0,x
   1137  1269		       d0 03		      BNE	.skip27then
   1138  126b				   .condpart28
   1139  126b		       20 90 d2 	      jsr	.__move_current_mouth
   1140  126e				   .skip27then
   1141  126e				   .skipL0105
   1142  126e				   .
   1143  126e							;;line 289;;
   1144  126e
   1145  126e				   .L0106		;;line 290;;  if !_mouthIndex then player1x = _mouth0x  :  player1y = _mouth0y
   1146  126e
   1147  126e		       a5 d4		      LDA	_mouthIndex
   1148  1270		       d0 08		      BNE	.skipL0106
   1149  1272				   .condpart29
   1150  1272		       a5 d9		      LDA	_mouth0x
   1151  1274		       85 81		      STA	player1x
   1152  1276		       a5 db		      LDA	_mouth0y
   1153  1278		       85 86		      STA	player1y
   1154  127a				   .skipL0106
   1155  127a				   .L0107		;;line 291;;  if _mouthIndex then player1x = _mouth1x	:  player1y = _mouth1y
   1156  127a
   1157  127a		       a5 d4		      LDA	_mouthIndex
   1158  127c		       f0 08		      BEQ	.skipL0107
   1159  127e				   .condpart30
   1160  127e		       a5 df		      LDA	_mouth1x
   1161  1280		       85 81		      STA	player1x
   1162  1282		       a5 e2		      LDA	_mouth1y
   1163  1284		       85 86		      STA	player1y
   1164  1286				   .skipL0107
   1165  1286				   .
   1166  1286							;;line 292;;
   1167  1286
   1168  1286				   .L0108		;;line 293;;  COLUP1 = mouthcolors[_mouthIndex]
   1169  1286
   1170  1286		       a6 d4		      LDX	_mouthIndex
   1171  1288		       bd da dc 	      LDA	mouthcolors,x
   1172  128b		       85 07		      STA	COLUP1
   1173  128d				   .
   1174  128d							;;line 294;;
   1175  128d
   1176  128d				   .L0109		;;line 295;;  goto __skip_bocche
   1177  128d
   1178  128d		       4c 42 d3 	      jmp	.__skip_bocche
   1179  1290				   .
   1180  1290							;;line 296;;
   1181  1290
   1182  1290				   .__move_current_mouth
   1183  1290							;;line 297;; __move_current_mouth
   1184  1290
   1185  1290				   .L0110		;;line 298;;  temp3 = _mouth0x  :  temp4 = _mouth0y
   1186  1290
   1187  1290		       a5 d9		      LDA	_mouth0x
   1188  1292		       85 9e		      STA	temp3
   1189  1294		       a5 db		      LDA	_mouth0y
   1190  1296		       85 9f		      STA	temp4
   1191  1298				   .L0111		;;line 299;;  if _mouthIndex then temp3 = _mouth1x  :	temp4 = _mouth1y
   1192  1298
   1193  1298		       a5 d4		      LDA	_mouthIndex
   1194  129a		       f0 08		      BEQ	.skipL0111
   1195  129c				   .condpart31
   1196  129c		       a5 df		      LDA	_mouth1x
   1197  129e		       85 9e		      STA	temp3
   1198  12a0		       a5 e2		      LDA	_mouth1y
   1199  12a2		       85 9f		      STA	temp4
   1200  12a4				   .skipL0111
   1201  12a4				   .
   1202  12a4							;;line 300;;
   1203  12a4
   1204  12a4				   .
   1205  12a4							;;line 301;;
   1206  12a4
   1207  12a4				   .L0112		;;line 302;;  if temp3  <  player0x then temp3 = temp3  +  1
   1208  12a4
   1209  12a4		       a5 9e		      LDA	temp3
   1210  12a6		       c5 80		      CMP	player0x
   1211  12a8		       b0 02		      BCS	.skipL0112
   1212  12aa				   .condpart32
   1213  12aa		       e6 9e		      INC	temp3
   1214  12ac				   .skipL0112
   1215  12ac				   .L0113		;;line 303;;  if temp3  >  player0x then temp3 = temp3  -  1
   1216  12ac
   1217  12ac		       a5 80		      LDA	player0x
   1218  12ae		       c5 9e		      CMP	temp3
   1219  12b0		       b0 02		      BCS	.skipL0113
   1220  12b2				   .condpart33
   1221  12b2		       c6 9e		      DEC	temp3
   1222  12b4				   .skipL0113
   1223  12b4				   .L0114		;;line 304;;  if temp4  <  player0y then temp4 = temp4  +  1
   1224  12b4
   1225  12b4		       a5 9f		      LDA	temp4
   1226  12b6		       c5 85		      CMP	player0y
   1227  12b8		       b0 02		      BCS	.skipL0114
   1228  12ba				   .condpart34
   1229  12ba		       e6 9f		      INC	temp4
   1230  12bc				   .skipL0114
   1231  12bc				   .L0115		;;line 305;;  if temp4  >  player0y then temp4 = temp4  -  1
   1232  12bc
   1233  12bc		       a5 85		      LDA	player0y
   1234  12be		       c5 9f		      CMP	temp4
   1235  12c0		       b0 02		      BCS	.skipL0115
   1236  12c2				   .condpart35
   1237  12c2		       c6 9f		      DEC	temp4
   1238  12c4				   .skipL0115
   1239  12c4				   .
   1240  12c4							;;line 306;;
   1241  12c4
   1242  12c4				   .
   1243  12c4							;;line 307;;
   1244  12c4
   1245  12c4				   .
   1246  12c4							;;line 308;;
   1247  12c4
   1248  12c4				   .L0116		;;line 309;;  if _mouthIndex  ||  _level  >  4 then goto __mouth_free
   1249  12c4
   1250  12c4		       a5 d4		      LDA	_mouthIndex
   1251  12c6		       f0 03		      BEQ	.skipL0116
   1252  12c8				   .condpart36
   1253  12c8		       4c d1 d2 	      jmp	.condpart37
   1254  12cb				   .skipL0116
   1255  12cb		       a9 04		      LDA	#4
   1256  12cd		       c5 d5		      CMP	_level
   1257  12cf		       b0 03		      BCS	.skip8OR
   1258  12d1				   .condpart37
   1259  12d1		       4c 1d d3 	      jmp	.__mouth_free
   1260  12d4				   .skip8OR
   1261  12d4				   .L0117		;;line 310;;  temp5 = 0
   1262  12d4
   1263  12d4		       a9 00		      LDA	#0
   1264  12d6		       85 a0		      STA	temp5
   1265  12d8				   .L0118		;;line 311;;  if temp3  >  13 then temp5 =  ( temp3 - 13 )  / 4
   1266  12d8
   1267  12d8		       a9 0d		      LDA	#13
   1268  12da		       c5 9e		      CMP	temp3
   1269  12dc		       b0 09		      BCS	.skipL0118
   1270  12de				   .condpart38
   1271  12de							; complex statement detected
   1272  12de		       a5 9e		      LDA	temp3
   1273  12e0		       38		      SEC
   1274  12e1		       e9 0d		      SBC	#13
   1275  12e3		       4a		      lsr
   1276  12e4		       4a		      lsr
   1277  12e5		       85 a0		      STA	temp5
   1278  12e7				   .skipL0118
   1279  12e7				   .L0119		;;line 312;;  temp6 =	( temp4 - 2 )  / 8
   1280  12e7
   1281  12e7							; complex statement detected
   1282  12e7		       a5 9f		      LDA	temp4
   1283  12e9		       38		      SEC
   1284  12ea		       e9 02		      SBC	#2
   1285  12ec		       4a		      lsr
   1286  12ed		       4a		      lsr
   1287  12ee		       4a		      lsr
   1288  12ef		       85 a1		      STA	temp6
   1289  12f1				   .L0120		;;line 313;;  if temp6 <> 5  &&  pfread ( temp5 , temp6 )  then temp3 = _mouth0x  :  temp4 = _mouth0y
   1290  12f1
   1291  12f1		       a5 a1		      LDA	temp6
   1292  12f3		       c9 05		      CMP	#5
   1293  12f5		       f0 26		      BEQ	.skipL0120
   1294  12f7				   .condpart39
   1295  12f7		       a5 a0		      LDA	temp5
   1296  12f9		       a4 a1		      LDY	temp6
   1297  12fb		       85 ee		      sta	temp7
   1298  12fd		       a9 d3		      lda	#>(ret_point3-1)
   1299  12ff		       48		      pha
   1300  1300		       a9 12		      lda	#<(ret_point3-1)
   1301  1302		       48		      pha
   1302  1303		       a9 f2		      lda	#>(pfread-1)
   1303  1305		       48		      pha
   1304  1306		       a9 ab		      lda	#<(pfread-1)
   1305  1308		       48		      pha
   1306  1309		       a5 ee		      lda	temp7
   1307  130b		       48		      pha
   1308  130c		       8a		      txa
   1309  130d		       48		      pha
   1310  130e		       a2 02		      ldx	#2
   1311  1310		       4c eb ff 	      jmp	BS_jsr
   1312  1313				   ret_point3
   1313  1313		       d0 08		      BNE	.skip39then
   1314  1315				   .condpart40
   1315  1315		       a5 d9		      LDA	_mouth0x
   1316  1317		       85 9e		      STA	temp3
   1317  1319		       a5 db		      LDA	_mouth0y
   1318  131b		       85 9f		      STA	temp4
   1319  131d				   .skip39then
   1320  131d				   .skipL0120
   1321  131d				   .__mouth_free
   1322  131d							;;line 314;; __mouth_free
   1323  131d
   1324  131d				   .
   1325  131d							;;line 315;;
   1326  131d
   1327  131d				   .L0121		;;line 316;;  if !_mouthIndex then _mouth0x = temp3  :  _mouth0y = temp4
   1328  131d
   1329  131d		       a5 d4		      LDA	_mouthIndex
   1330  131f		       d0 08		      BNE	.skipL0121
   1331  1321				   .condpart41
   1332  1321		       a5 9e		      LDA	temp3
   1333  1323		       85 d9		      STA	_mouth0x
   1334  1325		       a5 9f		      LDA	temp4
   1335  1327		       85 db		      STA	_mouth0y
   1336  1329				   .skipL0121
   1337  1329				   .L0122		;;line 317;;  if _mouthIndex then _mouth1x = temp3  :	_mouth1y = temp4
   1338  1329
   1339  1329		       a5 d4		      LDA	_mouthIndex
   1340  132b		       f0 08		      BEQ	.skipL0122
   1341  132d				   .condpart42
   1342  132d		       a5 9e		      LDA	temp3
   1343  132f		       85 df		      STA	_mouth1x
   1344  1331		       a5 9f		      LDA	temp4
   1345  1333		       85 e2		      STA	_mouth1y
   1346  1335				   .skipL0122
   1347  1335				   .L0123		;;line 318;;  return
   1348  1335
   1349  1335		       ba		      tsx
   1350  1336		       b5 02		      lda	2,x	; check return address
   1351  1338		       49 d3		      eor	#(>*)	; vs. current PCH
   1352  133a		       29 e0		      and	#$E0	;  mask off all but top 3 bits
   1353  133c		       f0 03		      beq	*+5	; if equal, do normal return
   1354  133e		       4c dd ff 	      JMP	BS_return
   1355  1341		       60		      RTS
   1356  1342				   .__skip_bocche
   1357  1342							;;line 319;; __skip_bocche
   1358  1342
   1359  1342				   .
   1360  1342							;;line 320;;
   1361  1342
   1362  1342				   .
   1363  1342							;;line 321;;
   1364  1342
   1365  1342				   .
   1366  1342							;;line 322;;
   1367  1342
   1368  1342				   .
   1369  1342							;;line 323;;
   1370  1342
   1371  1342				   .
   1372  1342							;;line 324;;
   1373  1342
   1374  1342				   .
   1375  1342							;;line 325;;
   1376  1342
   1377  1342				   .
   1378  1342							;;line 326;;
   1379  1342
   1380  1342				   .
   1381  1342							;;line 327;;
   1382  1342
   1383  1342				   .
   1384  1342							;;line 328;;
   1385  1342
   1386  1342				   .
   1387  1342							;;line 329;;
   1388  1342
   1389  1342				   .
   1390  1342							;;line 330;;
   1391  1342
   1392  1342				   .L0124		;;line 331;;  if !collision(player0,missile1) then goto __no_sugar_hit
   1393  1342
   1394  1342		       24 01		      bit	CXM1P
   1395  1344		       30 03		      BMI	.skipL0124
   1396  1346				   .condpart43
   1397  1346		       4c 8b d3 	      jmp	.__no_sugar_hit
   1398  1349				   .skipL0124
   1399  1349				   .L0125		;;line 332;;  if _choco_bits  &  _prevSugarBit then goto __no_sugar_hit
   1400  1349
   1401  1349		       a5 d8		      LDA	_choco_bits
   1402  134b		       25 e4		      AND	_prevSugarBit
   1403  134d		       f0 03		      BEQ	.skipL0125
   1404  134f				   .condpart44
   1405  134f		       4c 8b d3 	      jmp	.__no_sugar_hit
   1406  1352				   .skipL0125
   1407  1352				   .L0126		;;line 333;;  _choco_bits = _choco_bits  |  _prevSugarBit  :  _choco_count = _choco_count + 1	:  score = score + 50  :  callmacro sound 12 4 2
   1408  1352
   1409  1352		       a5 d8		      LDA	_choco_bits
   1410  1354		       05 e4		      ORA	_prevSugarBit
   1411  1356		       85 d8		      STA	_choco_bits
   1412  1358		       e6 e7		      INC	_choco_count
   1413  135a		       f8		      SED
   1414  135b		       18		      CLC
   1415  135c		       a5 95		      LDA	score+2
   1416  135e		       69 50		      ADC	#$50
   1417  1360		       85 95		      STA	score+2
   1418  1362		       a5 94		      LDA	score+1
   1419  1364		       69 00		      ADC	#$00
   1420  1366		       85 94		      STA	score+1
   1421  1368		       a5 93		      LDA	score
   1422  136a		       69 00		      ADC	#$00
   1423  136c		       85 93		      STA	score
   1424  136e		       d8		      CLD
      0  136f					      sound	#12, #4, #2,
      1  136f				   .L0294
      2  136f
      3  136f		       a9 0c		      LDA	#12
      4  1371		       85 1a		      STA	AUDV1
      5  1373				   .L0295
      6  1373
      7  1373		       a9 02		      LDA	#2
      8  1375		       85 18		      STA	AUDF1
   1426  1377				   .L0127		;;line 334;;  if _prevSugarBit = 1 then _hitCooldown = 120
   1427  1377
   1428  1377		       a5 e4		      LDA	_prevSugarBit
   1429  1379		       c9 01		      CMP	#1
   1430  137b		       d0 04		      BNE	.skipL0127
   1431  137d				   .condpart45
   1432  137d		       a9 78		      LDA	#120
   1433  137f		       85 e9		      STA	_hitCooldown
   1434  1381				   .skipL0127
   1435  1381				   .L0128		;;line 335;;  if _prevSugarBit = 2 then _hasKey = 1
   1436  1381
   1437  1381		       a5 e4		      LDA	_prevSugarBit
   1438  1383		       c9 02		      CMP	#2
   1439  1385		       d0 04		      BNE	.skipL0128
   1440  1387				   .condpart46
   1441  1387		       a9 01		      LDA	#1
   1442  1389		       85 ed		      STA	_hasKey
   1443  138b				   .skipL0128
   1444  138b				   .__no_sugar_hit
   1445  138b							;;line 336;; __no_sugar_hit
   1446  138b
   1447  138b				   .
   1448  138b							;;line 337;;
   1449  138b
   1450  138b				   .
   1451  138b							;;line 338;;
   1452  138b
   1453  138b				   .L0129		;;line 339;;  _sugarIndex = 0	:  temp2 = 1
   1454  138b
   1455  138b		       a9 00		      LDA	#0
   1456  138d		       85 dc		      STA	_sugarIndex
   1457  138f		       a9 01		      LDA	#1
   1458  1391		       85 9d		      STA	temp2
   1459  1393				   .__find_sugar
   1460  1393							;;line 340;; __find_sugar
   1461  1393
   1462  1393				   .L0130		;;line 341;;  if ! ( _choco_bits  &  temp2 )  then goto __sugar_index_ok
   1463  1393
   1464  1393							; complex statement detected
   1465  1393		       a5 d8		      LDA	_choco_bits
   1466  1395		       25 9d		      AND	temp2
   1467  1397		       d0 03		      BNE	.skipL0130
   1468  1399				   .condpart47
   1469  1399		       4c b7 d3 	      jmp	.__sugar_index_ok
   1470  139c				   .skipL0130
   1471  139c				   .L0131		;;line 342;;  _sugarIndex = _sugarIndex  +  1	:  temp2 = temp2  *  2
   1472  139c
   1473  139c		       e6 dc		      INC	_sugarIndex
   1474  139e		       a5 9d		      LDA	temp2
   1475  13a0		       0a		      asl
   1476  13a1		       85 9d		      STA	temp2
   1477  13a3				   .L0132		;;line 343;;  if _sugarIndex  <  8 then goto __find_sugar
   1478  13a3
   1479  13a3		       a5 dc		      LDA	_sugarIndex
   1480  13a5		       c9 08		      CMP	#8
   1481  13a7		       b0 03		      BCS	.skipL0132
   1482  13a9				   .condpart48
   1483  13a9		       4c 93 d3 	      jmp	.__find_sugar
   1484  13ac				   .skipL0132
   1485  13ac				   .L0133		;;line 344;;  missile1y = 200	:  _prevSugarBit = 0
   1486  13ac
   1487  13ac		       a9 c8		      LDA	#200
   1488  13ae		       85 88		      STA	missile1y
   1489  13b0		       a9 00		      LDA	#0
   1490  13b2		       85 e4		      STA	_prevSugarBit
   1491  13b4				   .L0134		;;line 345;;  goto __skip_all_sugar
   1492  13b4
   1493  13b4		       4c f4 d3 	      jmp	.__skip_all_sugar
   1494  13b7				   .
   1495  13b7							;;line 346;;
   1496  13b7
   1497  13b7				   .__sugar_index_ok
   1498  13b7							;;line 347;; __sugar_index_ok
   1499  13b7
   1500  13b7				   .L0135		;;line 348;;  temp1 =	( _level - 1 )	* 8
   1501  13b7
   1502  13b7							; complex statement detected
   1503  13b7		       a5 d5		      LDA	_level
   1504  13b9		       38		      SEC
   1505  13ba		       e9 01		      SBC	#1
   1506  13bc		       0a		      asl
   1507  13bd		       0a		      asl
   1508  13be		       0a		      asl
   1509  13bf		       85 9c		      STA	temp1
   1510  13c1				   .L0136		;;line 349;;  temp3 = temp1  +  _sugarIndex
   1511  13c1
   1512  13c1		       a5 9c		      LDA	temp1
   1513  13c3		       18		      CLC
   1514  13c4		       65 dc		      ADC	_sugarIndex
   1515  13c6		       85 9e		      STA	temp3
   1516  13c8				   .L0137		;;line 350;;  temp3 = sugar[temp3]
   1517  13c8
   1518  13c8		       a6 9e		      LDX	temp3
   1519  13ca		       bd df dc 	      LDA	sugar,x
   1520  13cd		       85 9e		      STA	temp3
   1521  13cf				   .L0138		;;line 351;;  missile1x =  ( temp3 & 7 )  * 8 + 20
   1522  13cf
   1523  13cf							; complex statement detected
   1524  13cf		       a5 9e		      LDA	temp3
   1525  13d1		       29 07		      AND	#7
   1526  13d3		       0a		      asl
   1527  13d4		       0a		      asl
   1528  13d5		       0a		      asl
   1529  13d6		       18		      CLC
   1530  13d7		       69 14		      ADC	#20
   1531  13d9		       85 83		      STA	missile1x
   1532  13db				   .L0139		;;line 352;;  missile1y =  ( temp3 / 8 )  * 8 + 8
   1533  13db
   1534  13db							; complex statement detected
   1535  13db		       a5 9e		      LDA	temp3
   1536  13dd		       4a		      lsr
   1537  13de		       4a		      lsr
   1538  13df		       4a		      lsr
   1539  13e0		       0a		      asl
   1540  13e1		       0a		      asl
   1541  13e2		       0a		      asl
   1542  13e3		       18		      CLC
   1543  13e4		       69 08		      ADC	#8
   1544  13e6		       85 88		      STA	missile1y
   1545  13e8				   .L0140		;;line 353;;  _prevSugarBit = temp2
   1546  13e8
   1547  13e8		       a5 9d		      LDA	temp2
   1548  13ea		       85 e4		      STA	_prevSugarBit
   1549  13ec				   .
   1550  13ec							;;line 354;;
   1551  13ec
   1552  13ec				   .L0141		;;line 355;;  if !_sugarIndex then COLUP1 = $1E
   1553  13ec
   1554  13ec		       a5 dc		      LDA	_sugarIndex
   1555  13ee		       d0 04		      BNE	.skipL0141
   1556  13f0				   .condpart49
   1557  13f0		       a9 1e		      LDA	#$1E
   1558  13f2		       85 07		      STA	COLUP1
   1559  13f4				   .skipL0141
   1560  13f4				   .
   1561  13f4							;;line 356;;
   1562  13f4
   1563  13f4				   .__skip_all_sugar
   1564  13f4							;;line 357;; __skip_all_sugar
   1565  13f4
   1566  13f4				   .
   1567  13f4							;;line 358;;
   1568  13f4
   1569  13f4				   .
   1570  13f4							;;line 359;;
   1571  13f4
   1572  13f4				   .
   1573  13f4							;;line 360;;
   1574  13f4
   1575  13f4				   .
   1576  13f4							;;line 361;;
   1577  13f4
   1578  13f4				   .L0142		;;line 362;;  gosub __update_drops bank2
   1579  13f4
   1580  13f4		       85 ee		      sta	temp7
   1581  13f6		       a9 d4		      lda	#>(ret_point4-1)
   1582  13f8		       48		      pha
   1583  13f9		       a9 0b		      lda	#<(ret_point4-1)
   1584  13fb		       48		      pha
   1585  13fc		       a9 f7		      lda	#>(.__update_drops-1)
   1586  13fe		       48		      pha
   1587  13ff		       a9 31		      lda	#<(.__update_drops-1)
   1588  1401		       48		      pha
   1589  1402		       a5 ee		      lda	temp7
   1590  1404		       48		      pha
   1591  1405		       8a		      txa
   1592  1406		       48		      pha
   1593  1407		       a2 02		      ldx	#2
   1594  1409		       4c eb ff 	      jmp	BS_jsr
   1595  140c				   ret_point4
   1596  140c				   .
   1597  140c							;;line 363;;
   1598  140c
   1599  140c				   .
   1600  140c							;;line 364;;
   1601  140c
   1602  140c				   .
   1603  140c							;;line 365;;
   1604  140c
   1605  140c				   .
   1606  140c							;;line 366;;
   1607  140c
   1608  140c				   .
   1609  140c							;;line 367;;
   1610  140c
   1611  140c				   .
   1612  140c							;;line 368;;
   1613  140c
   1614  140c				   .
   1615  140c							;;line 369;;
   1616  140c
   1617  140c				   .
   1618  140c							;;line 370;;
   1619  140c
   1620  140c				   .
   1621  140c							;;line 371;;
   1622  140c
   1623  140c				   .
   1624  140c							;;line 372;;
   1625  140c
   1626  140c				   .
   1627  140c							;;line 373;;
   1628  140c
   1629  140c				   .L0143		;;line 374;;  if !_frame_counter  &&  _seconds_counter  &&  ! ( _seconds_counter & 31 )  then _b4_enableLight{4} = 0
   1630  140c
   1631  140c		       a5 d6		      LDA	_frame_counter
   1632  140e		       d0 10		      BNE	.skipL0143
   1633  1410				   .condpart50
   1634  1410		       a5 d7		      LDA	_seconds_counter
   1635  1412		       f0 0c		      BEQ	.skip50then
   1636  1414				   .condpart51
   1637  1414							; complex statement detected
   1638  1414		       a5 d7		      LDA	_seconds_counter
   1639  1416		       29 1f		      AND	#31
   1640  1418		       d0 06		      BNE	.skip51then
   1641  141a				   .condpart52
   1642  141a		       a5 de		      LDA	_b4_enableLight
   1643  141c		       29 ef		      AND	#239
   1644  141e		       85 de		      STA	_b4_enableLight
   1645  1420				   .skip51then
   1646  1420				   .skip50then
   1647  1420				   .skipL0143
   1648  1420				   .
   1649  1420							;;line 375;;
   1650  1420
   1651  1420				   .
   1652  1420							;;line 376;;
   1653  1420
   1654  1420				   .
   1655  1420							;;line 377;;
   1656  1420
   1657  1420				   .L0144		;;line 378;;  temp1 = 0
   1658  1420
   1659  1420		       a9 00		      LDA	#0
   1660  1422		       85 9c		      STA	temp1
   1661  1424				   .L0145		;;line 379;;  if _b4_enableLight{4} then temp1 = 1
   1662  1424
   1663  1424		       a5 de		      LDA	_b4_enableLight
   1664  1426		       29 10		      AND	#16
   1665  1428		       f0 04		      BEQ	.skipL0145
   1666  142a				   .condpart53
   1667  142a		       a9 01		      LDA	#1
   1668  142c		       85 9c		      STA	temp1
   1669  142e				   .skipL0145
   1670  142e				   .L0146		;;line 380;;  if ! ( _frame_counter & 31 )  then temp1 = 1
   1671  142e
   1672  142e							; complex statement detected
   1673  142e		       a5 d6		      LDA	_frame_counter
   1674  1430		       29 1f		      AND	#31
   1675  1432		       d0 04		      BNE	.skipL0146
   1676  1434				   .condpart54
   1677  1434		       a9 01		      LDA	#1
   1678  1436		       85 9c		      STA	temp1
   1679  1438				   .skipL0146
   1680  1438				   .
   1681  1438							;;line 381;;
   1682  1438
   1683  1438				   .
   1684  1438							;;line 382;;
   1685  1438
   1686  1438				   .L0147		;;line 383;;  if temp1  &&  _level < 3 then pfcolors:
   1687  1438
   1688  1438		       a5 9c		      LDA	temp1
   1689  143a		       f0 12		      BEQ	.skipL0147
   1690  143c				   .condpart55
   1691  143c		       a5 d5		      LDA	_level
   1692  143e		       c9 03		      CMP	#3
   1693  1440		       b0 0c		      BCS	.skip55then
   1694  1442				   .condpart56
   1695  1442		       a9 05		      lda	# $05
   1696  1444		       85 08		      sta	COLUPF
   1697  1446				  -	      ifconst	pfres
   1698  1446				  -	      lda	#>(pfcolorlabel13-131+pfres*pfwidth)
   1699  1446					      else
   1700  1446		       a9 f8		      lda	#>(pfcolorlabel13-83)
   1701  1448					      endif
   1702  1448		       85 f1		      sta	pfcolortable+1
   1703  144a				  -	      ifconst	pfres
   1704  144a				  -	      lda	#<(pfcolorlabel13-131+pfres*pfwidth)
   1705  144a					      else
   1706  144a		       a9 0b		      lda	#<(pfcolorlabel13-83)
   1707  144c					      endif
   1708  144c		       85 f0		      sta	pfcolortable
   1709  144e				   .skip55then
   1710  144e				   .skipL0147
   1711  144e				   .L0148		;;line 396;;  if temp1  &&  _level > 2 then pfcolors:
   1712  144e
   1713  144e		       a5 9c		      LDA	temp1
   1714  1450		       f0 12		      BEQ	.skipL0148
   1715  1452				   .condpart57
   1716  1452		       a9 02		      LDA	#2
   1717  1454		       c5 d5		      CMP	_level
   1718  1456		       b0 0c		      BCS	.skip57then
   1719  1458				   .condpart58
   1720  1458		       a9 28		      lda	# $28
   1721  145a		       85 08		      sta	COLUPF
   1722  145c				  -	      ifconst	pfres
   1723  145c				  -	      lda	#>(pfcolorlabel13-130+pfres*pfwidth)
   1724  145c					      else
   1725  145c		       a9 f8		      lda	#>(pfcolorlabel13-82)
   1726  145e					      endif
   1727  145e		       85 f1		      sta	pfcolortable+1
   1728  1460				  -	      ifconst	pfres
   1729  1460				  -	      lda	#<(pfcolorlabel13-130+pfres*pfwidth)
   1730  1460					      else
   1731  1460		       a9 0c		      lda	#<(pfcolorlabel13-82)
   1732  1462					      endif
   1733  1462		       85 f0		      sta	pfcolortable
   1734  1464				   .skip57then
   1735  1464				   .skipL0148
   1736  1464				   .
   1737  1464							;;line 409;;
   1738  1464
   1739  1464				   .
   1740  1464							;;line 410;;
   1741  1464
   1742  1464				   .L0149		;;line 411;;  if !_b4_enableLight{4}  &&  _frame_counter & 7 then pfcolors:
   1743  1464
   1744  1464		       a5 de		      LDA	_b4_enableLight
   1745  1466		       29 10		      AND	#16
   1746  1468		       d0 12		      BNE	.skipL0149
   1747  146a				   .condpart59
   1748  146a		       a5 d6		      LDA	_frame_counter
   1749  146c		       29 07		      AND	#7
   1750  146e		       f0 0c		      BEQ	.skip59then
   1751  1470				   .condpart60
   1752  1470		       a9 00		      lda	# 0
   1753  1472		       85 08		      sta	COLUPF
   1754  1474				  -	      ifconst	pfres
   1755  1474				  -	      lda	#>(pfcolorlabel13-129+pfres*pfwidth)
   1756  1474					      else
   1757  1474		       a9 f8		      lda	#>(pfcolorlabel13-81)
   1758  1476					      endif
   1759  1476		       85 f1		      sta	pfcolortable+1
   1760  1478				  -	      ifconst	pfres
   1761  1478				  -	      lda	#<(pfcolorlabel13-129+pfres*pfwidth)
   1762  1478					      else
   1763  1478		       a9 0d		      lda	#<(pfcolorlabel13-81)
   1764  147a					      endif
   1765  147a		       85 f0		      sta	pfcolortable
   1766  147c				   .skip59then
   1767  147c				   .skipL0149
   1768  147c				   .
   1769  147c							;;line 414;;
   1770  147c
   1771  147c				   .
   1772  147c							;;line 415;;
   1773  147c
   1774  147c				   .
   1775  147c							;;line 416;;
   1776  147c
   1777  147c				   .
   1778  147c							;;line 417;;
   1779  147c
   1780  147c				   .
   1781  147c							;;line 418;;
   1782  147c
   1783  147c				   .
   1784  147c							;;line 419;;
   1785  147c
   1786  147c				   .
   1787  147c							;;line 420;;
   1788  147c
   1789  147c				   .
   1790  147c							;;line 421;;
   1791  147c
   1792  147c				   .L0150		;;line 422;;  temp4 = 1
   1793  147c
   1794  147c		       a9 01		      LDA	#1
   1795  147e		       85 9f		      STA	temp4
   1796  1480				   .L0151		;;line 423;;  if _level  >  3	&&  !_hasKey then temp4 = 0
   1797  1480
   1798  1480		       a9 03		      LDA	#3
   1799  1482		       c5 d5		      CMP	_level
   1800  1484		       b0 08		      BCS	.skipL0151
   1801  1486				   .condpart61
   1802  1486		       a5 ed		      LDA	_hasKey
   1803  1488		       d0 04		      BNE	.skip61then
   1804  148a				   .condpart62
   1805  148a		       a9 00		      LDA	#0
   1806  148c		       85 9f		      STA	temp4
   1807  148e				   .skip61then
   1808  148e				   .skipL0151
   1809  148e				   .L0152		;;line 424;;  if _choco_count = 8  &&	!_b5_enablePalyer1{5}  &&  temp4 then ballx = _ballx  :  bally = 28
   1810  148e
   1811  148e		       a5 e7		      LDA	_choco_count
   1812  1490		       c9 08		      CMP	#8
   1813  1492		       d0 12		      BNE	.skipL0152
   1814  1494				   .condpart63
   1815  1494		       a5 de		      LDA	_b5_enablePalyer1
   1816  1496		       29 20		      AND	#32
   1817  1498		       d0 0c		      BNE	.skip63then
   1818  149a				   .condpart64
   1819  149a		       a5 9f		      LDA	temp4
   1820  149c		       f0 08		      BEQ	.skip64then
   1821  149e				   .condpart65
   1822  149e		       a5 e8		      LDA	_ballx
   1823  14a0		       85 84		      STA	ballx
   1824  14a2		       a9 1c		      LDA	#28
   1825  14a4		       85 89		      STA	bally
   1826  14a6				   .skip64then
   1827  14a6				   .skip63then
   1828  14a6				   .skipL0152
   1829  14a6				   .
   1830  14a6							;;line 425;;
   1831  14a6
   1832  14a6				   .
   1833  14a6							;;line 426;;
   1834  14a6
   1835  14a6				   .
   1836  14a6							;;line 427;;
   1837  14a6
   1838  14a6				   .
   1839  14a6							;;line 428;;
   1840  14a6
   1841  14a6				   .
   1842  14a6							;;line 429;;
   1843  14a6
   1844  14a6				   .
   1845  14a6							;;line 430;;
   1846  14a6
   1847  14a6				   .
   1848  14a6							;;line 431;;
   1849  14a6
   1850  14a6				   .
   1851  14a6							;;line 432;;
   1852  14a6
   1853  14a6				   .
   1854  14a6							;;line 433;;
   1855  14a6
   1856  14a6				   .
   1857  14a6							;;line 434;;
   1858  14a6
   1859  14a6				   .
   1860  14a6							;;line 435;;
   1861  14a6
   1862  14a6				   .
   1863  14a6							;;line 436;;
   1864  14a6
   1865  14a6				   .
   1866  14a6							;;line 437;;
   1867  14a6
   1868  14a6				   .
   1869  14a6							;;line 438;;
   1870  14a6
   1871  14a6				   .
   1872  14a6							;;line 439;;
   1873  14a6
   1874  14a6				   .L0153		;;line 440;;  NUSIZ1 = $00
   1875  14a6
   1876  14a6		       a9 00		      LDA	#$00
   1877  14a8		       85 05		      STA	NUSIZ1
   1878  14aa				   .L0154		;;line 441;;  if _level >  3 then NUSIZ1 = $05
   1879  14aa
   1880  14aa		       a9 03		      LDA	#3
   1881  14ac		       c5 d5		      CMP	_level
   1882  14ae		       b0 04		      BCS	.skipL0154
   1883  14b0				   .condpart66
   1884  14b0		       a9 05		      LDA	#$05
   1885  14b2		       85 05		      STA	NUSIZ1
   1886  14b4				   .skipL0154
   1887  14b4				   .
   1888  14b4							;;line 442;;
   1889  14b4
   1890  14b4				   .
   1891  14b4							;;line 443;;
   1892  14b4
   1893  14b4				   .L0155		;;line 444;;  if _frame_counter = frame_limit	&&  pfscore1  <= 8 then pfscorecolor = rand & 2
   1894  14b4
   1895  14b4		       a5 d6		      LDA	_frame_counter
   1896  14b6		       c9 36		      CMP	#frame_limit
   1897  14b8		       d0 22		      BNE	.skipL0155
   1898  14ba				   .condpart67
   1899  14ba		       a9 08		      LDA	#8
   1900  14bc		       c5 f2		      CMP	pfscore1
   1901  14be		       90 1c		      BCC	.skip67then
   1902  14c0				   .condpart68
   1903  14c0		       85 ee		      sta	temp7
   1904  14c2		       a9 d4		      lda	#>(ret_point5-1)
   1905  14c4		       48		      pha
   1906  14c5		       a9 d7		      lda	#<(ret_point5-1)
   1907  14c7		       48		      pha
   1908  14c8		       a9 f4		      lda	#>(randomize-1)
   1909  14ca		       48		      pha
   1910  14cb		       a9 2b		      lda	#<(randomize-1)
   1911  14cd		       48		      pha
   1912  14ce		       a5 ee		      lda	temp7
   1913  14d0		       48		      pha
   1914  14d1		       8a		      txa
   1915  14d2		       48		      pha
   1916  14d3		       a2 02		      ldx	#2
   1917  14d5		       4c eb ff 	      jmp	BS_jsr
   1918  14d8				   ret_point5
   1919  14d8		       29 02		      AND	#2
   1920  14da		       85 f4		      STA	pfscorecolor
   1921  14dc				   .skip67then
   1922  14dc				   .skipL0155
   1923  14dc				   .
   1924  14dc							;;line 445;;
   1925  14dc
   1926  14dc				   .L0156		;;line 446;;  if ! ( _seconds_counter & 7 )  then _b6_enableSlowMotion{6} = 0
   1927  14dc
   1928  14dc							; complex statement detected
   1929  14dc		       a5 d7		      LDA	_seconds_counter
   1930  14de		       29 07		      AND	#7
   1931  14e0		       d0 06		      BNE	.skipL0156
   1932  14e2				   .condpart69
   1933  14e2		       a5 de		      LDA	_b6_enableSlowMotion
   1934  14e4		       29 bf		      AND	#191
   1935  14e6		       85 de		      STA	_b6_enableSlowMotion
   1936  14e8				   .skipL0156
   1937  14e8				   .
   1938  14e8							;;line 447;;
   1939  14e8
   1940  14e8				   .L0157		;;line 448;;  if !_b4_enableLight{4} then COLUP1 = $0
   1941  14e8
   1942  14e8		       a5 de		      LDA	_b4_enableLight
   1943  14ea		       29 10		      AND	#16
   1944  14ec		       d0 04		      BNE	.skipL0157
   1945  14ee				   .condpart70
   1946  14ee		       a9 00		      LDA	#$0
   1947  14f0		       85 07		      STA	COLUP1
   1948  14f2				   .skipL0157
   1949  14f2				   .
   1950  14f2							;;line 449;;
   1951  14f2
   1952  14f2				   .L0158		;;line 450;;  if _b6_enableSlowMotion{6} then COLUP0 = $20 else COLUP0 = _P0_color
   1953  14f2
   1954  14f2		       24 de		      BIT	_b6_enableSlowMotion
   1955  14f4		       50 07		      BVC	.skipL0158
   1956  14f6				   .condpart71
   1957  14f6		       a9 20		      LDA	#$20
   1958  14f8		       85 06		      STA	COLUP0
   1959  14fa		       4c 01 d5 	      jmp	.skipelse0
   1960  14fd				   .skipL0158
   1961  14fd		       a9 2a		      LDA	#_P0_color
   1962  14ff		       85 06		      STA	COLUP0
   1963  1501				   .skipelse0
   1964  1501				   .L0159		;;line 451;;  if _hitCooldown	&&  _frame_counter & 4 then COLUP0 = $00
   1965  1501
   1966  1501		       a5 e9		      LDA	_hitCooldown
   1967  1503		       f0 0a		      BEQ	.skipL0159
   1968  1505				   .condpart72
   1969  1505		       a5 d6		      LDA	_frame_counter
   1970  1507		       29 04		      AND	#4
   1971  1509		       f0 04		      BEQ	.skip72then
   1972  150b				   .condpart73
   1973  150b		       a9 00		      LDA	#$00
   1974  150d		       85 06		      STA	COLUP0
   1975  150f				   .skip72then
   1976  150f				   .skipL0159
   1977  150f				   .
   1978  150f							;;line 452;;
   1979  150f
   1980  150f				   .L0160		;;line 453;;  if !_frame_counter  &&  ! ( _seconds_counter  &	15 )  then goto __decrease_timer_bar
   1981  150f
   1982  150f		       a5 d6		      LDA	_frame_counter
   1983  1511		       d0 09		      BNE	.skipL0160
   1984  1513				   .condpart74
   1985  1513							; complex statement detected
   1986  1513		       a5 d7		      LDA	_seconds_counter
   1987  1515		       29 0f		      AND	#15
   1988  1517		       d0 03		      BNE	.skip74then
   1989  1519				   .condpart75
   1990  1519		       4c 03 dc 	      jmp	.__decrease_timer_bar
   1991  151c				   .skip74then
   1992  151c				   .skipL0160
   1993  151c				   .
   1994  151c							;;line 454;;
   1995  151c
   1996  151c				   .L0161		;;line 455;;  if !pfscore1 then goto __decrease_health_bar
   1997  151c
   1998  151c		       a5 f2		      LDA	pfscore1
   1999  151e		       d0 03		      BNE	.skipL0161
   2000  1520				   .condpart76
   2001  1520		       4c c6 db 	      jmp	.__decrease_health_bar
   2002  1523				   .skipL0161
   2003  1523				   .
   2004  1523							;;line 456;;
   2005  1523
   2006  1523				   .L0162		;;line 457;;  if !pfscore2  ||  _level  >  5 then goto __game_start
   2007  1523
   2008  1523		       a5 f3		      LDA	pfscore2
   2009  1525		       d0 03		      BNE	.skipL0162
   2010  1527				   .condpart77
   2011  1527		       4c 30 d5 	      jmp	.condpart78
   2012  152a				   .skipL0162
   2013  152a		       a9 05		      LDA	#5
   2014  152c		       c5 d5		      CMP	_level
   2015  152e		       b0 03		      BCS	.skip21OR
   2016  1530				   .condpart78
   2017  1530		       4c 9b d0 	      jmp	.__game_start
   2018  1533				   .skip21OR
   2019  1533				   .
   2020  1533							;;line 458;;
   2021  1533
   2022  1533				   .
   2023  1533							;;line 459;;
   2024  1533
   2025  1533				   .
   2026  1533							;;line 460;;
   2027  1533
   2028  1533				   .
   2029  1533							;;line 461;;
   2030  1533
   2031  1533				   .
   2032  1533							;;line 462;;
   2033  1533
   2034  1533				   .L0163		;;line 463;;  if !joy0up  &&  !joy0down  &&  !joy0left  &&  !joy0right then goto __Skip_Joystick_Precheck
   2035  1533
   2036  1533		       a9 10		      lda	#$10
   2037  1535		       2c 80 02 	      bit	SWCHA
   2038  1538		       f0 14		      BEQ	.skipL0163
   2039  153a				   .condpart79
   2040  153a		       a9 20		      lda	#$20
   2041  153c		       2c 80 02 	      bit	SWCHA
   2042  153f		       f0 0d		      BEQ	.skip79then
   2043  1541				   .condpart80
   2044  1541		       2c 80 02 	      bit	SWCHA
   2045  1544		       50 08		      BVC	.skip80then
   2046  1546				   .condpart81
   2047  1546		       2c 80 02 	      bit	SWCHA
   2048  1549		       10 03		      BPL	.skip81then
   2049  154b				   .condpart82
   2050  154b		       4c 84 d5 	      jmp	.__Skip_Joystick_Precheck
   2051  154e				   .skip81then
   2052  154e				   .skip80then
   2053  154e				   .skip79then
   2054  154e				   .skipL0163
   2055  154e				   .
   2056  154e							;;line 464;;
   2057  154e
   2058  154e				   .L0164		;;line 465;;  _BitOp_P0_M0_Dir = _BitOp_P0_M0_Dir  &  %11110000
   2059  154e
   2060  154e		       a5 e3		      LDA	_BitOp_P0_M0_Dir
   2061  1550		       29 f0		      AND	#%11110000
   2062  1552		       85 e3		      STA	_BitOp_P0_M0_Dir
   2063  1554				   .L0165		;;line 466;;  if joy0up then _Bit0_P0_Dir_Up{0} = 1
   2064  1554
   2065  1554		       a9 10		      lda	#$10
   2066  1556		       2c 80 02 	      bit	SWCHA
   2067  1559		       d0 06		      BNE	.skipL0165
   2068  155b				   .condpart83
   2069  155b		       a5 e3		      LDA	_Bit0_P0_Dir_Up
   2070  155d		       09 01		      ORA	#1
   2071  155f		       85 e3		      STA	_Bit0_P0_Dir_Up
   2072  1561				   .skipL0165
   2073  1561				   .L0166		;;line 467;;  if joy0down then _Bit1_P0_Dir_Down{1} = 1
   2074  1561
   2075  1561		       a9 20		      lda	#$20
   2076  1563		       2c 80 02 	      bit	SWCHA
   2077  1566		       d0 06		      BNE	.skipL0166
   2078  1568				   .condpart84
   2079  1568		       a5 e3		      LDA	_Bit1_P0_Dir_Down
   2080  156a		       09 02		      ORA	#2
   2081  156c		       85 e3		      STA	_Bit1_P0_Dir_Down
   2082  156e				   .skipL0166
   2083  156e				   .L0167		;;line 468;;  if joy0left then _Bit2_P0_Dir_Left{2} = 1
   2084  156e
   2085  156e		       2c 80 02 	      bit	SWCHA
   2086  1571		       70 06		      BVS	.skipL0167
   2087  1573				   .condpart85
   2088  1573		       a5 e3		      LDA	_Bit2_P0_Dir_Left
   2089  1575		       09 04		      ORA	#4
   2090  1577		       85 e3		      STA	_Bit2_P0_Dir_Left
   2091  1579				   .skipL0167
   2092  1579				   .L0168		;;line 469;;  if joy0right then _Bit3_P0_Dir_Right{3} = 1
   2093  1579
   2094  1579		       2c 80 02 	      bit	SWCHA
   2095  157c		       30 06		      BMI	.skipL0168
   2096  157e				   .condpart86
   2097  157e		       a5 e3		      LDA	_Bit3_P0_Dir_Right
   2098  1580		       09 08		      ORA	#8
   2099  1582		       85 e3		      STA	_Bit3_P0_Dir_Right
   2100  1584				   .skipL0168
   2101  1584				   .
   2102  1584							;;line 470;;
   2103  1584
   2104  1584				   .__Skip_Joystick_Precheck
   2105  1584							;;line 471;; __Skip_Joystick_Precheck
   2106  1584
   2107  1584				   .
   2108  1584							;;line 472;;
   2109  1584
   2110  1584				   .
   2111  1584							;;line 473;;
   2112  1584
   2113  1584				   .L0169		;;line 474;;  if !joy0fire then goto __Skip_Fire
   2114  1584
   2115  1584		       24 0c		      bit	INPT4
   2116  1586		       10 03		      BPL	.skipL0169
   2117  1588				   .condpart87
   2118  1588		       4c 33 d6 	      jmp	.__Skip_Fire
   2119  158b				   .skipL0169
   2120  158b				   .L0170		;;line 475;;  if _b7_gameMissile0Moving{7}  ||  _b6_enableSlowMotion{6} then goto __Skip_Fire
   2121  158b
   2122  158b		       24 de		      BIT	_b7_gameMissile0Moving
   2123  158d		       10 03		      BPL	.skipL0170
   2124  158f				   .condpart88
   2125  158f		       4c 96 d5 	      jmp	.condpart89
   2126  1592				   .skipL0170
   2127  1592		       24 de		      BIT	_b6_enableSlowMotion
   2128  1594		       50 03		      BVC	.skip25OR
   2129  1596				   .condpart89
   2130  1596		       4c 33 d6 	      jmp	.__Skip_Fire
   2131  1599				   .skip25OR
   2132  1599				   .
   2133  1599							;;line 476;;
   2134  1599
   2135  1599				   .L0171		;;line 477;;  _b7_gameMissile0Moving{7} = 1
   2136  1599
   2137  1599		       a5 de		      LDA	_b7_gameMissile0Moving
   2138  159b		       09 80		      ORA	#128
   2139  159d		       85 de		      STA	_b7_gameMissile0Moving
   2140  159f				   .L0172		;;line 478;;  callmacro sound 12 4 10
   2141  159f
      0  159f					      sound	#12, #4, #10,
      1  159f				   .L0294
      2  159f
      3  159f		       a9 0c		      LDA	#12
      4  15a1		       85 1a		      STA	AUDV1
      5  15a3				   .L0295
      6  15a3
      7  15a3		       a9 0a		      LDA	#10
      8  15a5		       85 18		      STA	AUDF1
   2143  15a7				   .
   2144  15a7							;;line 479;;
   2145  15a7
   2146  15a7				   .
   2147  15a7							;;line 480;;
   2148  15a7
   2149  15a7				   .L0173		;;line 481;;  _Bit4_M0_Dir_Up{4} = _Bit0_P0_Dir_Up{0}
   2150  15a7
   2151  15a7		       a5 e3		      LDA	_Bit0_P0_Dir_Up
   2152  15a9		       29 01		      AND	#1
   2153  15ab		       08		      PHP
   2154  15ac		       a5 e3		      LDA	_Bit4_M0_Dir_Up
   2155  15ae		       29 ef		      AND	#239
   2156  15b0		       28		      PLP
   2157  15b1		       f0 02		      .byte.b	$F0, $02
   2158  15b3		       09 10		      ORA	#16
   2159  15b5		       85 e3		      STA	_Bit4_M0_Dir_Up
   2160  15b7				   .L0174		;;line 482;;  _Bit5_M0_Dir_Down{5} = _Bit1_P0_Dir_Down{1}
   2161  15b7
   2162  15b7		       a5 e3		      LDA	_Bit1_P0_Dir_Down
   2163  15b9		       29 02		      AND	#2
   2164  15bb		       08		      PHP
   2165  15bc		       a5 e3		      LDA	_Bit5_M0_Dir_Down
   2166  15be		       29 df		      AND	#223
   2167  15c0		       28		      PLP
   2168  15c1		       f0 02		      .byte.b	$F0, $02
   2169  15c3		       09 20		      ORA	#32
   2170  15c5		       85 e3		      STA	_Bit5_M0_Dir_Down
   2171  15c7				   .L0175		;;line 483;;  _Bit6_M0_Dir_Left{6} = _Bit2_P0_Dir_Left{2}
   2172  15c7
   2173  15c7		       a5 e3		      LDA	_Bit2_P0_Dir_Left
   2174  15c9		       29 04		      AND	#4
   2175  15cb		       08		      PHP
   2176  15cc		       a5 e3		      LDA	_Bit6_M0_Dir_Left
   2177  15ce		       29 bf		      AND	#191
   2178  15d0		       28		      PLP
   2179  15d1		       f0 02		      .byte.b	$F0, $02
   2180  15d3		       09 40		      ORA	#64
   2181  15d5		       85 e3		      STA	_Bit6_M0_Dir_Left
   2182  15d7				   .L0176		;;line 484;;  _Bit7_M0_Dir_Right{7} = _Bit3_P0_Dir_Right{3}
   2183  15d7
   2184  15d7		       a5 e3		      LDA	_Bit3_P0_Dir_Right
   2185  15d9		       29 08		      AND	#8
   2186  15db		       08		      PHP
   2187  15dc		       a5 e3		      LDA	_Bit7_M0_Dir_Right
   2188  15de		       29 7f		      AND	#127
   2189  15e0		       28		      PLP
   2190  15e1		       f0 02		      .byte.b	$F0, $02
   2191  15e3		       09 80		      ORA	#128
   2192  15e5		       85 e3		      STA	_Bit7_M0_Dir_Right
   2193  15e7				   .
   2194  15e7							;;line 485;;
   2195  15e7
   2196  15e7				   .L0177		;;line 486;;  if _Bit4_M0_Dir_Up{4} then missile0x = player0x	+  4  :  missile0y = player0y  -  5
   2197  15e7
   2198  15e7		       a5 e3		      LDA	_Bit4_M0_Dir_Up
   2199  15e9		       29 10		      AND	#16
   2200  15eb		       f0 0e		      BEQ	.skipL0177
   2201  15ed				   .condpart90
   2202  15ed		       a5 80		      LDA	player0x
   2203  15ef		       18		      CLC
   2204  15f0		       69 04		      ADC	#4
   2205  15f2		       85 82		      STA	missile0x
   2206  15f4		       a5 85		      LDA	player0y
   2207  15f6		       38		      SEC
   2208  15f7		       e9 05		      SBC	#5
   2209  15f9		       85 91		      STA	missile0y
   2210  15fb				   .skipL0177
   2211  15fb				   .L0178		;;line 487;;  if _Bit5_M0_Dir_Down{5} then missile0x = player0x  +  4	:  missile0y = player0y  -  1
   2212  15fb
   2213  15fb		       a5 e3		      LDA	_Bit5_M0_Dir_Down
   2214  15fd		       29 20		      AND	#32
   2215  15ff		       f0 0e		      BEQ	.skipL0178
   2216  1601				   .condpart91
   2217  1601		       a5 80		      LDA	player0x
   2218  1603		       18		      CLC
   2219  1604		       69 04		      ADC	#4
   2220  1606		       85 82		      STA	missile0x
   2221  1608		       a5 85		      LDA	player0y
   2222  160a		       38		      SEC
   2223  160b		       e9 01		      SBC	#1
   2224  160d		       85 91		      STA	missile0y
   2225  160f				   .skipL0178
   2226  160f				   .L0179		;;line 488;;  if _Bit6_M0_Dir_Left{6} then missile0x = player0x  +  2	:  missile0y = player0y  -  3
   2227  160f
   2228  160f		       24 e3		      BIT	_Bit6_M0_Dir_Left
   2229  1611		       50 0e		      BVC	.skipL0179
   2230  1613				   .condpart92
   2231  1613		       a5 80		      LDA	player0x
   2232  1615		       18		      CLC
   2233  1616		       69 02		      ADC	#2
   2234  1618		       85 82		      STA	missile0x
   2235  161a		       a5 85		      LDA	player0y
   2236  161c		       38		      SEC
   2237  161d		       e9 03		      SBC	#3
   2238  161f		       85 91		      STA	missile0y
   2239  1621				   .skipL0179
   2240  1621				   .L0180		;;line 489;;  if _Bit7_M0_Dir_Right{7} then missile0x = player0x  +  6  :  missile0y = player0y  -  3
   2241  1621
   2242  1621		       24 e3		      BIT	_Bit7_M0_Dir_Right
   2243  1623		       10 0e		      BPL	.skipL0180
   2244  1625				   .condpart93
   2245  1625		       a5 80		      LDA	player0x
   2246  1627		       18		      CLC
   2247  1628		       69 06		      ADC	#6
   2248  162a		       85 82		      STA	missile0x
   2249  162c		       a5 85		      LDA	player0y
   2250  162e		       38		      SEC
   2251  162f		       e9 03		      SBC	#3
   2252  1631		       85 91		      STA	missile0y
   2253  1633				   .skipL0180
   2254  1633				   .
   2255  1633							;;line 490;;
   2256  1633
   2257  1633				   .__Skip_Fire
   2258  1633							;;line 491;; __Skip_Fire
   2259  1633
   2260  1633				   .
   2261  1633							;;line 492;;
   2262  1633
   2263  1633				   .
   2264  1633							;;line 493;;
   2265  1633
   2266  1633				   .
   2267  1633							;;line 494;;
   2268  1633
   2269  1633				   .
   2270  1633							;;line 495;;
   2271  1633
   2272  1633				   .
   2273  1633							;;line 496;;
   2274  1633
   2275  1633				   .
   2276  1633							;;line 497;;
   2277  1633
   2278  1633				   .
   2279  1633							;;line 498;;
   2280  1633
   2281  1633				   .
   2282  1633							;;line 499;;
   2283  1633
   2284  1633				   .L0181		;;line 500;;  if !_b7_gameMissile0Moving{7} then goto __skip_missile
   2285  1633
   2286  1633		       24 de		      BIT	_b7_gameMissile0Moving
   2287  1635		       30 03		      BMI	.skipL0181
   2288  1637				   .condpart94
   2289  1637		       4c a8 d7 	      jmp	.__skip_missile
   2290  163a				   .skipL0181
   2291  163a				   .
   2292  163a							;;line 501;;
   2293  163a
   2294  163a				   .L0182		;;line 502;;  if _Bit4_M0_Dir_Up{4} then missile0y = missile0y  -  2  :  temp5 =  ( missile0x - 18 )  / 4  :  temp6 =	( missile0y - 1 )  / 8
   2295  163a
   2296  163a		       a5 e3		      LDA	_Bit4_M0_Dir_Up
   2297  163c		       29 10		      AND	#16
   2298  163e		       f0 1a		      BEQ	.skipL0182
   2299  1640				   .condpart95
   2300  1640		       a5 91		      LDA	missile0y
   2301  1642		       38		      SEC
   2302  1643		       e9 02		      SBC	#2
   2303  1645		       85 91		      STA	missile0y
   2304  1647							; complex statement detected
   2305  1647		       a5 82		      LDA	missile0x
   2306  1649		       38		      SEC
   2307  164a		       e9 12		      SBC	#18
   2308  164c		       4a		      lsr
   2309  164d		       4a		      lsr
   2310  164e		       85 a0		      STA	temp5
   2311  1650							; complex statement detected
   2312  1650		       a5 91		      LDA	missile0y
   2313  1652		       38		      SEC
   2314  1653		       e9 01		      SBC	#1
   2315  1655		       4a		      lsr
   2316  1656		       4a		      lsr
   2317  1657		       4a		      lsr
   2318  1658		       85 a1		      STA	temp6
   2319  165a				   .skipL0182
   2320  165a				   .L0183		;;line 503;;  if _Bit5_M0_Dir_Down{5} then missile0y = missile0y  +  2  :  temp5 =  ( missile0x - 18 )  / 4  :  temp6 =  ( missile0y )  / 8
   2321  165a
   2322  165a		       a5 e3		      LDA	_Bit5_M0_Dir_Down
   2323  165c		       29 20		      AND	#32
   2324  165e		       f0 17		      BEQ	.skipL0183
   2325  1660				   .condpart96
   2326  1660		       a5 91		      LDA	missile0y
   2327  1662		       18		      CLC
   2328  1663		       69 02		      ADC	#2
   2329  1665		       85 91		      STA	missile0y
   2330  1667							; complex statement detected
   2331  1667		       a5 82		      LDA	missile0x
   2332  1669		       38		      SEC
   2333  166a		       e9 12		      SBC	#18
   2334  166c		       4a		      lsr
   2335  166d		       4a		      lsr
   2336  166e		       85 a0		      STA	temp5
   2337  1670							; complex statement detected
   2338  1670		       a5 91		      LDA	missile0y
   2339  1672		       4a		      lsr
   2340  1673		       4a		      lsr
   2341  1674		       4a		      lsr
   2342  1675		       85 a1		      STA	temp6
   2343  1677				   .skipL0183
   2344  1677				   .L0184		;;line 504;;  if _Bit6_M0_Dir_Left{6} then missile0x = missile0x  -  2  :  temp5 =  ( missile0x - 18 )  / 4  :  temp6 =  ( missile0y - 1 )  / 8
   2345  1677
   2346  1677		       24 e3		      BIT	_Bit6_M0_Dir_Left
   2347  1679		       50 1a		      BVC	.skipL0184
   2348  167b				   .condpart97
   2349  167b		       a5 82		      LDA	missile0x
   2350  167d		       38		      SEC
   2351  167e		       e9 02		      SBC	#2
   2352  1680		       85 82		      STA	missile0x
   2353  1682							; complex statement detected
   2354  1682		       a5 82		      LDA	missile0x
   2355  1684		       38		      SEC
   2356  1685		       e9 12		      SBC	#18
   2357  1687		       4a		      lsr
   2358  1688		       4a		      lsr
   2359  1689		       85 a0		      STA	temp5
   2360  168b							; complex statement detected
   2361  168b		       a5 91		      LDA	missile0y
   2362  168d		       38		      SEC
   2363  168e		       e9 01		      SBC	#1
   2364  1690		       4a		      lsr
   2365  1691		       4a		      lsr
   2366  1692		       4a		      lsr
   2367  1693		       85 a1		      STA	temp6
   2368  1695				   .skipL0184
   2369  1695				   .L0185		;;line 505;;  if _Bit7_M0_Dir_Right{7} then missile0x = missile0x  +  2  :  temp5 =  ( missile0x - 18 )  / 4  :  temp6 =  ( missile0y - 1 )  / 8
   2370  1695
   2371  1695		       24 e3		      BIT	_Bit7_M0_Dir_Right
   2372  1697		       10 1a		      BPL	.skipL0185
   2373  1699				   .condpart98
   2374  1699		       a5 82		      LDA	missile0x
   2375  169b		       18		      CLC
   2376  169c		       69 02		      ADC	#2
   2377  169e		       85 82		      STA	missile0x
   2378  16a0							; complex statement detected
   2379  16a0		       a5 82		      LDA	missile0x
   2380  16a2		       38		      SEC
   2381  16a3		       e9 12		      SBC	#18
   2382  16a5		       4a		      lsr
   2383  16a6		       4a		      lsr
   2384  16a7		       85 a0		      STA	temp5
   2385  16a9							; complex statement detected
   2386  16a9		       a5 91		      LDA	missile0y
   2387  16ab		       38		      SEC
   2388  16ac		       e9 01		      SBC	#1
   2389  16ae		       4a		      lsr
   2390  16af		       4a		      lsr
   2391  16b0		       4a		      lsr
   2392  16b1		       85 a1		      STA	temp6
   2393  16b3				   .skipL0185
   2394  16b3				   .
   2395  16b3							;;line 506;;
   2396  16b3
   2397  16b3				   .
   2398  16b3							;;line 507;;
   2399  16b3
   2400  16b3				   .L0186		;;line 508;;  if missile0y  <	_M_Edge_Top  ||  missile0y  >  _Edge_Bottom then goto __delete_missile
   2401  16b3
   2402  16b3		       a5 91		      LDA	missile0y
   2403  16b5		       c9 02		      CMP	#_M_Edge_Top
   2404  16b7		       b0 03		      BCS	.skipL0186
   2405  16b9				   .condpart99
   2406  16b9		       4c c2 d6 	      jmp	.condpart100
   2407  16bc				   .skipL0186
   2408  16bc		       a9 58		      LDA	#_Edge_Bottom
   2409  16be		       c5 91		      CMP	missile0y
   2410  16c0		       b0 03		      BCS	.skip26OR
   2411  16c2				   .condpart100
   2412  16c2		       4c 9e d7 	      jmp	.__delete_missile
   2413  16c5				   .skip26OR
   2414  16c5				   .L0187		;;line 509;;  if missile0x  >	_Edge_Right  ||  missile0x  <  _M_Edge_Left then goto __delete_missile
   2415  16c5
   2416  16c5		       a9 91		      LDA	#_Edge_Right
   2417  16c7		       c5 82		      CMP	missile0x
   2418  16c9		       b0 03		      BCS	.skipL0187
   2419  16cb				   .condpart101
   2420  16cb		       4c d4 d6 	      jmp	.condpart102
   2421  16ce				   .skipL0187
   2422  16ce		       a5 82		      LDA	missile0x
   2423  16d0		       c9 02		      CMP	#_M_Edge_Left
   2424  16d2		       b0 03		      BCS	.skip27OR
   2425  16d4				   .condpart102
   2426  16d4		       4c 9e d7 	      jmp	.__delete_missile
   2427  16d7				   .skip27OR
   2428  16d7				   .L0188		;;line 510;;  if temp6 = 5  &&  pfread ( temp5 , temp6 )  then _b4_enableLight{4} = 1	:  goto __delete_missile
   2429  16d7
   2430  16d7		       a5 a1		      LDA	temp6
   2431  16d9		       c9 05		      CMP	#5
   2432  16db		       d0 27		      BNE	.skipL0188
   2433  16dd				   .condpart103
   2434  16dd		       a5 a0		      LDA	temp5
   2435  16df		       a4 a1		      LDY	temp6
   2436  16e1		       85 ee		      sta	temp7
   2437  16e3		       a9 d6		      lda	#>(ret_point6-1)
   2438  16e5		       48		      pha
   2439  16e6		       a9 f8		      lda	#<(ret_point6-1)
   2440  16e8		       48		      pha
   2441  16e9		       a9 f2		      lda	#>(pfread-1)
   2442  16eb		       48		      pha
   2443  16ec		       a9 ab		      lda	#<(pfread-1)
   2444  16ee		       48		      pha
   2445  16ef		       a5 ee		      lda	temp7
   2446  16f1		       48		      pha
   2447  16f2		       8a		      txa
   2448  16f3		       48		      pha
   2449  16f4		       a2 02		      ldx	#2
   2450  16f6		       4c eb ff 	      jmp	BS_jsr
   2451  16f9				   ret_point6
   2452  16f9		       d0 09		      BNE	.skip103then
   2453  16fb				   .condpart104
   2454  16fb		       a5 de		      LDA	_b4_enableLight
   2455  16fd		       09 10		      ORA	#16
   2456  16ff		       85 de		      STA	_b4_enableLight
   2457  1701		       4c 9e d7 	      jmp	.__delete_missile
   2458  1704				   .skip103then
   2459  1704				   .skipL0188
   2460  1704				   .
   2461  1704							;;line 511;;
   2462  1704
   2463  1704				   .
   2464  1704							;;line 512;;
   2465  1704
   2466  1704				   .L0189		;;line 513;;  if !pfread ( temp5 , temp6 )  then goto __skip_missile
   2467  1704
   2468  1704		       a5 a0		      LDA	temp5
   2469  1706		       a4 a1		      LDY	temp6
   2470  1708		       85 ee		      sta	temp7
   2471  170a		       a9 d7		      lda	#>(ret_point7-1)
   2472  170c		       48		      pha
   2473  170d		       a9 1f		      lda	#<(ret_point7-1)
   2474  170f		       48		      pha
   2475  1710		       a9 f2		      lda	#>(pfread-1)
   2476  1712		       48		      pha
   2477  1713		       a9 ab		      lda	#<(pfread-1)
   2478  1715		       48		      pha
   2479  1716		       a5 ee		      lda	temp7
   2480  1718		       48		      pha
   2481  1719		       8a		      txa
   2482  171a		       48		      pha
   2483  171b		       a2 02		      ldx	#2
   2484  171d		       4c eb ff 	      jmp	BS_jsr
   2485  1720				   ret_point7
   2486  1720		       f0 03		      BEQ	.skipL0189
   2487  1722				   .condpart105
   2488  1722		       4c a8 d7 	      jmp	.__skip_missile
   2489  1725				   .skipL0189
   2490  1725				   .
   2491  1725							;;line 514;;
   2492  1725
   2493  1725				   .
   2494  1725							;;line 515;;
   2495  1725
   2496  1725				   .L0190		;;line 516;;  if _level  >  4	&&  temp5 = _pushCol  &&  temp6  >  7 then goto __delete_missile
   2497  1725
   2498  1725		       a9 04		      LDA	#4
   2499  1727		       c5 d5		      CMP	_level
   2500  1729		       b0 0f		      BCS	.skipL0190
   2501  172b				   .condpart106
   2502  172b		       a5 a0		      LDA	temp5
   2503  172d		       c5 e6		      CMP	_pushCol
   2504  172f		       d0 09		      BNE	.skip106then
   2505  1731				   .condpart107
   2506  1731		       a9 07		      LDA	#7
   2507  1733		       c5 a1		      CMP	temp6
   2508  1735		       b0 03		      BCS	.skip107then
   2509  1737				   .condpart108
   2510  1737		       4c 9e d7 	      jmp	.__delete_missile
   2511  173a				   .skip107then
   2512  173a				   .skip106then
   2513  173a				   .skipL0190
   2514  173a				   .
   2515  173a							;;line 517;;
   2516  173a
   2517  173a				   .
   2518  173a							;;line 518;;
   2519  173a
   2520  173a				   .
   2521  173a							;;line 519;;
   2522  173a
   2523  173a				   .L0191		;;line 520;;  temp4 = 0
   2524  173a
   2525  173a		       a9 00		      LDA	#0
   2526  173c		       85 9f		      STA	temp4
   2527  173e				   .L0192		;;line 521;;  if temp6 = 0  ||  temp6 = 2 then temp4 = 1
   2528  173e
   2529  173e		       a5 a1		      LDA	temp6
   2530  1740		       c9 00		      CMP	#0
   2531  1742		       d0 03		      BNE	.skipL0192
   2532  1744				   .condpart109
   2533  1744		       4c 4d d7 	      jmp	.condpart110
   2534  1747				   .skipL0192
   2535  1747		       a5 a1		      LDA	temp6
   2536  1749		       c9 02		      CMP	#2
   2537  174b		       d0 04		      BNE	.skip31OR
   2538  174d				   .condpart110
   2539  174d		       a9 01		      LDA	#1
   2540  174f		       85 9f		      STA	temp4
   2541  1751				   .skip31OR
   2542  1751				   .L0193		;;line 522;;  if temp6 = 6  ||  temp6 = 8 then temp4 = 1
   2543  1751
   2544  1751		       a5 a1		      LDA	temp6
   2545  1753		       c9 06		      CMP	#6
   2546  1755		       d0 03		      BNE	.skipL0193
   2547  1757				   .condpart111
   2548  1757		       4c 60 d7 	      jmp	.condpart112
   2549  175a				   .skipL0193
   2550  175a		       a5 a1		      LDA	temp6
   2551  175c		       c9 08		      CMP	#8
   2552  175e		       d0 04		      BNE	.skip32OR
   2553  1760				   .condpart112
   2554  1760		       a9 01		      LDA	#1
   2555  1762		       85 9f		      STA	temp4
   2556  1764				   .skip32OR
   2557  1764				   .L0194		;;line 523;;  if !temp4 then goto __delete_missile
   2558  1764
   2559  1764		       a5 9f		      LDA	temp4
   2560  1766		       d0 03		      BNE	.skipL0194
   2561  1768				   .condpart113
   2562  1768		       4c 9e d7 	      jmp	.__delete_missile
   2563  176b				   .skipL0194
   2564  176b				   .
   2565  176b							;;line 524;;
   2566  176b
   2567  176b				   .
   2568  176b							;;line 525;;
   2569  176b
   2570  176b				   .L0195		;;line 526;;  pfpixel temp5 temp6 off	:  score = score  +  1
   2571  176b
   2572  176b		       a2 01		      LDX	#1
   2573  176d		       a4 a1		      LDY	temp6
   2574  176f		       a5 a0		      LDA	temp5
   2575  1771		       85 ee		      sta	temp7
   2576  1773		       a9 d7		      lda	#>(ret_point8-1)
   2577  1775		       48		      pha
   2578  1776		       a9 88		      lda	#<(ret_point8-1)
   2579  1778		       48		      pha
   2580  1779		       a9 f2		      lda	#>(pfpixel-1)
   2581  177b		       48		      pha
   2582  177c		       a9 ba		      lda	#<(pfpixel-1)
   2583  177e		       48		      pha
   2584  177f		       a5 ee		      lda	temp7
   2585  1781		       48		      pha
   2586  1782		       8a		      txa
   2587  1783		       48		      pha
   2588  1784		       a2 02		      ldx	#2
   2589  1786		       4c eb ff 	      jmp	BS_jsr
   2590  1789				   ret_point8
   2591  1789		       f8		      SED
   2592  178a		       18		      CLC
   2593  178b		       a5 95		      LDA	score+2
   2594  178d		       69 01		      ADC	#$01
   2595  178f		       85 95		      STA	score+2
   2596  1791		       a5 94		      LDA	score+1
   2597  1793		       69 00		      ADC	#$00
   2598  1795		       85 94		      STA	score+1
   2599  1797		       a5 93		      LDA	score
   2600  1799		       69 00		      ADC	#$00
   2601  179b		       85 93		      STA	score
   2602  179d		       d8		      CLD
   2603  179e				   .
   2604  179e							;;line 527;;
   2605  179e
   2606  179e				   .__delete_missile
   2607  179e							;;line 528;; __delete_missile
   2608  179e
   2609  179e				   .
   2610  179e							;;line 529;;
   2611  179e
   2612  179e				   .L0196		;;line 530;;  _b7_gameMissile0Moving{7} = 0  :  missile0y = 200
   2613  179e
   2614  179e		       a5 de		      LDA	_b7_gameMissile0Moving
   2615  17a0		       29 7f		      AND	#127
   2616  17a2		       85 de		      STA	_b7_gameMissile0Moving
   2617  17a4		       a9 c8		      LDA	#200
   2618  17a6		       85 91		      STA	missile0y
   2619  17a8				   .
   2620  17a8							;;line 531;;
   2621  17a8
   2622  17a8				   .__skip_missile
   2623  17a8							;;line 532;; __skip_missile
   2624  17a8
   2625  17a8				   .
   2626  17a8							;;line 533;;
   2627  17a8
   2628  17a8				   .
   2629  17a8							;;line 534;;
   2630  17a8
   2631  17a8				   .
   2632  17a8							;;line 535;;
   2633  17a8
   2634  17a8				   .
   2635  17a8							;;line 536;;
   2636  17a8
   2637  17a8				   .
   2638  17a8							;;line 537;;
   2639  17a8
   2640  17a8				   .
   2641  17a8							;;line 538;;
   2642  17a8
   2643  17a8				   .
   2644  17a8							;;line 539;;
   2645  17a8
   2646  17a8				   .
   2647  17a8							;;line 540;;
   2648  17a8
   2649  17a8				   .L0197		;;line 541;;  if _frame_counter then player0:
   2650  17a8
   2651  17a8		       a5 d6		      LDA	_frame_counter
   2652  17aa		       f0 0c		      BEQ	.skipL0197
   2653  17ac				   .condpart114
   2654  17ac		       a2 86		      LDX	#<player114then_0
   2655  17ae		       86 8a		      STX	player0pointerlo
   2656  17b0		       a9 f8		      LDA	#>player114then_0
   2657  17b2		       85 8b		      STA	player0pointerhi
   2658  17b4		       a9 03		      LDA	#3
   2659  17b6		       85 8e		      STA	player0height
   2660  17b8				   .skipL0197
   2661  17b8				   .
   2662  17b8							;;line 547;;
   2663  17b8
   2664  17b8				   .L0198		;;line 548;;  if !joy0right  &&  !joy0left  &&  !joy0up  &&  !joy0down  &&  _b0_enableStart{0} then goto __skip_animation_player0
   2665  17b8
   2666  17b8		       2c 80 02 	      bit	SWCHA
   2667  17bb		       10 1b		      BPL	.skipL0198
   2668  17bd				   .condpart115
   2669  17bd		       2c 80 02 	      bit	SWCHA
   2670  17c0		       50 16		      BVC	.skip115then
   2671  17c2				   .condpart116
   2672  17c2		       a9 10		      lda	#$10
   2673  17c4		       2c 80 02 	      bit	SWCHA
   2674  17c7		       f0 0f		      BEQ	.skip116then
   2675  17c9				   .condpart117
   2676  17c9		       a9 20		      lda	#$20
   2677  17cb		       2c 80 02 	      bit	SWCHA
   2678  17ce		       f0 08		      BEQ	.skip117then
   2679  17d0				   .condpart118
   2680  17d0		       a5 de		      LDA	_b0_enableStart
   2681  17d2		       4a		      LSR
   2682  17d3		       90 03		      BCC	.skip118then
   2683  17d5				   .condpart119
   2684  17d5		       4c ea d7 	      jmp	.__skip_animation_player0
   2685  17d8				   .skip118then
   2686  17d8				   .skip117then
   2687  17d8				   .skip116then
   2688  17d8				   .skip115then
   2689  17d8				   .skipL0198
   2690  17d8				   .
   2691  17d8							;;line 549;;
   2692  17d8
   2693  17d8				   .L0199		;;line 550;;  if ! ( _frame_counter  &  7 )  then player0:
   2694  17d8
   2695  17d8							; complex statement detected
   2696  17d8		       a5 d6		      LDA	_frame_counter
   2697  17da		       29 07		      AND	#7
   2698  17dc		       d0 0c		      BNE	.skipL0199
   2699  17de				   .condpart120
   2700  17de		       a2 8a		      LDX	#<player120then_0
   2701  17e0		       86 8a		      STX	player0pointerlo
   2702  17e2		       a9 f8		      LDA	#>player120then_0
   2703  17e4		       85 8b		      STA	player0pointerhi
   2704  17e6		       a9 03		      LDA	#3
   2705  17e8		       85 8e		      STA	player0height
   2706  17ea				   .skipL0199
   2707  17ea				   .
   2708  17ea							;;line 556;;
   2709  17ea
   2710  17ea				   .__skip_animation_player0
   2711  17ea							;;line 557;; __skip_animation_player0
   2712  17ea
   2713  17ea				   .
   2714  17ea							;;line 558;;
   2715  17ea
   2716  17ea				   .L0200		;;line 559;;  if ! ( _frame_counter  &  7 )  then player1:
   2717  17ea
   2718  17ea							; complex statement detected
   2719  17ea		       a5 d6		      LDA	_frame_counter
   2720  17ec		       29 07		      AND	#7
   2721  17ee		       d0 0c		      BNE	.skipL0200
   2722  17f0				   .condpart121
   2723  17f0		       a2 8e		      LDX	#<player121then_1
   2724  17f2		       86 8c		      STX	player1pointerlo
   2725  17f4		       a9 f8		      LDA	#>player121then_1
   2726  17f6		       85 8d		      STA	player1pointerhi
   2727  17f8		       a9 03		      LDA	#3
   2728  17fa		       85 8f		      STA	player1height
   2729  17fc				   .skipL0200
   2730  17fc				   .
   2731  17fc							;;line 565;;
   2732  17fc
   2733  17fc				   .L0201		;;line 566;;  if _frame_counter  &  8	<>  0 then player1:
   2734  17fc
   2735  17fc							; complex condition detected
   2736  17fc		       a5 d6		      LDA	_frame_counter
   2737  17fe		       29 08		      AND	#8
   2738  1800		       c9 00		      CMP	#0
   2739  1802		       f0 0c		      BEQ	.skipL0201
   2740  1804				   .condpart122
   2741  1804		       a2 92		      LDX	#<player122then_1
   2742  1806		       86 8c		      STX	player1pointerlo
   2743  1808		       a9 f8		      LDA	#>player122then_1
   2744  180a		       85 8d		      STA	player1pointerhi
   2745  180c		       a9 03		      LDA	#3
   2746  180e		       85 8f		      STA	player1height
   2747  1810				   .skipL0201
   2748  1810				   .L0202		;;line 572;;  if !_b0_enableStart{0} then goto __done
   2749  1810
   2750  1810		       a5 de		      LDA	_b0_enableStart
   2751  1812		       4a		      LSR
   2752  1813		       b0 03		      BCS	.skipL0202
   2753  1815				   .condpart123
   2754  1815		       4c bc dc 	      jmp	.__done
   2755  1818				   .skipL0202
   2756  1818				   .
   2757  1818							;;line 573;;
   2758  1818
   2759  1818				   .
   2760  1818							;;line 574;;
   2761  1818
   2762  1818				   .
   2763  1818							;;line 575;;
   2764  1818
   2765  1818				   .
   2766  1818							;;line 576;;
   2767  1818
   2768  1818				   .
   2769  1818							;;line 577;;
   2770  1818
   2771  1818				   .L0203		;;line 578;;  if !joy0up  ||  player0y  <=  _P_Edge_Top then goto __skip_up
   2772  1818
   2773  1818		       a9 10		      lda	#$10
   2774  181a		       2c 80 02 	      bit	SWCHA
   2775  181d		       f0 03		      BEQ	.skipL0203
   2776  181f				   .condpart124
   2777  181f		       4c 28 d8 	      jmp	.condpart125
   2778  1822				   .skipL0203
   2779  1822		       a9 08		      LDA	#_P_Edge_Top
   2780  1824		       c5 85		      CMP	player0y
   2781  1826		       90 03		      BCC	.skip37OR
   2782  1828				   .condpart125
   2783  1828		       4c ec d8 	      jmp	.__skip_up
   2784  182b				   .skip37OR
   2785  182b				   .
   2786  182b							;;line 579;;
   2787  182b
   2788  182b				   .L0204		;;line 580;;  temp5 =	( player0x - 10 )  / 4	:  temp6 =  ( player0y - 5 )  / 8
   2789  182b
   2790  182b							; complex statement detected
   2791  182b		       a5 80		      LDA	player0x
   2792  182d		       38		      SEC
   2793  182e		       e9 0a		      SBC	#10
   2794  1830		       4a		      lsr
   2795  1831		       4a		      lsr
   2796  1832		       85 a0		      STA	temp5
   2797  1834							; complex statement detected
   2798  1834		       a5 85		      LDA	player0y
   2799  1836		       38		      SEC
   2800  1837		       e9 05		      SBC	#5
   2801  1839		       4a		      lsr
   2802  183a		       4a		      lsr
   2803  183b		       4a		      lsr
   2804  183c		       85 a1		      STA	temp6
   2805  183e				   .
   2806  183e							;;line 581;;
   2807  183e
   2808  183e				   .L0205		;;line 582;;  if temp5  <  31 then if pfread ( temp5 , temp6 )  then _b6_enableSlowMotion{6} = 1  : goto __skip_up
   2809  183e
   2810  183e		       a5 a0		      LDA	temp5
   2811  1840		       c9 1f		      CMP	#31
   2812  1842		       b0 27		      BCS	.skipL0205
   2813  1844				   .condpart126
   2814  1844		       a5 a0		      LDA	temp5
   2815  1846		       a4 a1		      LDY	temp6
   2816  1848		       85 ee		      sta	temp7
   2817  184a		       a9 d8		      lda	#>(ret_point9-1)
   2818  184c		       48		      pha
   2819  184d		       a9 5f		      lda	#<(ret_point9-1)
   2820  184f		       48		      pha
   2821  1850		       a9 f2		      lda	#>(pfread-1)
   2822  1852		       48		      pha
   2823  1853		       a9 ab		      lda	#<(pfread-1)
   2824  1855		       48		      pha
   2825  1856		       a5 ee		      lda	temp7
   2826  1858		       48		      pha
   2827  1859		       8a		      txa
   2828  185a		       48		      pha
   2829  185b		       a2 02		      ldx	#2
   2830  185d		       4c eb ff 	      jmp	BS_jsr
   2831  1860				   ret_point9
   2832  1860		       d0 09		      BNE	.skip126then
   2833  1862				   .condpart127
   2834  1862		       a5 de		      LDA	_b6_enableSlowMotion
   2835  1864		       09 40		      ORA	#64
   2836  1866		       85 de		      STA	_b6_enableSlowMotion
   2837  1868		       4c ec d8 	      jmp	.__skip_up
   2838  186b				   .skip126then
   2839  186b				   .skipL0205
   2840  186b				   .
   2841  186b							;;line 583;;
   2842  186b
   2843  186b				   .L0206		;;line 584;;  temp4 =	( player0x - 17 )  / 4
   2844  186b
   2845  186b							; complex statement detected
   2846  186b		       a5 80		      LDA	player0x
   2847  186d		       38		      SEC
   2848  186e		       e9 11		      SBC	#17
   2849  1870		       4a		      lsr
   2850  1871		       4a		      lsr
   2851  1872		       85 9f		      STA	temp4
   2852  1874				   .
   2853  1874							;;line 585;;
   2854  1874
   2855  1874				   .L0207		;;line 586;;  if temp4  <  31 then if pfread ( temp4 , temp6 )  then _b6_enableSlowMotion{6} = 1  : goto __skip_up
   2856  1874
   2857  1874		       a5 9f		      LDA	temp4
   2858  1876		       c9 1f		      CMP	#31
   2859  1878		       b0 27		      BCS	.skipL0207
   2860  187a				   .condpart128
   2861  187a		       a5 9f		      LDA	temp4
   2862  187c		       a4 a1		      LDY	temp6
   2863  187e		       85 ee		      sta	temp7
   2864  1880		       a9 d8		      lda	#>(ret_point10-1)
   2865  1882		       48		      pha
   2866  1883		       a9 95		      lda	#<(ret_point10-1)
   2867  1885		       48		      pha
   2868  1886		       a9 f2		      lda	#>(pfread-1)
   2869  1888		       48		      pha
   2870  1889		       a9 ab		      lda	#<(pfread-1)
   2871  188b		       48		      pha
   2872  188c		       a5 ee		      lda	temp7
   2873  188e		       48		      pha
   2874  188f		       8a		      txa
   2875  1890		       48		      pha
   2876  1891		       a2 02		      ldx	#2
   2877  1893		       4c eb ff 	      jmp	BS_jsr
   2878  1896				   ret_point10
   2879  1896		       d0 09		      BNE	.skip128then
   2880  1898				   .condpart129
   2881  1898		       a5 de		      LDA	_b6_enableSlowMotion
   2882  189a		       09 40		      ORA	#64
   2883  189c		       85 de		      STA	_b6_enableSlowMotion
   2884  189e		       4c ec d8 	      jmp	.__skip_up
   2885  18a1				   .skip128then
   2886  18a1				   .skipL0207
   2887  18a1				   .
   2888  18a1							;;line 587;;
   2889  18a1
   2890  18a1				   .L0208		;;line 588;;  temp3 = temp5  -  1
   2891  18a1
   2892  18a1		       a5 a0		      LDA	temp5
   2893  18a3		       38		      SEC
   2894  18a4		       e9 01		      SBC	#1
   2895  18a6		       85 9e		      STA	temp3
   2896  18a8				   .
   2897  18a8							;;line 589;;
   2898  18a8
   2899  18a8				   .L0209		;;line 590;;  if temp3  <  31 then if pfread ( temp3 , temp6 )  then _b6_enableSlowMotion{6} = 1  : goto __skip_up
   2900  18a8
   2901  18a8		       a5 9e		      LDA	temp3
   2902  18aa		       c9 1f		      CMP	#31
   2903  18ac		       b0 27		      BCS	.skipL0209
   2904  18ae				   .condpart130
   2905  18ae		       a5 9e		      LDA	temp3
   2906  18b0		       a4 a1		      LDY	temp6
   2907  18b2		       85 ee		      sta	temp7
   2908  18b4		       a9 d8		      lda	#>(ret_point11-1)
   2909  18b6		       48		      pha
   2910  18b7		       a9 c9		      lda	#<(ret_point11-1)
   2911  18b9		       48		      pha
   2912  18ba		       a9 f2		      lda	#>(pfread-1)
   2913  18bc		       48		      pha
   2914  18bd		       a9 ab		      lda	#<(pfread-1)
   2915  18bf		       48		      pha
   2916  18c0		       a5 ee		      lda	temp7
   2917  18c2		       48		      pha
   2918  18c3		       8a		      txa
   2919  18c4		       48		      pha
   2920  18c5		       a2 02		      ldx	#2
   2921  18c7		       4c eb ff 	      jmp	BS_jsr
   2922  18ca				   ret_point11
   2923  18ca		       d0 09		      BNE	.skip130then
   2924  18cc				   .condpart131
   2925  18cc		       a5 de		      LDA	_b6_enableSlowMotion
   2926  18ce		       09 40		      ORA	#64
   2927  18d0		       85 de		      STA	_b6_enableSlowMotion
   2928  18d2		       4c ec d8 	      jmp	.__skip_up
   2929  18d5				   .skip130then
   2930  18d5				   .skipL0209
   2931  18d5				   .
   2932  18d5							;;line 591;;
   2933  18d5
   2934  18d5				   .L0210		;;line 592;;  if _b6_enableSlowMotion{6} then if  ( _frame_counter  &	3 )   <>  0 then goto __skip_up
   2935  18d5
   2936  18d5		       24 de		      BIT	_b6_enableSlowMotion
   2937  18d7		       50 0b		      BVC	.skipL0210
   2938  18d9				   .condpart132
   2939  18d9							; complex condition detected
   2940  18d9							; complex statement detected
   2941  18d9		       a5 d6		      LDA	_frame_counter
   2942  18db		       29 03		      AND	#3
   2943  18dd		       c9 00		      CMP	#0
   2944  18df		       f0 03		      BEQ	.skip132then
   2945  18e1				   .condpart133
   2946  18e1		       4c ec d8 	      jmp	.__skip_up
   2947  18e4				   .skip132then
   2948  18e4				   .skipL0210
   2949  18e4				   .L0211		;;line 593;;  player0y = player0y  -  1  :  _Bit0_P0_Dir_Up{0} = 1
   2950  18e4
   2951  18e4		       c6 85		      DEC	player0y
   2952  18e6		       a5 e3		      LDA	_Bit0_P0_Dir_Up
   2953  18e8		       09 01		      ORA	#1
   2954  18ea		       85 e3		      STA	_Bit0_P0_Dir_Up
   2955  18ec				   .
   2956  18ec							;;line 594;;
   2957  18ec
   2958  18ec				   .__skip_up
   2959  18ec							;;line 595;; __skip_up
   2960  18ec
   2961  18ec				   .
   2962  18ec							;;line 596;;
   2963  18ec
   2964  18ec				   .L0212		;;line 597;;  if !joy0down  ||  player0y  >=  _Edge_Bottom then goto __skip_down
   2965  18ec
   2966  18ec		       a9 20		      lda	#$20
   2967  18ee		       2c 80 02 	      bit	SWCHA
   2968  18f1		       f0 03		      BEQ	.skipL0212
   2969  18f3				   .condpart134
   2970  18f3		       4c fc d8 	      jmp	.condpart135
   2971  18f6				   .skipL0212
   2972  18f6		       a5 85		      LDA	player0y
   2973  18f8		       c9 58		      CMP	#_Edge_Bottom
   2974  18fa		       90 03		      BCC	.skip38OR
   2975  18fc				   .condpart135
   2976  18fc		       4c bd d9 	      jmp	.__skip_down
   2977  18ff				   .skip38OR
   2978  18ff				   .
   2979  18ff							;;line 598;;
   2980  18ff
   2981  18ff				   .L0213		;;line 599;;  temp5 =	( player0x - 10 )  / 4	:  temp6 =  ( player0y )  / 8
   2982  18ff
   2983  18ff							; complex statement detected
   2984  18ff		       a5 80		      LDA	player0x
   2985  1901		       38		      SEC
   2986  1902		       e9 0a		      SBC	#10
   2987  1904		       4a		      lsr
   2988  1905		       4a		      lsr
   2989  1906		       85 a0		      STA	temp5
   2990  1908							; complex statement detected
   2991  1908		       a5 85		      LDA	player0y
   2992  190a		       4a		      lsr
   2993  190b		       4a		      lsr
   2994  190c		       4a		      lsr
   2995  190d		       85 a1		      STA	temp6
   2996  190f				   .
   2997  190f							;;line 600;;
   2998  190f
   2999  190f				   .L0214		;;line 601;;  if temp5  <  31 then if pfread ( temp5 , temp6 )  then _b6_enableSlowMotion{6} = 1  : goto __skip_down
   3000  190f
   3001  190f		       a5 a0		      LDA	temp5
   3002  1911		       c9 1f		      CMP	#31
   3003  1913		       b0 27		      BCS	.skipL0214
   3004  1915				   .condpart136
   3005  1915		       a5 a0		      LDA	temp5
   3006  1917		       a4 a1		      LDY	temp6
   3007  1919		       85 ee		      sta	temp7
   3008  191b		       a9 d9		      lda	#>(ret_point12-1)
   3009  191d		       48		      pha
   3010  191e		       a9 30		      lda	#<(ret_point12-1)
   3011  1920		       48		      pha
   3012  1921		       a9 f2		      lda	#>(pfread-1)
   3013  1923		       48		      pha
   3014  1924		       a9 ab		      lda	#<(pfread-1)
   3015  1926		       48		      pha
   3016  1927		       a5 ee		      lda	temp7
   3017  1929		       48		      pha
   3018  192a		       8a		      txa
   3019  192b		       48		      pha
   3020  192c		       a2 02		      ldx	#2
   3021  192e		       4c eb ff 	      jmp	BS_jsr
   3022  1931				   ret_point12
   3023  1931		       d0 09		      BNE	.skip136then
   3024  1933				   .condpart137
   3025  1933		       a5 de		      LDA	_b6_enableSlowMotion
   3026  1935		       09 40		      ORA	#64
   3027  1937		       85 de		      STA	_b6_enableSlowMotion
   3028  1939		       4c bd d9 	      jmp	.__skip_down
   3029  193c				   .skip136then
   3030  193c				   .skipL0214
   3031  193c				   .
   3032  193c							;;line 602;;
   3033  193c
   3034  193c				   .L0215		;;line 603;;  temp4 =	( player0x - 17 )  / 4
   3035  193c
   3036  193c							; complex statement detected
   3037  193c		       a5 80		      LDA	player0x
   3038  193e		       38		      SEC
   3039  193f		       e9 11		      SBC	#17
   3040  1941		       4a		      lsr
   3041  1942		       4a		      lsr
   3042  1943		       85 9f		      STA	temp4
   3043  1945				   .
   3044  1945							;;line 604;;
   3045  1945
   3046  1945				   .L0216		;;line 605;;  if temp4  <  31 then if pfread ( temp4 , temp6 )  then _b6_enableSlowMotion{6} = 1  : goto __skip_down
   3047  1945
   3048  1945		       a5 9f		      LDA	temp4
   3049  1947		       c9 1f		      CMP	#31
   3050  1949		       b0 27		      BCS	.skipL0216
   3051  194b				   .condpart138
   3052  194b		       a5 9f		      LDA	temp4
   3053  194d		       a4 a1		      LDY	temp6
   3054  194f		       85 ee		      sta	temp7
   3055  1951		       a9 d9		      lda	#>(ret_point13-1)
   3056  1953		       48		      pha
   3057  1954		       a9 66		      lda	#<(ret_point13-1)
   3058  1956		       48		      pha
   3059  1957		       a9 f2		      lda	#>(pfread-1)
   3060  1959		       48		      pha
   3061  195a		       a9 ab		      lda	#<(pfread-1)
   3062  195c		       48		      pha
   3063  195d		       a5 ee		      lda	temp7
   3064  195f		       48		      pha
   3065  1960		       8a		      txa
   3066  1961		       48		      pha
   3067  1962		       a2 02		      ldx	#2
   3068  1964		       4c eb ff 	      jmp	BS_jsr
   3069  1967				   ret_point13
   3070  1967		       d0 09		      BNE	.skip138then
   3071  1969				   .condpart139
   3072  1969		       a5 de		      LDA	_b6_enableSlowMotion
   3073  196b		       09 40		      ORA	#64
   3074  196d		       85 de		      STA	_b6_enableSlowMotion
   3075  196f		       4c bd d9 	      jmp	.__skip_down
   3076  1972				   .skip138then
   3077  1972				   .skipL0216
   3078  1972				   .
   3079  1972							;;line 606;;
   3080  1972
   3081  1972				   .L0217		;;line 607;;  temp3 = temp5  -  1
   3082  1972
   3083  1972		       a5 a0		      LDA	temp5
   3084  1974		       38		      SEC
   3085  1975		       e9 01		      SBC	#1
   3086  1977		       85 9e		      STA	temp3
   3087  1979				   .
   3088  1979							;;line 608;;
   3089  1979
   3090  1979				   .L0218		;;line 609;;  if temp3  <  31 then if pfread ( temp3 , temp6 )  then _b6_enableSlowMotion{6} = 1  : goto __skip_down
   3091  1979
   3092  1979		       a5 9e		      LDA	temp3
   3093  197b		       c9 1f		      CMP	#31
   3094  197d		       b0 27		      BCS	.skipL0218
   3095  197f				   .condpart140
   3096  197f		       a5 9e		      LDA	temp3
   3097  1981		       a4 a1		      LDY	temp6
   3098  1983		       85 ee		      sta	temp7
   3099  1985		       a9 d9		      lda	#>(ret_point14-1)
   3100  1987		       48		      pha
   3101  1988		       a9 9a		      lda	#<(ret_point14-1)
   3102  198a		       48		      pha
   3103  198b		       a9 f2		      lda	#>(pfread-1)
   3104  198d		       48		      pha
   3105  198e		       a9 ab		      lda	#<(pfread-1)
   3106  1990		       48		      pha
   3107  1991		       a5 ee		      lda	temp7
   3108  1993		       48		      pha
   3109  1994		       8a		      txa
   3110  1995		       48		      pha
   3111  1996		       a2 02		      ldx	#2
   3112  1998		       4c eb ff 	      jmp	BS_jsr
   3113  199b				   ret_point14
   3114  199b		       d0 09		      BNE	.skip140then
   3115  199d				   .condpart141
   3116  199d		       a5 de		      LDA	_b6_enableSlowMotion
   3117  199f		       09 40		      ORA	#64
   3118  19a1		       85 de		      STA	_b6_enableSlowMotion
   3119  19a3		       4c bd d9 	      jmp	.__skip_down
   3120  19a6				   .skip140then
   3121  19a6				   .skipL0218
   3122  19a6				   .
   3123  19a6							;;line 610;;
   3124  19a6
   3125  19a6				   .L0219		;;line 611;;  if _b6_enableSlowMotion{6} then if  ( _frame_counter  &	3 )   <>  0 then goto __skip_down
   3126  19a6
   3127  19a6		       24 de		      BIT	_b6_enableSlowMotion
   3128  19a8		       50 0b		      BVC	.skipL0219
   3129  19aa				   .condpart142
   3130  19aa							; complex condition detected
   3131  19aa							; complex statement detected
   3132  19aa		       a5 d6		      LDA	_frame_counter
   3133  19ac		       29 03		      AND	#3
   3134  19ae		       c9 00		      CMP	#0
   3135  19b0		       f0 03		      BEQ	.skip142then
   3136  19b2				   .condpart143
   3137  19b2		       4c bd d9 	      jmp	.__skip_down
   3138  19b5				   .skip142then
   3139  19b5				   .skipL0219
   3140  19b5				   .L0220		;;line 612;;  player0y = player0y  +  1  :  _Bit1_P0_Dir_Down{1} = 1
   3141  19b5
   3142  19b5		       e6 85		      INC	player0y
   3143  19b7		       a5 e3		      LDA	_Bit1_P0_Dir_Down
   3144  19b9		       09 02		      ORA	#2
   3145  19bb		       85 e3		      STA	_Bit1_P0_Dir_Down
   3146  19bd				   .__skip_down
   3147  19bd							;;line 613;; __skip_down
   3148  19bd
   3149  19bd				   .
   3150  19bd							;;line 614;;
   3151  19bd
   3152  19bd				   .L0221		;;line 615;;  if !joy0left  ||  player0x  <=  _P_Edge_Left then goto __skip_left
   3153  19bd
   3154  19bd		       2c 80 02 	      bit	SWCHA
   3155  19c0		       50 03		      BVC	.skipL0221
   3156  19c2				   .condpart144
   3157  19c2		       4c cb d9 	      jmp	.condpart145
   3158  19c5				   .skipL0221
   3159  19c5		       a9 0a		      LDA	#_P_Edge_Left
   3160  19c7		       c5 80		      CMP	player0x
   3161  19c9		       90 03		      BCC	.skip39OR
   3162  19cb				   .condpart145
   3163  19cb		       4c 96 da 	      jmp	.__skip_left
   3164  19ce				   .skip39OR
   3165  19ce				   .
   3166  19ce							;;line 616;;
   3167  19ce
   3168  19ce				   .L0222		;;line 617;;  temp5 =	( player0y - 1 )  / 8  :  temp6 =  ( player0x - 18 )  / 4
   3169  19ce
   3170  19ce							; complex statement detected
   3171  19ce		       a5 85		      LDA	player0y
   3172  19d0		       38		      SEC
   3173  19d1		       e9 01		      SBC	#1
   3174  19d3		       4a		      lsr
   3175  19d4		       4a		      lsr
   3176  19d5		       4a		      lsr
   3177  19d6		       85 a0		      STA	temp5
   3178  19d8							; complex statement detected
   3179  19d8		       a5 80		      LDA	player0x
   3180  19da		       38		      SEC
   3181  19db		       e9 12		      SBC	#18
   3182  19dd		       4a		      lsr
   3183  19de		       4a		      lsr
   3184  19df		       85 a1		      STA	temp6
   3185  19e1				   .L0223		;;line 618;;  temp3 =	( player0y - 4 )  / 8
   3186  19e1
   3187  19e1							; complex statement detected
   3188  19e1		       a5 85		      LDA	player0y
   3189  19e3		       38		      SEC
   3190  19e4		       e9 04		      SBC	#4
   3191  19e6		       4a		      lsr
   3192  19e7		       4a		      lsr
   3193  19e8		       4a		      lsr
   3194  19e9		       85 9e		      STA	temp3
   3195  19eb				   .
   3196  19eb							;;line 619;;
   3197  19eb
   3198  19eb				   .
   3199  19eb							;;line 620;;
   3200  19eb
   3201  19eb				   .L0224		;;line 621;;  if _level  <  5 then goto __no_push_left
   3202  19eb
   3203  19eb		       a5 d5		      LDA	_level
   3204  19ed		       c9 05		      CMP	#5
   3205  19ef		       b0 03		      BCS	.skipL0224
   3206  19f1				   .condpart146
   3207  19f1		       4c 25 da 	      jmp	.__no_push_left
   3208  19f4				   .skipL0224
   3209  19f4				   .L0225		;;line 622;;  if temp6  <>  _pushCol then goto __no_push_left
   3210  19f4
   3211  19f4		       a5 a1		      LDA	temp6
   3212  19f6		       c5 e6		      CMP	_pushCol
   3213  19f8		       f0 03		      BEQ	.skipL0225
   3214  19fa				   .condpart147
   3215  19fa		       4c 25 da 	      jmp	.__no_push_left
   3216  19fd				   .skipL0225
   3217  19fd				   .L0226		;;line 623;;  if temp5  <  8 then goto __no_push_left
   3218  19fd
   3219  19fd		       a5 a0		      LDA	temp5
   3220  19ff		       c9 08		      CMP	#8
   3221  1a01		       b0 03		      BCS	.skipL0226
   3222  1a03				   .condpart148
   3223  1a03		       4c 25 da 	      jmp	.__no_push_left
   3224  1a06				   .skipL0226
   3225  1a06				   .L0227		;;line 624;;  temp4 = 255  :  gosub __push_wall bank2
   3226  1a06
   3227  1a06		       a9 ff		      LDA	#255
   3228  1a08		       85 9f		      STA	temp4
   3229  1a0a		       85 ee		      sta	temp7
   3230  1a0c		       a9 da		      lda	#>(ret_point15-1)
   3231  1a0e		       48		      pha
   3232  1a0f		       a9 21		      lda	#<(ret_point15-1)
   3233  1a11		       48		      pha
   3234  1a12		       a9 f7		      lda	#>(.__push_wall-1)
   3235  1a14		       48		      pha
   3236  1a15		       a9 c3		      lda	#<(.__push_wall-1)
   3237  1a17		       48		      pha
   3238  1a18		       a5 ee		      lda	temp7
   3239  1a1a		       48		      pha
   3240  1a1b		       8a		      txa
   3241  1a1c		       48		      pha
   3242  1a1d		       a2 02		      ldx	#2
   3243  1a1f		       4c eb ff 	      jmp	BS_jsr
   3244  1a22				   ret_point15
   3245  1a22				   .L0228		;;line 625;;  goto __skip_left
   3246  1a22
   3247  1a22		       4c 96 da 	      jmp	.__skip_left
   3248  1a25				   .__no_push_left
   3249  1a25							;;line 626;; __no_push_left
   3250  1a25
   3251  1a25				   .
   3252  1a25							;;line 627;;
   3253  1a25
   3254  1a25				   .L0229		;;line 628;;  if temp6  <  34 then if pfread ( temp6 , temp5 )  then _b6_enableSlowMotion{6} = 1  :  goto __skip_left
   3255  1a25
   3256  1a25		       a5 a1		      LDA	temp6
   3257  1a27		       c9 22		      CMP	#34
   3258  1a29		       b0 27		      BCS	.skipL0229
   3259  1a2b				   .condpart149
   3260  1a2b		       a5 a1		      LDA	temp6
   3261  1a2d		       a4 a0		      LDY	temp5
   3262  1a2f		       85 ee		      sta	temp7
   3263  1a31		       a9 da		      lda	#>(ret_point16-1)
   3264  1a33		       48		      pha
   3265  1a34		       a9 46		      lda	#<(ret_point16-1)
   3266  1a36		       48		      pha
   3267  1a37		       a9 f2		      lda	#>(pfread-1)
   3268  1a39		       48		      pha
   3269  1a3a		       a9 ab		      lda	#<(pfread-1)
   3270  1a3c		       48		      pha
   3271  1a3d		       a5 ee		      lda	temp7
   3272  1a3f		       48		      pha
   3273  1a40		       8a		      txa
   3274  1a41		       48		      pha
   3275  1a42		       a2 02		      ldx	#2
   3276  1a44		       4c eb ff 	      jmp	BS_jsr
   3277  1a47				   ret_point16
   3278  1a47		       d0 09		      BNE	.skip149then
   3279  1a49				   .condpart150
   3280  1a49		       a5 de		      LDA	_b6_enableSlowMotion
   3281  1a4b		       09 40		      ORA	#64
   3282  1a4d		       85 de		      STA	_b6_enableSlowMotion
   3283  1a4f		       4c 96 da 	      jmp	.__skip_left
   3284  1a52				   .skip149then
   3285  1a52				   .skipL0229
   3286  1a52				   .
   3287  1a52							;;line 629;;
   3288  1a52
   3289  1a52				   .L0230		;;line 630;;  if temp6  <  34 then if pfread ( temp6 , temp3 )  then _b6_enableSlowMotion{6} = 1  :  goto __skip_left
   3290  1a52
   3291  1a52		       a5 a1		      LDA	temp6
   3292  1a54		       c9 22		      CMP	#34
   3293  1a56		       b0 27		      BCS	.skipL0230
   3294  1a58				   .condpart151
   3295  1a58		       a5 a1		      LDA	temp6
   3296  1a5a		       a4 9e		      LDY	temp3
   3297  1a5c		       85 ee		      sta	temp7
   3298  1a5e		       a9 da		      lda	#>(ret_point17-1)
   3299  1a60		       48		      pha
   3300  1a61		       a9 73		      lda	#<(ret_point17-1)
   3301  1a63		       48		      pha
   3302  1a64		       a9 f2		      lda	#>(pfread-1)
   3303  1a66		       48		      pha
   3304  1a67		       a9 ab		      lda	#<(pfread-1)
   3305  1a69		       48		      pha
   3306  1a6a		       a5 ee		      lda	temp7
   3307  1a6c		       48		      pha
   3308  1a6d		       8a		      txa
   3309  1a6e		       48		      pha
   3310  1a6f		       a2 02		      ldx	#2
   3311  1a71		       4c eb ff 	      jmp	BS_jsr
   3312  1a74				   ret_point17
   3313  1a74		       d0 09		      BNE	.skip151then
   3314  1a76				   .condpart152
   3315  1a76		       a5 de		      LDA	_b6_enableSlowMotion
   3316  1a78		       09 40		      ORA	#64
   3317  1a7a		       85 de		      STA	_b6_enableSlowMotion
   3318  1a7c		       4c 96 da 	      jmp	.__skip_left
   3319  1a7f				   .skip151then
   3320  1a7f				   .skipL0230
   3321  1a7f				   .
   3322  1a7f							;;line 631;;
   3323  1a7f
   3324  1a7f				   .L0231		;;line 632;;  if _b6_enableSlowMotion{6} then if  ( _frame_counter  &	3 )   <>  0 then goto __skip_left
   3325  1a7f
   3326  1a7f		       24 de		      BIT	_b6_enableSlowMotion
   3327  1a81		       50 0b		      BVC	.skipL0231
   3328  1a83				   .condpart153
   3329  1a83							; complex condition detected
   3330  1a83							; complex statement detected
   3331  1a83		       a5 d6		      LDA	_frame_counter
   3332  1a85		       29 03		      AND	#3
   3333  1a87		       c9 00		      CMP	#0
   3334  1a89		       f0 03		      BEQ	.skip153then
   3335  1a8b				   .condpart154
   3336  1a8b		       4c 96 da 	      jmp	.__skip_left
   3337  1a8e				   .skip153then
   3338  1a8e				   .skipL0231
   3339  1a8e				   .L0232		;;line 633;;  player0x = player0x  -  1  :  _Bit2_P0_Dir_Left{2} = 1
   3340  1a8e
   3341  1a8e		       c6 80		      DEC	player0x
   3342  1a90		       a5 e3		      LDA	_Bit2_P0_Dir_Left
   3343  1a92		       09 04		      ORA	#4
   3344  1a94		       85 e3		      STA	_Bit2_P0_Dir_Left
   3345  1a96				   .
   3346  1a96							;;line 634;;
   3347  1a96
   3348  1a96				   .__skip_left
   3349  1a96							;;line 635;; __skip_left
   3350  1a96
   3351  1a96				   .L0233		;;line 636;;  if !joy0right  ||  player0x  >=	_Edge_Right then goto __skip_right
   3352  1a96
   3353  1a96		       2c 80 02 	      bit	SWCHA
   3354  1a99		       10 03		      BPL	.skipL0233
   3355  1a9b				   .condpart155
   3356  1a9b		       4c a4 da 	      jmp	.condpart156
   3357  1a9e				   .skipL0233
   3358  1a9e		       a5 80		      LDA	player0x
   3359  1aa0		       c9 91		      CMP	#_Edge_Right
   3360  1aa2		       90 03		      BCC	.skip40OR
   3361  1aa4				   .condpart156
   3362  1aa4		       4c 6f db 	      jmp	.__skip_right
   3363  1aa7				   .skip40OR
   3364  1aa7				   .
   3365  1aa7							;;line 637;;
   3366  1aa7
   3367  1aa7				   .L0234		;;line 638;;  temp5 =	( player0y - 1 )  / 8  :  temp6 =  ( player0x - 9 )  / 4
   3368  1aa7
   3369  1aa7							; complex statement detected
   3370  1aa7		       a5 85		      LDA	player0y
   3371  1aa9		       38		      SEC
   3372  1aaa		       e9 01		      SBC	#1
   3373  1aac		       4a		      lsr
   3374  1aad		       4a		      lsr
   3375  1aae		       4a		      lsr
   3376  1aaf		       85 a0		      STA	temp5
   3377  1ab1							; complex statement detected
   3378  1ab1		       a5 80		      LDA	player0x
   3379  1ab3		       38		      SEC
   3380  1ab4		       e9 09		      SBC	#9
   3381  1ab6		       4a		      lsr
   3382  1ab7		       4a		      lsr
   3383  1ab8		       85 a1		      STA	temp6
   3384  1aba				   .L0235		;;line 639;;  temp3 =	( player0y - 4 )  / 8
   3385  1aba
   3386  1aba							; complex statement detected
   3387  1aba		       a5 85		      LDA	player0y
   3388  1abc		       38		      SEC
   3389  1abd		       e9 04		      SBC	#4
   3390  1abf		       4a		      lsr
   3391  1ac0		       4a		      lsr
   3392  1ac1		       4a		      lsr
   3393  1ac2		       85 9e		      STA	temp3
   3394  1ac4				   .
   3395  1ac4							;;line 640;;
   3396  1ac4
   3397  1ac4				   .
   3398  1ac4							;;line 641;;
   3399  1ac4
   3400  1ac4				   .L0236		;;line 642;;  if _level  <  5 then goto __no_push_right
   3401  1ac4
   3402  1ac4		       a5 d5		      LDA	_level
   3403  1ac6		       c9 05		      CMP	#5
   3404  1ac8		       b0 03		      BCS	.skipL0236
   3405  1aca				   .condpart157
   3406  1aca		       4c fe da 	      jmp	.__no_push_right
   3407  1acd				   .skipL0236
   3408  1acd				   .L0237		;;line 643;;  if temp6  <>  _pushCol then goto __no_push_right
   3409  1acd
   3410  1acd		       a5 a1		      LDA	temp6
   3411  1acf		       c5 e6		      CMP	_pushCol
   3412  1ad1		       f0 03		      BEQ	.skipL0237
   3413  1ad3				   .condpart158
   3414  1ad3		       4c fe da 	      jmp	.__no_push_right
   3415  1ad6				   .skipL0237
   3416  1ad6				   .L0238		;;line 644;;  if temp5  <  8 then goto __no_push_right
   3417  1ad6
   3418  1ad6		       a5 a0		      LDA	temp5
   3419  1ad8		       c9 08		      CMP	#8
   3420  1ada		       b0 03		      BCS	.skipL0238
   3421  1adc				   .condpart159
   3422  1adc		       4c fe da 	      jmp	.__no_push_right
   3423  1adf				   .skipL0238
   3424  1adf				   .L0239		;;line 645;;  temp4 = 1  :  gosub __push_wall bank2
   3425  1adf
   3426  1adf		       a9 01		      LDA	#1
   3427  1ae1		       85 9f		      STA	temp4
   3428  1ae3		       85 ee		      sta	temp7
   3429  1ae5		       a9 da		      lda	#>(ret_point18-1)
   3430  1ae7		       48		      pha
   3431  1ae8		       a9 fa		      lda	#<(ret_point18-1)
   3432  1aea		       48		      pha
   3433  1aeb		       a9 f7		      lda	#>(.__push_wall-1)
   3434  1aed		       48		      pha
   3435  1aee		       a9 c3		      lda	#<(.__push_wall-1)
   3436  1af0		       48		      pha
   3437  1af1		       a5 ee		      lda	temp7
   3438  1af3		       48		      pha
   3439  1af4		       8a		      txa
   3440  1af5		       48		      pha
   3441  1af6		       a2 02		      ldx	#2
   3442  1af8		       4c eb ff 	      jmp	BS_jsr
   3443  1afb				   ret_point18
   3444  1afb				   .L0240		;;line 646;;  goto __skip_right
   3445  1afb
   3446  1afb		       4c 6f db 	      jmp	.__skip_right
   3447  1afe				   .__no_push_right
   3448  1afe							;;line 647;; __no_push_right
   3449  1afe
   3450  1afe				   .
   3451  1afe							;;line 648;;
   3452  1afe
   3453  1afe				   .L0241		;;line 649;;  if temp6  <  34 then if pfread ( temp6 , temp5 )  then _b6_enableSlowMotion{6} = 1  :  goto __skip_right
   3454  1afe
   3455  1afe		       a5 a1		      LDA	temp6
   3456  1b00		       c9 22		      CMP	#34
   3457  1b02		       b0 27		      BCS	.skipL0241
   3458  1b04				   .condpart160
   3459  1b04		       a5 a1		      LDA	temp6
   3460  1b06		       a4 a0		      LDY	temp5
   3461  1b08		       85 ee		      sta	temp7
   3462  1b0a		       a9 db		      lda	#>(ret_point19-1)
   3463  1b0c		       48		      pha
   3464  1b0d		       a9 1f		      lda	#<(ret_point19-1)
   3465  1b0f		       48		      pha
   3466  1b10		       a9 f2		      lda	#>(pfread-1)
   3467  1b12		       48		      pha
   3468  1b13		       a9 ab		      lda	#<(pfread-1)
   3469  1b15		       48		      pha
   3470  1b16		       a5 ee		      lda	temp7
   3471  1b18		       48		      pha
   3472  1b19		       8a		      txa
   3473  1b1a		       48		      pha
   3474  1b1b		       a2 02		      ldx	#2
   3475  1b1d		       4c eb ff 	      jmp	BS_jsr
   3476  1b20				   ret_point19
   3477  1b20		       d0 09		      BNE	.skip160then
   3478  1b22				   .condpart161
   3479  1b22		       a5 de		      LDA	_b6_enableSlowMotion
   3480  1b24		       09 40		      ORA	#64
   3481  1b26		       85 de		      STA	_b6_enableSlowMotion
   3482  1b28		       4c 6f db 	      jmp	.__skip_right
   3483  1b2b				   .skip160then
   3484  1b2b				   .skipL0241
   3485  1b2b				   .
   3486  1b2b							;;line 650;;
   3487  1b2b
   3488  1b2b				   .L0242		;;line 651;;  if temp6  <  34 then if pfread ( temp6 , temp3 )  then _b6_enableSlowMotion{6} = 1  :  goto __skip_right
   3489  1b2b
   3490  1b2b		       a5 a1		      LDA	temp6
   3491  1b2d		       c9 22		      CMP	#34
   3492  1b2f		       b0 27		      BCS	.skipL0242
   3493  1b31				   .condpart162
   3494  1b31		       a5 a1		      LDA	temp6
   3495  1b33		       a4 9e		      LDY	temp3
   3496  1b35		       85 ee		      sta	temp7
   3497  1b37		       a9 db		      lda	#>(ret_point20-1)
   3498  1b39		       48		      pha
   3499  1b3a		       a9 4c		      lda	#<(ret_point20-1)
   3500  1b3c		       48		      pha
   3501  1b3d		       a9 f2		      lda	#>(pfread-1)
   3502  1b3f		       48		      pha
   3503  1b40		       a9 ab		      lda	#<(pfread-1)
   3504  1b42		       48		      pha
   3505  1b43		       a5 ee		      lda	temp7
   3506  1b45		       48		      pha
   3507  1b46		       8a		      txa
   3508  1b47		       48		      pha
   3509  1b48		       a2 02		      ldx	#2
   3510  1b4a		       4c eb ff 	      jmp	BS_jsr
   3511  1b4d				   ret_point20
   3512  1b4d		       d0 09		      BNE	.skip162then
   3513  1b4f				   .condpart163
   3514  1b4f		       a5 de		      LDA	_b6_enableSlowMotion
   3515  1b51		       09 40		      ORA	#64
   3516  1b53		       85 de		      STA	_b6_enableSlowMotion
   3517  1b55		       4c 6f db 	      jmp	.__skip_right
   3518  1b58				   .skip162then
   3519  1b58				   .skipL0242
   3520  1b58				   .
   3521  1b58							;;line 652;;
   3522  1b58
   3523  1b58				   .L0243		;;line 653;;  if _b6_enableSlowMotion{6} then if  ( _frame_counter  &	3 )   <>  0 then goto __skip_right
   3524  1b58
   3525  1b58		       24 de		      BIT	_b6_enableSlowMotion
   3526  1b5a		       50 0b		      BVC	.skipL0243
   3527  1b5c				   .condpart164
   3528  1b5c							; complex condition detected
   3529  1b5c							; complex statement detected
   3530  1b5c		       a5 d6		      LDA	_frame_counter
   3531  1b5e		       29 03		      AND	#3
   3532  1b60		       c9 00		      CMP	#0
   3533  1b62		       f0 03		      BEQ	.skip164then
   3534  1b64				   .condpart165
   3535  1b64		       4c 6f db 	      jmp	.__skip_right
   3536  1b67				   .skip164then
   3537  1b67				   .skipL0243
   3538  1b67				   .L0244		;;line 654;;  player0x = player0x  +  1  :  _Bit3_P0_Dir_Right{3} = 1
   3539  1b67
   3540  1b67		       e6 80		      INC	player0x
   3541  1b69		       a5 e3		      LDA	_Bit3_P0_Dir_Right
   3542  1b6b		       09 08		      ORA	#8
   3543  1b6d		       85 e3		      STA	_Bit3_P0_Dir_Right
   3544  1b6f				   .__skip_right
   3545  1b6f							;;line 655;; __skip_right
   3546  1b6f
   3547  1b6f				   .
   3548  1b6f							;;line 656;;
   3549  1b6f
   3550  1b6f				   .__game_collision
   3551  1b6f							;;line 657;; __game_collision
   3552  1b6f
   3553  1b6f				   .
   3554  1b6f							;;line 658;;
   3555  1b6f
   3556  1b6f				   .
   3557  1b6f							;;line 659;;
   3558  1b6f
   3559  1b6f				   .
   3560  1b6f							;;line 660;;
   3561  1b6f
   3562  1b6f				   .
   3563  1b6f							;;line 661;;
   3564  1b6f
   3565  1b6f				   .
   3566  1b6f							;;line 662;;
   3567  1b6f
   3568  1b6f				   .
   3569  1b6f							;;line 663;;
   3570  1b6f
   3571  1b6f				   .
   3572  1b6f							;;line 664;;
   3573  1b6f
   3574  1b6f				   .L0245		;;line 665;;  if !_hitCooldown  &&  collision(player0,player1) then goto __decrease_health_bar
   3575  1b6f
   3576  1b6f		       a5 e9		      LDA	_hitCooldown
   3577  1b71		       d0 07		      BNE	.skipL0245
   3578  1b73				   .condpart166
   3579  1b73		       24 07		      bit	CXPPMM
   3580  1b75		       10 03		      BPL	.skip166then
   3581  1b77				   .condpart167
   3582  1b77		       4c c6 db 	      jmp	.__decrease_health_bar
   3583  1b7a				   .skip166then
   3584  1b7a				   .skipL0245
   3585  1b7a				   .L0246		;;line 666;;  if collision(missile0,player1) then goto __destroy_mouth
   3586  1b7a
   3587  1b7a		       24 00		      bit	CXM0P
   3588  1b7c		       10 03		      BPL	.skipL0246
   3589  1b7e				   .condpart168
   3590  1b7e		       4c 8b db 	      jmp	.__destroy_mouth
   3591  1b81				   .skipL0246
   3592  1b81				   .L0247		;;line 667;;  if collision(player0,ball) then goto __change_level
   3593  1b81
   3594  1b81		       24 02		      bit	CXP0FB
   3595  1b83		       50 03		      BVC	.skipL0247
   3596  1b85				   .condpart169
   3597  1b85		       4c 0b dc 	      jmp	.__change_level
   3598  1b88				   .skipL0247
   3599  1b88				   .L0248		;;line 668;;  goto __done
   3600  1b88
   3601  1b88		       4c bc dc 	      jmp	.__done
   3602  1b8b				   .
   3603  1b8b							;;line 669;;
   3604  1b8b
   3605  1b8b				   .
   3606  1b8b							;;line 670;;
   3607  1b8b
   3608  1b8b				   .
   3609  1b8b							;;line 671;;
   3610  1b8b
   3611  1b8b				   .
   3612  1b8b							;;line 672;;
   3613  1b8b
   3614  1b8b				   .
   3615  1b8b							;;line 673;;
   3616  1b8b
   3617  1b8b				   .
   3618  1b8b							;;line 674;;
   3619  1b8b
   3620  1b8b				   .
   3621  1b8b							;;line 675;;
   3622  1b8b
   3623  1b8b				   .
   3624  1b8b							;;line 676;;
   3625  1b8b
   3626  1b8b				   .
   3627  1b8b							;;line 677;;
   3628  1b8b
   3629  1b8b				   .
   3630  1b8b							;;line 678;;
   3631  1b8b
   3632  1b8b				   .
   3633  1b8b							;;line 679;;
   3634  1b8b
   3635  1b8b				   .
   3636  1b8b							;;line 680;;
   3637  1b8b
   3638  1b8b				   .
   3639  1b8b							;;line 681;;
   3640  1b8b
   3641  1b8b				   .
   3642  1b8b							;;line 682;;
   3643  1b8b
   3644  1b8b				   .
   3645  1b8b							;;line 683;;
   3646  1b8b
   3647  1b8b				   .
   3648  1b8b							;;line 684;;
   3649  1b8b
   3650  1b8b				   .
   3651  1b8b							;;line 685;;
   3652  1b8b
   3653  1b8b				   .__destroy_mouth
   3654  1b8b							;;line 686;; __destroy_mouth
   3655  1b8b
   3656  1b8b				   .L0249		;;line 687;;  score = score  +  10
   3657  1b8b
   3658  1b8b		       f8		      SED
   3659  1b8c		       18		      CLC
   3660  1b8d		       a5 95		      LDA	score+2
   3661  1b8f		       69 10		      ADC	#$10
   3662  1b91		       85 95		      STA	score+2
   3663  1b93		       a5 94		      LDA	score+1
   3664  1b95		       69 00		      ADC	#$00
   3665  1b97		       85 94		      STA	score+1
   3666  1b99		       a5 93		      LDA	score
   3667  1b9b		       69 00		      ADC	#$00
   3668  1b9d		       85 93		      STA	score
   3669  1b9f		       d8		      CLD
   3670  1ba0				   .L0250		;;line 688;;  _b5_enablePalyer1{5} = 0
   3671  1ba0
   3672  1ba0		       a5 de		      LDA	_b5_enablePalyer1
   3673  1ba2		       29 df		      AND	#223
   3674  1ba4		       85 de		      STA	_b5_enablePalyer1
   3675  1ba6				   .L0251		;;line 689;;  AUDV1 = 10
   3676  1ba6
   3677  1ba6		       a9 0a		      LDA	#10
   3678  1ba8		       85 1a		      STA	AUDV1
   3679  1baa				   .
   3680  1baa							;;line 690;;
   3681  1baa
   3682  1baa				   .L0252		;;line 691;;  _b7_gameMissile0Moving{7} = 0  :  missile0y = 200
   3683  1baa
   3684  1baa		       a5 de		      LDA	_b7_gameMissile0Moving
   3685  1bac		       29 7f		      AND	#127
   3686  1bae		       85 de		      STA	_b7_gameMissile0Moving
   3687  1bb0		       a9 c8		      LDA	#200
   3688  1bb2		       85 91		      STA	missile0y
   3689  1bb4				   .
   3690  1bb4							;;line 692;;
   3691  1bb4
   3692  1bb4				   .
   3693  1bb4							;;line 693;;
   3694  1bb4
   3695  1bb4				   .L0253		;;line 694;;  if _level  >  3 then _mouthIndex = _mouthIndex  ^  1
   3696  1bb4
   3697  1bb4		       a9 03		      LDA	#3
   3698  1bb6		       c5 d5		      CMP	_level
   3699  1bb8		       b0 06		      BCS	.skipL0253
   3700  1bba				   .condpart170
   3701  1bba		       a5 d4		      LDA	_mouthIndex
   3702  1bbc		       49 01		      EOR	#1
   3703  1bbe		       85 d4		      STA	_mouthIndex
   3704  1bc0				   .skipL0253
   3705  1bc0				   .L0254		;;line 695;;  gosub __reset_mouth_pos
   3706  1bc0
   3707  1bc0		       20 de db 	      jsr	.__reset_mouth_pos
   3708  1bc3				   .L0255		;;line 696;;  goto __done
   3709  1bc3
   3710  1bc3		       4c bc dc 	      jmp	.__done
   3711  1bc6				   .
   3712  1bc6							;;line 697;;
   3713  1bc6
   3714  1bc6				   .__decrease_health_bar
   3715  1bc6							;;line 698;; __decrease_health_bar
   3716  1bc6
   3717  1bc6				   .L0256		;;line 699;;  pfscore2 = pfscore2 / 4
   3718  1bc6
   3719  1bc6		       a5 f3		      LDA	pfscore2
   3720  1bc8		       4a		      lsr
   3721  1bc9		       4a		      lsr
   3722  1bca		       85 f3		      STA	pfscore2
   3723  1bcc				   .L0257		;;line 700;;  pfscore1 = %11111111
   3724  1bcc
   3725  1bcc		       a9 ff		      LDA	#%11111111
   3726  1bce		       85 f2		      STA	pfscore1
   3727  1bd0				   .L0258		;;line 701;;  _hitCooldown = 90
   3728  1bd0
   3729  1bd0		       a9 5a		      LDA	#90
   3730  1bd2		       85 e9		      STA	_hitCooldown
   3731  1bd4				   .L0259		;;line 702;;  if !pfscore2 then goto __game_start
   3732  1bd4
   3733  1bd4		       a5 f3		      LDA	pfscore2
   3734  1bd6		       d0 03		      BNE	.skipL0259
   3735  1bd8				   .condpart171
   3736  1bd8		       4c 9b d0 	      jmp	.__game_start
   3737  1bdb				   .skipL0259
   3738  1bdb				   .L0260		;;line 703;;  goto __done
   3739  1bdb
   3740  1bdb		       4c bc dc 	      jmp	.__done
   3741  1bde				   .
   3742  1bde							;;line 704;;
   3743  1bde
   3744  1bde				   .__reset_mouth_pos
   3745  1bde							;;line 705;; __reset_mouth_pos
   3746  1bde
   3747  1bde				   .L0261		;;line 706;;  if !_mouthIndex then _mouth0x = 20  :  _mouth0y = 8
   3748  1bde
   3749  1bde		       a5 d4		      LDA	_mouthIndex
   3750  1be0		       d0 08		      BNE	.skipL0261
   3751  1be2				   .condpart172
   3752  1be2		       a9 14		      LDA	#20
   3753  1be4		       85 d9		      STA	_mouth0x
   3754  1be6		       a9 08		      LDA	#8
   3755  1be8		       85 db		      STA	_mouth0y
   3756  1bea				   .skipL0261
   3757  1bea				   .L0262		;;line 707;;  if _mouthIndex then _mouth1x = 140  :  _mouth1y = 90
   3758  1bea
   3759  1bea		       a5 d4		      LDA	_mouthIndex
   3760  1bec		       f0 08		      BEQ	.skipL0262
   3761  1bee				   .condpart173
   3762  1bee		       a9 8c		      LDA	#140
   3763  1bf0		       85 df		      STA	_mouth1x
   3764  1bf2		       a9 5a		      LDA	#90
   3765  1bf4		       85 e2		      STA	_mouth1y
   3766  1bf6				   .skipL0262
   3767  1bf6				   .L0263		;;line 708;;  return
   3768  1bf6
   3769  1bf6		       ba		      tsx
   3770  1bf7		       b5 02		      lda	2,x	; check return address
   3771  1bf9		       49 db		      eor	#(>*)	; vs. current PCH
   3772  1bfb		       29 e0		      and	#$E0	;  mask off all but top 3 bits
   3773  1bfd		       f0 03		      beq	*+5	; if equal, do normal return
   3774  1bff		       4c dd ff 	      JMP	BS_return
   3775  1c02		       60		      RTS
   3776  1c03				   .
   3777  1c03							;;line 709;;
   3778  1c03
   3779  1c03				   .__decrease_timer_bar
   3780  1c03							;;line 710;; __decrease_timer_bar
   3781  1c03
   3782  1c03				   .L0264		;;line 711;;  pfscore1 = pfscore1  *  2
   3783  1c03
   3784  1c03		       a5 f2		      LDA	pfscore1
   3785  1c05		       0a		      asl
   3786  1c06		       85 f2		      STA	pfscore1
   3787  1c08				   .L0265		;;line 712;;  goto __done
   3788  1c08
   3789  1c08		       4c bc dc 	      jmp	.__done
   3790  1c0b				   .
   3791  1c0b							;;line 713;;
   3792  1c0b
   3793  1c0b				   .__change_level
   3794  1c0b							;;line 714;; __change_level
   3795  1c0b
   3796  1c0b				   .L0266		;;line 715;;  _level = _level + 1
   3797  1c0b
   3798  1c0b		       e6 d5		      INC	_level
   3799  1c0d				   .L0267		;;line 716;;  if _speed < 2 then goto __skip_to_change
   3800  1c0d
   3801  1c0d		       a5 da		      LDA	_speed
   3802  1c0f		       c9 02		      CMP	#2
   3803  1c11		       b0 03		      BCS	.skipL0267
   3804  1c13				   .condpart174
   3805  1c13		       4c 1d dc 	      jmp	.__skip_to_change
   3806  1c16				   .skipL0267
   3807  1c16				   .L0268		;;line 717;;  _speed = _speed - 2
   3808  1c16
   3809  1c16		       a5 da		      LDA	_speed
   3810  1c18		       38		      SEC
   3811  1c19		       e9 02		      SBC	#2
   3812  1c1b		       85 da		      STA	_speed
   3813  1c1d				   .
   3814  1c1d							;;line 718;;
   3815  1c1d
   3816  1c1d				   .__skip_to_change
   3817  1c1d							;;line 719;; __skip_to_change
   3818  1c1d
   3819  1c1d				   .L0269		;;line 720;;  pfscorecolor = $08
   3820  1c1d
   3821  1c1d		       a9 08		      LDA	#$08
   3822  1c1f		       85 f4		      STA	pfscorecolor
   3823  1c21				   .L0270		;;line 721;;  scorecolor =  ( scorecolor  +  $10 )   &  $F0
   3824  1c21
   3825  1c21							; complex statement detected
   3826  1c21		       a5 a3		      LDA	scorecolor
   3827  1c23		       18		      CLC
   3828  1c24		       69 10		      ADC	#$10
   3829  1c26		       29 f0		      AND	#$F0
   3830  1c28		       85 a3		      STA	scorecolor
   3831  1c2a				   .L0271		;;line 722;;  pfscore1 = %11111111
   3832  1c2a
   3833  1c2a		       a9 ff		      LDA	#%11111111
   3834  1c2c		       85 f2		      STA	pfscore1
   3835  1c2e				   .L0272		;;line 723;;  pfscore2 = %10101010
   3836  1c2e
   3837  1c2e		       a9 aa		      LDA	#%10101010
   3838  1c30		       85 f3		      STA	pfscore2
   3839  1c32				   .L0273		;;line 724;;  bally = 200
   3840  1c32
   3841  1c32		       a9 c8		      LDA	#200
   3842  1c34		       85 89		      STA	bally
   3843  1c36				   .L0274		;;line 725;;  missile0y = 200
   3844  1c36
   3845  1c36		       a9 c8		      LDA	#200
   3846  1c38		       85 91		      STA	missile0y
   3847  1c3a				   .L0275		;;line 726;;  player0x = 10 : player0y = 64
   3848  1c3a
   3849  1c3a		       a9 0a		      LDA	#10
   3850  1c3c		       85 80		      STA	player0x
   3851  1c3e		       a9 40		      LDA	#64
   3852  1c40		       85 85		      STA	player0y
   3853  1c42				   .L0276		;;line 727;;  _b5_enablePalyer1{5} = 1
   3854  1c42
   3855  1c42		       a5 de		      LDA	_b5_enablePalyer1
   3856  1c44		       09 20		      ORA	#32
   3857  1c46		       85 de		      STA	_b5_enablePalyer1
   3858  1c48				   .L0277		;;line 728;;  _b7_gameMissile0Moving{7} = 0
   3859  1c48
   3860  1c48		       a5 de		      LDA	_b7_gameMissile0Moving
   3861  1c4a		       29 7f		      AND	#127
   3862  1c4c		       85 de		      STA	_b7_gameMissile0Moving
   3863  1c4e				   .L0278		;;line 729;;  _choco_count = 0
   3864  1c4e
   3865  1c4e		       a9 00		      LDA	#0
   3866  1c50		       85 e7		      STA	_choco_count
   3867  1c52				   .L0279		;;line 730;;  _choco_bits = 0	:  _prevSugarBit = 0  :  _hasKey = 0
   3868  1c52
   3869  1c52		       a9 00		      LDA	#0
   3870  1c54		       85 d8		      STA	_choco_bits
   3871  1c56		       85 e4		      STA	_prevSugarBit
   3872  1c58		       85 ed		      STA	_hasKey
   3873  1c5a				   .L0280		;;line 731;;  _pushCol = _Push_Start
   3874  1c5a
   3875  1c5a		       a9 0c		      LDA	#_Push_Start
   3876  1c5c		       85 e6		      STA	_pushCol
   3877  1c5e				   .L0281		;;line 732;;  _mouth0x = 20  :  _mouth0y = 8  :  _mouth1x = 140  :  _mouth1y = 90
   3878  1c5e
   3879  1c5e		       a9 14		      LDA	#20
   3880  1c60		       85 d9		      STA	_mouth0x
   3881  1c62		       a9 08		      LDA	#8
   3882  1c64		       85 db		      STA	_mouth0y
   3883  1c66		       a9 8c		      LDA	#140
   3884  1c68		       85 df		      STA	_mouth1x
   3885  1c6a		       a9 5a		      LDA	#90
   3886  1c6c		       85 e2		      STA	_mouth1y
   3887  1c6e				   .
   3888  1c6e							;;line 733;;
   3889  1c6e
   3890  1c6e				   .L0282		;;line 734;;  _b4_enableLight{4} = 1
   3891  1c6e
   3892  1c6e		       a5 de		      LDA	_b4_enableLight
   3893  1c70		       09 10		      ORA	#16
   3894  1c72		       85 de		      STA	_b4_enableLight
   3895  1c74				   .L0283		;;line 735;;  if _level = 5 then _b4_enableLight{4} = 0
   3896  1c74
   3897  1c74		       a5 d5		      LDA	_level
   3898  1c76		       c9 05		      CMP	#5
   3899  1c78		       d0 06		      BNE	.skipL0283
   3900  1c7a				   .condpart175
   3901  1c7a		       a5 de		      LDA	_b4_enableLight
   3902  1c7c		       29 ef		      AND	#239
   3903  1c7e		       85 de		      STA	_b4_enableLight
   3904  1c80				   .skipL0283
   3905  1c80				   .L0284		;;line 736;;  _seconds_counter = 0
   3906  1c80
   3907  1c80		       a9 00		      LDA	#0
   3908  1c82		       85 d7		      STA	_seconds_counter
   3909  1c84				   .L0285		;;line 737;;  pfclear
   3910  1c84
   3911  1c84		       a9 00		      LDA	#0
   3912  1c86		       85 ee		      sta	temp7
   3913  1c88		       a9 dc		      lda	#>(ret_point21-1)
   3914  1c8a		       48		      pha
   3915  1c8b		       a9 9d		      lda	#<(ret_point21-1)
   3916  1c8d		       48		      pha
   3917  1c8e		       a9 f2		      lda	#>(pfclear-1)
   3918  1c90		       48		      pha
   3919  1c91		       a9 8f		      lda	#<(pfclear-1)
   3920  1c93		       48		      pha
   3921  1c94		       a5 ee		      lda	temp7
   3922  1c96		       48		      pha
   3923  1c97		       8a		      txa
   3924  1c98		       48		      pha
   3925  1c99		       a2 02		      ldx	#2
   3926  1c9b		       4c eb ff 	      jmp	BS_jsr
   3927  1c9e				   ret_point21
   3928  1c9e				   .
   3929  1c9e							;;line 738;;
   3930  1c9e
   3931  1c9e				   .L0286		;;line 739;;  if _level  <  6 then gosub __load_level bank2
   3932  1c9e
   3933  1c9e		       a5 d5		      LDA	_level
   3934  1ca0		       c9 06		      CMP	#6
   3935  1ca2		       b0 18		      BCS	.skipL0286
   3936  1ca4				   .condpart176
   3937  1ca4		       85 ee		      sta	temp7
   3938  1ca6		       a9 dc		      lda	#>(ret_point22-1)
   3939  1ca8		       48		      pha
   3940  1ca9		       a9 bb		      lda	#<(ret_point22-1)
   3941  1cab		       48		      pha
   3942  1cac		       a9 f4		      lda	#>(.__load_level-1)
   3943  1cae		       48		      pha
   3944  1caf		       a9 d7		      lda	#<(.__load_level-1)
   3945  1cb1		       48		      pha
   3946  1cb2		       a5 ee		      lda	temp7
   3947  1cb4		       48		      pha
   3948  1cb5		       8a		      txa
   3949  1cb6		       48		      pha
   3950  1cb7		       a2 02		      ldx	#2
   3951  1cb9		       4c eb ff 	      jmp	BS_jsr
   3952  1cbc				   ret_point22
   3953  1cbc				   .skipL0286
   3954  1cbc				   .
   3955  1cbc							;;line 740;;
   3956  1cbc
   3957  1cbc				   .__done
   3958  1cbc							;;line 741;; __done
   3959  1cbc
   3960  1cbc				   .
   3961  1cbc							;;line 742;;
   3962  1cbc
   3963  1cbc				   .L0287		;;line 743;;  drawscreen
   3964  1cbc
   3965  1cbc		       85 ee		      sta	temp7
   3966  1cbe		       a9 dc		      lda	#>(ret_point23-1)
   3967  1cc0		       48		      pha
   3968  1cc1		       a9 d3		      lda	#<(ret_point23-1)
   3969  1cc3		       48		      pha
   3970  1cc4		       a9 f4		      lda	#>(drawscreen-1)
   3971  1cc6		       48		      pha
   3972  1cc7		       a9 37		      lda	#<(drawscreen-1)
   3973  1cc9		       48		      pha
   3974  1cca		       a5 ee		      lda	temp7
   3975  1ccc		       48		      pha
   3976  1ccd		       8a		      txa
   3977  1cce		       48		      pha
   3978  1ccf		       a2 02		      ldx	#2
   3979  1cd1		       4c eb ff 	      jmp	BS_jsr
   3980  1cd4				   ret_point23
   3981  1cd4				   .L0288		;;line 744;;  goto __main_loop
   3982  1cd4
   3983  1cd4		       4c c9 d0 	      jmp	.__main_loop
   3984  1cd7				   .
   3985  1cd7							;;line 745;;
   3986  1cd7
   3987  1cd7				   .
   3988  1cd7							;;line 746;;
   3989  1cd7
   3990  1cd7				   .
   3991  1cd7							;;line 747;;
   3992  1cd7
   3993  1cd7				   .
   3994  1cd7							;;line 748;;
   3995  1cd7
   3996  1cd7				   .
   3997  1cd7							;;line 749;;
   3998  1cd7
   3999  1cd7				   .
   4000  1cd7							;;line 750;;
   4001  1cd7
   4002  1cd7				   .
   4003  1cd7							;;line 751;;
   4004  1cd7
   4005  1cd7				   .L0289		;;line 752;;  data mouthcolors
   4006  1cd7
   4007  1cd7		       4c dc dc 	      JMP	.skipL0289
   4008  1cda				   mouthcolors
   4009  1cda		       48 6a		      .byte.b	$48, $6A
   4010  1cdc
   4011  1cdc				   .skipL0289
   4012  1cdc				   .
   4013  1cdc							;;line 755;;
   4014  1cdc
   4015  1cdc				   .
   4016  1cdc							;;line 756;;
   4017  1cdc
   4018  1cdc				   .
   4019  1cdc							;;line 757;;
   4020  1cdc
   4021  1cdc				   .
   4022  1cdc							;;line 758;;
   4023  1cdc
   4024  1cdc				   .
   4025  1cdc							;;line 759;;
   4026  1cdc
   4027  1cdc				   .
   4028  1cdc							;;line 760;;
   4029  1cdc
   4030  1cdc				   .
   4031  1cdc							;;line 761;;
   4032  1cdc
   4033  1cdc				   .
   4034  1cdc							;;line 762;;
   4035  1cdc
   4036  1cdc				   .
   4037  1cdc							;;line 763;;
   4038  1cdc
   4039  1cdc				   .
   4040  1cdc							;;line 764;;
   4041  1cdc
   4042  1cdc				   .
   4043  1cdc							;;line 765;;
   4044  1cdc
   4045  1cdc				   .
   4046  1cdc							;;line 766;;
   4047  1cdc
   4048  1cdc				   .
   4049  1cdc							;;line 767;;
   4050  1cdc
   4051  1cdc				   .
   4052  1cdc							;;line 768;;
   4053  1cdc
   4054  1cdc				   .
   4055  1cdc							;;line 769;;
   4056  1cdc
   4057  1cdc				   .L0290		;;line 770;;  data sugar
   4058  1cdc
   4059  1cdc		       4c 07 dd 	      JMP	.skipL0290
   4060  1cdf				   sugar
   4061  1cdf		       00 0a 12 18*	      .byte.b	0, 10, 18, 24, 34, 50, 48, 56
   4062  1ce7
   4063  1ce7		       00 08 10 18*	      .byte.b	0, 8, 16, 24, 10, 48, 50, 58
   4064  1cef
   4065  1cef		       1f 08 09 18*	      .byte.b	31, 8, 9, 24, 1, 56, 48, 61
   4066  1cf7
   4067  1cf7		       21 08 12 1e*	      .byte.b	33, 8, 18, 30, 39, 56, 48, 58
   4068  1cff
   4069  1cff		       00 08 12 1f*	      .byte.b	0, 8, 18, 31, 38, 32, 48, 56
   4070  1d07
   4071  1d07				   .skipL0290
   4072  1d07				   .
   4073  1d07							;;line 778;;
   4074  1d07
   4075  1d07				   .L0291		;;line 779;;  data jingle
   4076  1d07
   4077  1d07		       4c 1e dd 	      JMP	.skipL0291
   4078  1d0a				   jingle
   4079  1d0a		       1e 1c 1a 18*	      .byte.b	30, 28, 26, 24, 22, 20, 18, 16, 18, 20, 22, 24, 26, 28, 30, 28, 26, 24, 22, 20
   4080  1d1e
   4081  1d1e				   .skipL0291
   4082  1d1e				   .L0292		;;line 782;;  data melody
   4083  1d1e
   4084  1d1e		       4c 35 dd 	      JMP	.skipL0292
   4085  1d21				   melody
   4086  1d21		       10 12 10 14*	      .byte.b	16, 18, 16, 20, 18, 20, 22, 20, 18, 16, 18, 20, 22, 20, 18, 16, 18, 16, 20, 22
   4087  1d35
   4088  1d35				   .skipL0292
   4089  1d35				   .
   4090  1d35							;;line 785;;
   4091  1d35
   4092  1d35				   .L0293		;;line 786;;  macro sound
   4093  1d35
   4094  1d35					      MAC	sound
   4095  1d35				   .L0294		;;line 787;;  AUDV1 = {1}
   4096  1d35
   4097  1d35					      LDA	{1}
   4098  1d35					      STA	AUDV1
   4099  1d35				   .L0295		;;line 788;;  AUDF1 = {3}
   4100  1d35
   4101  1d35					      LDA	{3}
   4102  1d35					      STA	AUDF1
   4103  1d35					      ENDM
   4104  1d35				   .
   4105  1d35							;;line 790;;
   4106  1d35
   4107  1d35				   .
   4108  1d35							;;line 791;;
   4109  1d35
   4110  1d35				   .
   4111  1d35							;;line 792;;
   4112  1d35
   4113  1d35				   .
   4114  1d35							;;line 793;;
   4115  1d35
   4116  1d35				   .
   4117  1d35							;;line 794;;
   4118  1d35
   4119  1d35				   .
   4120  1d35							;;line 795;;
   4121  1d35
   4122  1d35				   .L0296		;;line 796;;  bank 2
   4123  1d35
   4124  1d35					      if	ECHO1
      671 bytes of ROM space left in bank 1
   4125  1d35					      echo	"    ",[(start_bank1 - *)]d , "bytes of ROM space left in bank 1")
   4126  1d35					      endif
   4127  1d35		       00 01	   ECHO1      =	1
   4128  1fd4					      ORG	$1FF4-bscode_length
   4129  1fd4					      RORG	$DFF4-bscode_length
   4130  1fd4		       a2 ff	   start_bank1 ldx	#$ff
   4131  1fd6				  -	      ifconst	FASTFETCH	; using DPC+
   4132  1fd6				  -	      stx	FASTFETCH
   4133  1fd6					      endif
   4134  1fd6		       9a		      txs
   4135  1fd7				  -	      if	bankswitch == 64
   4136  1fd7				  -	      lda	#(((>(start-1)) & $0F) | $F0)
   4137  1fd7					      else
   4138  1fd7		       a9 f2		      lda	#>(start-1)
   4139  1fd9					      endif
   4140  1fd9		       48		      pha
   4141  1fda		       a9 51		      lda	#<(start-1)
   4142  1fdc		       48		      pha
   4143  1fdd		       48		      pha
   4144  1fde		       8a		      txa
   4145  1fdf		       48		      pha
   4146  1fe0		       ba		      tsx
   4147  1fe1					      if	bankswitch != 64
   4148  1fe1		       b5 04		      lda	4,x	; get high byte of return address
   4149  1fe3		       2a		      rol
   4150  1fe4		       2a		      rol
   4151  1fe5		       2a		      rol
   4152  1fe6		       2a		      rol
   4153  1fe7		       29 01		      and	#bs_mask	;1 3 or 7 for F8/F6/F4
   4154  1fe9		       aa		      tax
   4155  1fea		       e8		      inx
   4156  1feb				  -	      else
   4157  1feb				  -	      lda	4,x	; get high byte of return address
   4158  1feb				  -	      tay
   4159  1feb				  -	      ora	#$10	; change our bank nibble into a valid rom mirror
   4160  1feb				  -	      sta	4,x
   4161  1feb				  -	      tya
   4162  1feb				  -	      lsr
   4163  1feb				  -	      lsr
   4164  1feb				  -	      lsr
   4165  1feb				  -	      lsr
   4166  1feb				  -	      tax
   4167  1feb				  -	      inx
   4168  1feb					      endif
   4169  1feb		       bd f7 1f 	      lda	bankswitch_hotspot-1,x
   4170  1fee		       68		      pla
   4171  1fef		       aa		      tax
   4172  1ff0		       68		      pla
   4173  1ff1		       60		      rts
   4174  1ff2				  -	      if	((* & $1FFF) > ((bankswitch_hotspot & $1FFF) - 1))
   4175  1ff2				  -	      echo	"WARNING: size parameter in banksw.asm too small - the program probably will not work."
   4176  1ff2				  -	      echo	"Change to",[(*-begin_bscode+1)&$FF]d,"and try again."
   4177  1ff2					      endif
   4178  1ffc					      ORG	$1FFC
   4179  1ffc					      RORG	$DFFC
   4180  1ffc		       d4 df		      .word.w	(start_bank1 & $ffff)
   4181  1ffe		       d4 df		      .word.w	(start_bank1 & $ffff)
   4182  2000					      ORG	$2000
   4183  2000					      RORG	$F000
   4184  2000							; Provided under the CC0 license. See the included LICENSE.txt for details.
   4185  2000
   4186  2000							; This is a 2-line kernel!
   4187  2000					      ifnconst	vertical_reflect
   4188  2000				   kernel
   4189  2000					      endif
   4190  2000		       85 02		      sta	WSYNC
   4191  2002		       a9 ff		      lda	#255
   4192  2004		       8d 96 02 	      sta	TIM64T
   4193  2007
   4194  2007		       a9 01		      lda	#1
   4195  2009		       85 27		      sta	VDELBL
   4196  200b		       85 25		      sta	VDELP0
   4197  200d		       a6 92		      ldx	ballheight
   4198  200f		       e8		      inx
   4199  2010		       e8		      inx
   4200  2011		       86 9f		      stx	temp4
   4201  2013		       a5 86		      lda	player1y
   4202  2015		       85 9e		      sta	temp3
   4203  2017
   4204  2017				  -	      ifconst	shakescreen
   4205  2017				  -	      jsr	doshakescreen
   4206  2017					      else
   4207  2017		       a6 90		      ldx	missile0height
   4208  2019		       e8		      inx
   4209  201a					      endif
   4210  201a
   4211  201a		       e8		      inx
   4212  201b		       86 f6		      stx	stack1
   4213  201d
   4214  201d		       a5 89		      lda	bally
   4215  201f		       85 f7		      sta	stack2
   4216  2021
   4217  2021		       a5 85		      lda	player0y
   4218  2023		       a2 00		      ldx	#0
   4219  2025		       85 02		      sta	WSYNC
   4220  2027		       86 1b		      stx	GRP0
   4221  2029		       86 1c		      stx	GRP1
   4222  202b		       86 0e		      stx	PF1L
   4223  202d		       86 0f		      stx	PF2
   4224  202f		       86 2c		      stx	CXCLR
   4225  2031				  -	      ifconst	readpaddle
   4226  2031				  -	      stx	paddle
   4227  2031					      else
      0  2031					      sleep	3
      1  2031				   .CYCLES    SET	3
      2  2031
      3  2031				  -	      IF	.CYCLES < 2
      4  2031				  -	      ECHO	"MACRO ERROR: 'SLEEP': Duration must be > 1"
      5  2031				  -	      ERR
      6  2031					      ENDIF
      7  2031
      8  2031					      IF	.CYCLES & 1
      9  2031					      IFNCONST	NO_ILLEGAL_OPCODES
     10  2031		       04 00		      nop	0
     11  2033				  -	      ELSE
     12  2033				  -	      bit	VSYNC
     13  2033					      ENDIF
     14  2033				   .CYCLES    SET	.CYCLES - 3
     15  2033					      ENDIF
     16  2033
     17  2033				  -	      REPEAT	.CYCLES / 2
     18  2033				  -	      nop
     19  2033					      REPEND
   4229  2033					      endif
   4230  2033
   4231  2033		       95 9d		      sta	temp2,x
   4232  2035
   4233  2035							;store these so they can be retrieved later
   4234  2035					      ifnconst	pfres
   4235  2035		       a2 54		      ldx	#128-44+(4-pfwidth)*12
   4236  2037				  -	      else
   4237  2037				  -	      ldx	#132-pfres*pfwidth
   4238  2037					      endif
   4239  2037
   4240  2037		       c6 85		      dec	player0y
   4241  2039
   4242  2039		       a5 91		      lda	missile0y
   4243  203b		       85 a0		      sta	temp5
   4244  203d		       a5 88		      lda	missile1y
   4245  203f		       85 a1		      sta	temp6
   4246  2041
   4247  2041		       a5 ef		      lda	playfieldpos
   4248  2043		       85 9c		      sta	temp1
   4249  2045
   4250  2045				  -	      ifconst	pfrowheight
   4251  2045				  -	      lda	#pfrowheight+2
   4252  2045					      else
   4253  2045					      ifnconst	pfres
   4254  2045		       a9 0a		      lda	#10
   4255  2047				  -	      else
   4256  2047				  -	      lda	#(96/pfres)+2	; try to come close to the real size
   4257  2047					      endif
   4258  2047					      endif
   4259  2047		       18		      clc
   4260  2048		       e5 ef		      sbc	playfieldpos
   4261  204a		       85 ef		      sta	playfieldpos
   4262  204c		       4c 74 f0 	      jmp	.startkernel
   4263  204f
   4264  204f				   .skipDrawP0
   4265  204f		       a9 00		      lda	#0
   4266  2051		       a8		      tay
   4267  2052		       4c a2 f0 	      jmp	.continueP0
   4268  2055
   4269  2055				   .skipDrawP1
   4270  2055		       a9 00		      lda	#0
   4271  2057		       a8		      tay
   4272  2058		       4c 7e f0 	      jmp	.continueP1
   4273  205b
   4274  205b				   .kerloop		; enter at cycle 59??
   4275  205b
   4276  205b				   continuekernel
      0  205b					      sleep	2
      1  205b				   .CYCLES    SET	2
      2  205b
      3  205b				  -	      IF	.CYCLES < 2
      4  205b				  -	      ECHO	"MACRO ERROR: 'SLEEP': Duration must be > 1"
      5  205b				  -	      ERR
      6  205b					      ENDIF
      7  205b
      8  205b				  -	      IF	.CYCLES & 1
      9  205b				  -	      IFNCONST	NO_ILLEGAL_OPCODES
     10  205b				  -	      nop	0
     11  205b				  -	      ELSE
     12  205b				  -	      bit	VSYNC
     13  205b				  -	      ENDIF
     14  205b				  -.CYCLES    SET	.CYCLES - 3
     15  205b					      ENDIF
     16  205b
     17  205b					      REPEAT	.CYCLES / 2
     18  205b		       ea		      nop
     19  205c					      REPEND
   4278  205c				   continuekernel2
   4279  205c		       a5 92		      lda	ballheight
   4280  205e
   4281  205e				  -	      ifconst	pfres
   4282  205e				  -	      ldy	playfield+pfres*pfwidth-132,x
   4283  205e				  -	      sty	PF1L	;3
   4284  205e				  -	      ldy	playfield+pfres*pfwidth-131-pfadjust,x
   4285  205e				  -	      sty	PF2L	;3
   4286  205e				  -	      ldy	playfield+pfres*pfwidth-129,x
   4287  205e				  -	      sty	PF1R	; 3 too early?
   4288  205e				  -	      ldy	playfield+pfres*pfwidth-130-pfadjust,x
   4289  205e				  -	      sty	PF2R	;3
   4290  205e					      else
   4291  205e		       b4 50		      ldy	playfield-48+pfwidth*12+44-128,x
   4292  2060		       84 0e		      sty	PF1L	;3
   4293  2062		       b4 51		      ldy	playfield-48+pfwidth*12+45-128-pfadjust,x	;4
   4294  2064		       84 0f		      sty	PF2L	;3
   4295  2066		       b4 53		      ldy	playfield-48+pfwidth*12+47-128,x	;4
   4296  2068		       84 0e		      sty	PF1R	; 3 too early?
   4297  206a		       b4 52		      ldy	playfield-48+pfwidth*12+46-128-pfadjust,x	;4
   4298  206c		       84 0f		      sty	PF2R	;3
   4299  206e					      endif
   4300  206e
   4301  206e							; should be playfield+$38 for width=2
   4302  206e
   4303  206e		       c7 89		      dcp	bally
   4304  2070		       2a		      rol
   4305  2071		       2a		      rol
   4306  2072							; rol
   4307  2072							; rol
   4308  2072				   goback
   4309  2072		       85 1f		      sta	ENABL
   4310  2074				   .startkernel
   4311  2074		       a5 8f		      lda	player1height	;3
   4312  2076		       c7 86		      dcp	player1y	;5
   4313  2078		       90 db		      bcc	.skipDrawP1	;2
   4314  207a		       a4 86		      ldy	player1y	;3
   4315  207c		       b1 8c		      lda	(player1pointer),y	;5; player0pointer must be selected carefully by the compiler
   4316  207e							; so it doesn't cross a page boundary!
   4317  207e
   4318  207e				   .continueP1
   4319  207e		       85 1c		      sta	GRP1	;3
   4320  2080
   4321  2080					      ifnconst	player1colors
   4322  2080		       a5 87		      lda	missile1height	;3
   4323  2082		       c7 88		      dcp	missile1y	;5
   4324  2084		       2a		      rol		;2
   4325  2085		       2a		      rol		;2
   4326  2086		       85 1e		      sta	ENAM1	;3
   4327  2088				  -	      else
   4328  2088				  -	      lda	(player1color),y
   4329  2088				  -	      sta	COLUP1
   4330  2088				  -	      ifnconst	playercolors
   4331  2088				  -	      sleep	7
   4332  2088				  -	      else
   4333  2088				  -	      lda.w	player0colorstore
   4334  2088				  -	      sta	COLUP0
   4335  2088				  -	      endif
   4336  2088					      endif
   4337  2088
   4338  2088				  -	      ifconst	pfres
   4339  2088				  -	      lda	playfield+pfres*pfwidth-132,x
   4340  2088				  -	      sta	PF1L	;3
   4341  2088				  -	      lda	playfield+pfres*pfwidth-131-pfadjust,x
   4342  2088				  -	      sta	PF2L	;3
   4343  2088				  -	      lda	playfield+pfres*pfwidth-129,x
   4344  2088				  -	      sta	PF1R	; 3 too early?
   4345  2088				  -	      lda	playfield+pfres*pfwidth-130-pfadjust,x
   4346  2088				  -	      sta	PF2R	;3
   4347  2088					      else
   4348  2088		       b5 50		      lda	playfield-48+pfwidth*12+44-128,x	;4
   4349  208a		       85 0e		      sta	PF1L	;3
   4350  208c		       b5 51		      lda	playfield-48+pfwidth*12+45-128-pfadjust,x	;4
   4351  208e		       85 0f		      sta	PF2L	;3
   4352  2090		       b5 53		      lda	playfield-48+pfwidth*12+47-128,x	;4
   4353  2092		       85 0e		      sta	PF1R	; 3 too early?
   4354  2094		       b5 52		      lda	playfield-48+pfwidth*12+46-128-pfadjust,x	;4
   4355  2096		       85 0f		      sta	PF2R	;3
   4356  2098					      endif
   4357  2098							; sleep 3
   4358  2098
   4359  2098		       a5 8e		      lda	player0height
   4360  209a		       c7 85		      dcp	player0y
   4361  209c		       90 b1		      bcc	.skipDrawP0
   4362  209e		       a4 85		      ldy	player0y
   4363  20a0		       b1 8a		      lda	(player0pointer),y
   4364  20a2				   .continueP0
   4365  20a2		       85 1b		      sta	GRP0
   4366  20a4
   4367  20a4					      ifnconst	no_blank_lines
   4368  20a4					      ifnconst	playercolors
   4369  20a4		       a5 90		      lda	missile0height	;3
   4370  20a6		       c7 91		      dcp	missile0y	;5
   4371  20a8		       e5 f6		      sbc	stack1
   4372  20aa		       85 1d		      sta	ENAM0	;3
   4373  20ac				  -	      else
   4374  20ac				  -	      lda	(player0color),y
   4375  20ac				  -	      sta	player0colorstore
   4376  20ac				  -	      sleep	6
   4377  20ac					      endif
   4378  20ac		       c6 9c		      dec	temp1
   4379  20ae		       d0 ab		      bne	continuekernel
   4380  20b0				  -	      else
   4381  20b0				  -	      dec	temp1
   4382  20b0				  -	      beq	altkernel2
   4383  20b0				  -	      ifconst	readpaddle
   4384  20b0				  -	      ldy	currentpaddle
   4385  20b0				  -	      lda	INPT0,y
   4386  20b0				  -	      bpl	noreadpaddle
   4387  20b0				  -	      inc	paddle
   4388  20b0				  -	      jmp	continuekernel2
   4389  20b0				  -noreadpaddle
   4390  20b0				  -	      sleep	2
   4391  20b0				  -	      jmp	continuekernel
   4392  20b0				  -	      else
   4393  20b0				  -	      ifnconst	playercolors
   4394  20b0				  -	      ifconst	PFcolors
   4395  20b0				  -	      txa
   4396  20b0				  -	      tay
   4397  20b0				  -	      lda	(pfcolortable),y
   4398  20b0				  -	      ifnconst	backgroundchange
   4399  20b0				  -	      sta	COLUPF
   4400  20b0				  -	      else
   4401  20b0				  -	      sta	COLUBK
   4402  20b0				  -	      endif
   4403  20b0				  -	      jmp	continuekernel
   4404  20b0				  -	      else
   4405  20b0				  -	      ifconst	kernelmacrodef
   4406  20b0				  -	      kernelmacro
   4407  20b0				  -	      else
   4408  20b0				  -	      sleep	12
   4409  20b0				  -	      endif
   4410  20b0				  -	      endif
   4411  20b0				  -	      else
   4412  20b0				  -	      lda	(player0color),y
   4413  20b0				  -	      sta	player0colorstore
   4414  20b0				  -	      sleep	4
   4415  20b0				  -	      endif
   4416  20b0				  -	      jmp	continuekernel
   4417  20b0				  -	      endif
   4418  20b0				  -altkernel2
   4419  20b0				  -	      txa
   4420  20b0				  -	      ifnconst	vertical_reflect
   4421  20b0				  -	      sbx	#256-pfwidth
   4422  20b0				  -	      else
   4423  20b0				  -	      sbx	#256-pfwidth/2
   4424  20b0				  -	      endif
   4425  20b0				  -	      bmi	lastkernelline
   4426  20b0				  -	      ifconst	pfrowheight
   4427  20b0				  -	      lda	#pfrowheight
   4428  20b0				  -	      else
   4429  20b0				  -	      ifnconst	pfres
   4430  20b0				  -	      lda	#8
   4431  20b0				  -	      else
   4432  20b0				  -	      lda	#(96/pfres)	; try to come close to the real size
   4433  20b0				  -	      endif
   4434  20b0				  -	      endif
   4435  20b0				  -	      sta	temp1
   4436  20b0				  -	      jmp	continuekernel
   4437  20b0					      endif
   4438  20b0
   4439  20b0				   altkernel
   4440  20b0
   4441  20b0				  -	      ifconst	PFmaskvalue
   4442  20b0				  -	      lda	#PFmaskvalue
   4443  20b0					      else
   4444  20b0		       a9 00		      lda	#0
   4445  20b2					      endif
   4446  20b2		       85 0e		      sta	PF1L
   4447  20b4		       85 0f		      sta	PF2
   4448  20b6
   4449  20b6
   4450  20b6							;sleep 3
   4451  20b6
   4452  20b6							;28 cycles to fix things
   4453  20b6							;minus 11=17
   4454  20b6
   4455  20b6							; lax temp4
   4456  20b6							; clc
   4457  20b6		       8a		      txa
   4458  20b7					      ifnconst	vertical_reflect
   4459  20b7		       cb fc		      sbx	#256-pfwidth
   4460  20b9				  -	      else
   4461  20b9				  -	      sbx	#256-pfwidth/2
   4462  20b9					      endif
   4463  20b9
   4464  20b9		       30 12		      bmi	lastkernelline
   4465  20bb
   4466  20bb				  -	      ifconst	PFcolorandheight
   4467  20bb				  -	      ifconst	pfres
   4468  20bb				  -	      ldy	playfieldcolorandheight-131+pfres*pfwidth,x
   4469  20bb				  -	      else
   4470  20bb				  -	      ldy	playfieldcolorandheight-87,x
   4471  20bb				  -	      endif
   4472  20bb				  -	      ifnconst	backgroundchange
   4473  20bb				  -	      sty	COLUPF
   4474  20bb				  -	      else
   4475  20bb				  -	      sty	COLUBK
   4476  20bb				  -	      endif
   4477  20bb				  -	      ifconst	pfres
   4478  20bb				  -	      lda	playfieldcolorandheight-132+pfres*pfwidth,x
   4479  20bb				  -	      else
   4480  20bb				  -	      lda	playfieldcolorandheight-88,x
   4481  20bb				  -	      endif
   4482  20bb				  -	      sta.w	temp1
   4483  20bb					      endif
   4484  20bb				  -	      ifconst	PFheights
   4485  20bb				  -	      lsr
   4486  20bb				  -	      lsr
   4487  20bb				  -	      tay
   4488  20bb				  -	      lda	(pfheighttable),y
   4489  20bb				  -	      sta.w	temp1
   4490  20bb					      endif
   4491  20bb					      ifconst	PFcolors
   4492  20bb		       a8		      tay
   4493  20bc		       b1 f0		      lda	(pfcolortable),y
   4494  20be					      ifnconst	backgroundchange
   4495  20be		       85 08		      sta	COLUPF
   4496  20c0				  -	      else
   4497  20c0				  -	      sta	COLUBK
   4498  20c0					      endif
   4499  20c0				  -	      ifconst	pfrowheight
   4500  20c0				  -	      lda	#pfrowheight
   4501  20c0					      else
   4502  20c0					      ifnconst	pfres
   4503  20c0		       a9 08		      lda	#8
   4504  20c2				  -	      else
   4505  20c2				  -	      lda	#(96/pfres)	; try to come close to the real size
   4506  20c2					      endif
   4507  20c2					      endif
   4508  20c2		       85 9c		      sta	temp1
   4509  20c4					      endif
   4510  20c4					      ifnconst	PFcolorandheight
   4511  20c4				  -	      ifnconst	PFcolors
   4512  20c4				  -	      ifnconst	PFheights
   4513  20c4				  -	      ifnconst	no_blank_lines
   4514  20c4				  -			; read paddle 0
   4515  20c4				  -			; lo-res paddle read
   4516  20c4				  -			; bit INPT0
   4517  20c4				  -			; bmi paddleskipread
   4518  20c4				  -			; inc paddle0
   4519  20c4				  -			;donepaddleskip
   4520  20c4				  -	      sleep	10
   4521  20c4				  -	      ifconst	pfrowheight
   4522  20c4				  -	      lda	#pfrowheight
   4523  20c4				  -	      else
   4524  20c4				  -	      ifnconst	pfres
   4525  20c4				  -	      lda	#8
   4526  20c4				  -	      else
   4527  20c4				  -	      lda	#(96/pfres)	; try to come close to the real size
   4528  20c4				  -	      endif
   4529  20c4				  -	      endif
   4530  20c4				  -	      sta	temp1
   4531  20c4				  -	      endif
   4532  20c4				  -	      endif
   4533  20c4					      endif
   4534  20c4					      endif
   4535  20c4
   4536  20c4
   4537  20c4		       a5 92		      lda	ballheight
   4538  20c6		       c7 89		      dcp	bally
   4539  20c8		       e5 9f		      sbc	temp4
   4540  20ca
   4541  20ca
   4542  20ca		       4c 72 f0 	      jmp	goback
   4543  20cd
   4544  20cd
   4545  20cd					      ifnconst	no_blank_lines
   4546  20cd				   lastkernelline
   4547  20cd				  -	      ifnconst	PFcolors
   4548  20cd				  -	      sleep	10
   4549  20cd					      else
   4550  20cd		       a0 7c		      ldy	#124
   4551  20cf		       b1 f0		      lda	(pfcolortable),y
   4552  20d1		       85 08		      sta	COLUPF
   4553  20d3					      endif
   4554  20d3
   4555  20d3				  -	      ifconst	PFheights
   4556  20d3				  -	      ldx	#1
   4557  20d3				  -			;sleep 4
   4558  20d3				  -	      sleep	3	; this was over 1 cycle
   4559  20d3					      else
   4560  20d3		       a6 ef		      ldx	playfieldpos
   4561  20d5							;sleep 3
      0  20d5					      sleep	2	; this was over 1 cycle
      1  20d5				   .CYCLES    SET	2
      2  20d5
      3  20d5				  -	      IF	.CYCLES < 2
      4  20d5				  -	      ECHO	"MACRO ERROR: 'SLEEP': Duration must be > 1"
      5  20d5				  -	      ERR
      6  20d5					      ENDIF
      7  20d5
      8  20d5				  -	      IF	.CYCLES & 1
      9  20d5				  -	      IFNCONST	NO_ILLEGAL_OPCODES
     10  20d5				  -	      nop	0
     11  20d5				  -	      ELSE
     12  20d5				  -	      bit	VSYNC
     13  20d5				  -	      ENDIF
     14  20d5				  -.CYCLES    SET	.CYCLES - 3
     15  20d5					      ENDIF
     16  20d5
     17  20d5					      REPEAT	.CYCLES / 2
     18  20d5		       ea		      nop
     19  20d6					      REPEND
   4563  20d6					      endif
   4564  20d6
   4565  20d6		       4c 1b f1 	      jmp	enterlastkernel
   4566  20d9
   4567  20d9				  -	      else
   4568  20d9				  -lastkernelline
   4569  20d9				  -
   4570  20d9				  -	      ifconst	PFheights
   4571  20d9				  -	      ldx	#1
   4572  20d9				  -			;sleep 5
   4573  20d9				  -	      sleep	4	; this was over 1 cycle
   4574  20d9				  -	      else
   4575  20d9				  -	      ldx	playfieldpos
   4576  20d9				  -			;sleep 4
   4577  20d9				  -	      sleep	3	; this was over 1 cycle
   4578  20d9				  -	      endif
   4579  20d9				  -
   4580  20d9				  -	      cpx	#0
   4581  20d9				  -	      bne	.enterfromNBL
   4582  20d9				  -	      jmp	no_blank_lines_bailout
   4583  20d9					      endif
   4584  20d9
   4585  20d9					      if	((<*)>$d5)
   4586  2100		       00 00 00 00*	      align	256
   4587  2100					      endif
   4588  2100							; this is a kludge to prevent page wrapping - fix!!!
   4589  2100
   4590  2100				   .skipDrawlastP1
   4591  2100		       a9 00		      lda	#0
   4592  2102		       a8		      tay		; added so we don't cross a page
   4593  2103		       4c 2d f1 	      jmp	.continuelastP1
   4594  2106
   4595  2106				   .endkerloop		; enter at cycle 59??
   4596  2106
   4597  2106		       ea		      nop
   4598  2107
   4599  2107				   .enterfromNBL
   4600  2107				  -	      ifconst	pfres
   4601  2107				  -	      ldy.w	playfield+pfres*pfwidth-4
   4602  2107				  -	      sty	PF1L	;3
   4603  2107				  -	      ldy.w	playfield+pfres*pfwidth-3-pfadjust
   4604  2107				  -	      sty	PF2L	;3
   4605  2107				  -	      ldy.w	playfield+pfres*pfwidth-1
   4606  2107				  -	      sty	PF1R	; possibly too early?
   4607  2107				  -	      ldy.w	playfield+pfres*pfwidth-2-pfadjust
   4608  2107				  -	      sty	PF2R	;3
   4609  2107					      else
   4610  2107		       ac d0 00 	      ldy.w	playfield-48+pfwidth*12+44
   4611  210a		       84 0e		      sty	PF1L	;3
   4612  210c		       ac d1 00 	      ldy.w	playfield-48+pfwidth*12+45-pfadjust
   4613  210f		       84 0f		      sty	PF2L	;3
   4614  2111		       ac d3 00 	      ldy.w	playfield-48+pfwidth*12+47
   4615  2114		       84 0e		      sty	PF1R	; possibly too early?
   4616  2116		       ac d2 00 	      ldy.w	playfield-48+pfwidth*12+46-pfadjust
   4617  2119		       84 0f		      sty	PF2R	;3
   4618  211b					      endif
   4619  211b
   4620  211b				   enterlastkernel
   4621  211b		       a5 92		      lda	ballheight
   4622  211d
   4623  211d							; tya
   4624  211d		       c7 89		      dcp	bally
   4625  211f							; sleep 4
   4626  211f
   4627  211f							; sbc stack3
   4628  211f		       2a		      rol
   4629  2120		       2a		      rol
   4630  2121		       85 1f		      sta	ENABL
   4631  2123
   4632  2123		       a5 8f		      lda	player1height	;3
   4633  2125		       c7 86		      dcp	player1y	;5
   4634  2127		       90 d7		      bcc	.skipDrawlastP1
   4635  2129		       a4 86		      ldy	player1y	;3
   4636  212b		       b1 8c		      lda	(player1pointer),y	;5; player0pointer must be selected carefully by the compiler
   4637  212d							; so it doesn't cross a page boundary!
   4638  212d
   4639  212d				   .continuelastP1
   4640  212d		       85 1c		      sta	GRP1	;3
   4641  212f
   4642  212f					      ifnconst	player1colors
   4643  212f		       a5 87		      lda	missile1height	;3
   4644  2131		       c7 88		      dcp	missile1y	;5
   4645  2133				  -	      else
   4646  2133				  -	      lda	(player1color),y
   4647  2133				  -	      sta	COLUP1
   4648  2133					      endif
   4649  2133
   4650  2133		       ca		      dex
   4651  2134							;dec temp4 ; might try putting this above PF writes
   4652  2134		       f0 36		      beq	endkernel
   4653  2136
   4654  2136
   4655  2136				  -	      ifconst	pfres
   4656  2136				  -	      ldy.w	playfield+pfres*pfwidth-4
   4657  2136				  -	      sty	PF1L	;3
   4658  2136				  -	      ldy.w	playfield+pfres*pfwidth-3-pfadjust
   4659  2136				  -	      sty	PF2L	;3
   4660  2136				  -	      ldy.w	playfield+pfres*pfwidth-1
   4661  2136				  -	      sty	PF1R	; possibly too early?
   4662  2136				  -	      ldy.w	playfield+pfres*pfwidth-2-pfadjust
   4663  2136				  -	      sty	PF2R	;3
   4664  2136					      else
   4665  2136		       ac d0 00 	      ldy.w	playfield-48+pfwidth*12+44
   4666  2139		       84 0e		      sty	PF1L	;3
   4667  213b		       ac d1 00 	      ldy.w	playfield-48+pfwidth*12+45-pfadjust
   4668  213e		       84 0f		      sty	PF2L	;3
   4669  2140		       ac d3 00 	      ldy.w	playfield-48+pfwidth*12+47
   4670  2143		       84 0e		      sty	PF1R	; possibly too early?
   4671  2145		       ac d2 00 	      ldy.w	playfield-48+pfwidth*12+46-pfadjust
   4672  2148		       84 0f		      sty	PF2R	;3
   4673  214a					      endif
   4674  214a
   4675  214a					      ifnconst	player1colors
   4676  214a		       2a		      rol		;2
   4677  214b		       2a		      rol		;2
   4678  214c		       85 1e		      sta	ENAM1	;3
   4679  214e				  -	      else
   4680  214e				  -	      ifnconst	playercolors
   4681  214e				  -	      sleep	7
   4682  214e				  -	      else
   4683  214e				  -	      lda.w	player0colorstore
   4684  214e				  -	      sta	COLUP0
   4685  214e				  -	      endif
   4686  214e					      endif
   4687  214e
   4688  214e		       ad 8e 00 	      lda.w	player0height
   4689  2151		       c7 85		      dcp	player0y
   4690  2153		       90 11		      bcc	.skipDrawlastP0
   4691  2155		       a4 85		      ldy	player0y
   4692  2157		       b1 8a		      lda	(player0pointer),y
   4693  2159				   .continuelastP0
   4694  2159		       85 1b		      sta	GRP0
   4695  215b
   4696  215b
   4697  215b
   4698  215b					      ifnconst	no_blank_lines
   4699  215b		       a5 90		      lda	missile0height	;3
   4700  215d		       c7 91		      dcp	missile0y	;5
   4701  215f		       e5 f6		      sbc	stack1
   4702  2161		       85 1d		      sta	ENAM0	;3
   4703  2163		       4c 06 f1 	      jmp	.endkerloop
   4704  2166				  -	      else
   4705  2166				  -	      ifconst	readpaddle
   4706  2166				  -	      ldy	currentpaddle
   4707  2166				  -	      lda	INPT0,y
   4708  2166				  -	      bpl	noreadpaddle2
   4709  2166				  -	      inc	paddle
   4710  2166				  -	      jmp	.endkerloop
   4711  2166				  -noreadpaddle2
   4712  2166				  -	      sleep	4
   4713  2166				  -	      jmp	.endkerloop
   4714  2166				  -	      else		; no_blank_lines and no paddle reading
   4715  2166				  -	      pla
   4716  2166				  -	      pha		; 14 cycles in 4 bytes
   4717  2166				  -	      pla
   4718  2166				  -	      pha
   4719  2166				  -			; sleep 14
   4720  2166				  -	      jmp	.endkerloop
   4721  2166				  -	      endif
   4722  2166					      endif
   4723  2166
   4724  2166
   4725  2166							; ifconst donepaddleskip
   4726  2166							;paddleskipread
   4727  2166							; this is kind of lame, since it requires 4 cycles from a page boundary crossing
   4728  2166							; plus we get a lo-res paddle read
   4729  2166							; bmi donepaddleskip
   4730  2166							; endif
   4731  2166
   4732  2166				   .skipDrawlastP0
   4733  2166		       a9 00		      lda	#0
   4734  2168		       a8		      tay
   4735  2169		       4c 59 f1 	      jmp	.continuelastP0
   4736  216c
   4737  216c				  -	      ifconst	no_blank_lines
   4738  216c				  -no_blank_lines_bailout
   4739  216c				  -	      ldx	#0
   4740  216c					      endif
   4741  216c
   4742  216c				   endkernel
   4743  216c							; 6 digit score routine
   4744  216c		       86 0e		      stx	PF1
   4745  216e		       86 0f		      stx	PF2
   4746  2170		       86 0d		      stx	PF0
   4747  2172		       18		      clc
   4748  2173
   4749  2173				  -	      ifconst	pfrowheight
   4750  2173				  -	      lda	#pfrowheight+2
   4751  2173					      else
   4752  2173					      ifnconst	pfres
   4753  2173		       a9 0a		      lda	#10
   4754  2175				  -	      else
   4755  2175				  -	      lda	#(96/pfres)+2	; try to come close to the real size
   4756  2175					      endif
   4757  2175					      endif
   4758  2175
   4759  2175		       e5 ef		      sbc	playfieldpos
   4760  2177		       85 ef		      sta	playfieldpos
   4761  2179		       8a		      txa
   4762  217a
   4763  217a				  -	      ifconst	shakescreen
   4764  217a				  -	      bit	shakescreen
   4765  217a				  -	      bmi	noshakescreen2
   4766  217a				  -	      ldx	#$3D
   4767  217a				  -noshakescreen2
   4768  217a					      endif
   4769  217a
   4770  217a		       95 02		      sta	WSYNC,x
   4771  217c
   4772  217c							; STA WSYNC ;first one, need one more
   4773  217c		       85 0b		      sta	REFP0
   4774  217e		       85 0c		      sta	REFP1
   4775  2180		       85 1b		      STA	GRP0
   4776  2182		       85 1c		      STA	GRP1
   4777  2184							; STA PF1
   4778  2184							; STA PF2
   4779  2184		       85 2b		      sta	HMCLR
   4780  2186		       85 1d		      sta	ENAM0
   4781  2188		       85 1e		      sta	ENAM1
   4782  218a		       85 1f		      sta	ENABL
   4783  218c
   4784  218c		       a5 9d		      lda	temp2	;restore variables that were obliterated by kernel
   4785  218e		       85 85		      sta	player0y
   4786  2190		       a5 9e		      lda	temp3
   4787  2192		       85 86		      sta	player1y
   4788  2194					      ifnconst	player1colors
   4789  2194		       a5 a1		      lda	temp6
   4790  2196		       85 88		      sta	missile1y
   4791  2198					      endif
   4792  2198					      ifnconst	playercolors
   4793  2198					      ifnconst	readpaddle
   4794  2198		       a5 a0		      lda	temp5
   4795  219a		       85 91		      sta	missile0y
   4796  219c					      endif
   4797  219c					      endif
   4798  219c		       a5 f7		      lda	stack2
   4799  219e		       85 89		      sta	bally
   4800  21a0
   4801  21a0							; strangely, this isn't required any more. might have
   4802  21a0							; resulted from the no_blank_lines score bounce fix
   4803  21a0							;ifconst no_blank_lines
   4804  21a0							;sta WSYNC
   4805  21a0							;endif
   4806  21a0
   4807  21a0		       ad 84 02 	      lda	INTIM
   4808  21a3		       18		      clc
   4809  21a4				  -	      ifnconst	vblank_time
   4810  21a4				  -	      adc	#43+12+87
   4811  21a4					      else
   4812  21a4		       69 9d		      adc	#vblank_time+12+87
   4813  21a6
   4814  21a6					      endif
   4815  21a6							; sta WSYNC
   4816  21a6		       8d 96 02 	      sta	TIM64T
   4817  21a9
   4818  21a9				  -	      ifconst	minikernel
   4819  21a9				  -	      jsr	minikernel
   4820  21a9					      endif
   4821  21a9
   4822  21a9							; now reassign temp vars for score pointers
   4823  21a9
   4824  21a9							; score pointers contain:
   4825  21a9							; score1-5: lo1,lo2,lo3,lo4,lo5,lo6
   4826  21a9							; swap lo2->temp1
   4827  21a9							; swap lo4->temp3
   4828  21a9							; swap lo6->temp5
   4829  21a9					      ifnconst	noscore
   4830  21a9		       a5 97		      lda	scorepointers+1
   4831  21ab							; ldy temp1
   4832  21ab		       85 9c		      sta	temp1
   4833  21ad							; sty scorepointers+1
   4834  21ad
   4835  21ad		       a5 99		      lda	scorepointers+3
   4836  21af							; ldy temp3
   4837  21af		       85 9e		      sta	temp3
   4838  21b1							; sty scorepointers+3
   4839  21b1
   4840  21b1
   4841  21b1		       85 2b		      sta	HMCLR
   4842  21b3		       ba		      tsx
   4843  21b4		       86 f6		      stx	stack1
   4844  21b6		       a2 e0		      ldx	#$E0
   4845  21b8		       86 20		      stx	HMP0
   4846  21ba
   4847  21ba		       a5 a3		      LDA	scorecolor
   4848  21bc		       85 06		      STA	COLUP0
   4849  21be		       85 07		      STA	COLUP1
   4850  21c0				  -	      ifconst	scorefade
   4851  21c0				  -	      STA	stack2
   4852  21c0					      endif
   4853  21c0					      ifconst	pfscore
   4854  21c0		       a5 f4		      lda	pfscorecolor
   4855  21c2		       85 08		      sta	COLUPF
   4856  21c4					      endif
   4857  21c4		       85 02		      sta	WSYNC
   4858  21c6		       a2 00		      ldx	#0
   4859  21c8		       86 1b		      STx	GRP0
   4860  21ca		       86 1c		      STx	GRP1	; seems to be needed because of vdel
   4861  21cc
   4862  21cc		       a5 9b		      lda	scorepointers+5
   4863  21ce							; ldy temp5
   4864  21ce		       95 a0		      sta	temp5,x
   4865  21d0							; sty scorepointers+5
   4866  21d0		       a9 ff		      lda	#>scoretable
   4867  21d2		       85 97		      sta	scorepointers+1
   4868  21d4		       85 99		      sta	scorepointers+3
   4869  21d6		       85 9b		      sta	scorepointers+5
   4870  21d8		       85 9d		      sta	temp2
   4871  21da		       85 9f		      sta	temp4
   4872  21dc		       85 a1		      sta	temp6
   4873  21de		       a0 07		      LDY	#7
   4874  21e0		       84 25		      STY	VDELP0
   4875  21e2		       85 10		      STA	RESP0
   4876  21e4		       85 11		      STA	RESP1
   4877  21e6
   4878  21e6
   4879  21e6		       a9 03		      LDA	#$03
   4880  21e8		       85 04		      STA	NUSIZ0
   4881  21ea		       85 05		      STA	NUSIZ1
   4882  21ec		       85 26		      STA	VDELP1
   4883  21ee		       a9 f0		      LDA	#$F0
   4884  21f0		       85 21		      STA	HMP1
   4885  21f2		       b1 96		      lda	(scorepointers),y
   4886  21f4		       85 1b		      sta	GRP0
   4887  21f6		       85 2a		      STA	HMOVE	; cycle 73 ?
   4888  21f8		       4c 09 f2 	      jmp	beginscore
   4889  21fb
   4890  21fb
   4891  21fb					      if	((<*)>$d4)
   4892  2200		       00 00 00 00*	      align	256	; kludge that potentially wastes space! should be fixed!
   4893  2200					      endif
   4894  2200
   4895  2200				   loop2
   4896  2200		       b1 96		      lda	(scorepointers),y	;+5 68 204
   4897  2202		       85 1b		      sta	GRP0	;+3 71 213 D1 -- -- --
   4898  2204					      ifconst	pfscore
   4899  2204		       ad f2 00 	      lda.w	pfscore1
   4900  2207		       85 0e		      sta	PF1
   4901  2209				  -	      else
   4902  2209				  -	      ifconst	scorefade
   4903  2209				  -	      sleep	2
   4904  2209				  -	      dec	stack2	; decrement the temporary scorecolor
   4905  2209				  -	      else
   4906  2209				  -	      sleep	7
   4907  2209				  -	      endif
   4908  2209					      endif
   4909  2209							; cycle 0
   4910  2209				   beginscore
   4911  2209		       b1 9e		      lda	(scorepointers+$8),y	;+5 5 15
   4912  220b		       85 1c		      sta	GRP1	;+3 8 24 D1 D1 D2 --
   4913  220d		       b1 9c		      lda	(scorepointers+$6),y	;+5 13 39
   4914  220f		       85 1b		      sta	GRP0	;+3 16 48 D3 D1 D2 D2
   4915  2211		       b3 98		      lax	(scorepointers+$2),y	;+5 29 87
   4916  2213		       9a		      txs
   4917  2214		       b3 9a		      lax	(scorepointers+$4),y	;+5 36 108
   4918  2216				  -	      ifconst	scorefade
   4919  2216				  -	      lda	stack2
   4920  2216					      else
      0  2216					      sleep	3
      1  2216				   .CYCLES    SET	3
      2  2216
      3  2216				  -	      IF	.CYCLES < 2
      4  2216				  -	      ECHO	"MACRO ERROR: 'SLEEP': Duration must be > 1"
      5  2216				  -	      ERR
      6  2216					      ENDIF
      7  2216
      8  2216					      IF	.CYCLES & 1
      9  2216					      IFNCONST	NO_ILLEGAL_OPCODES
     10  2216		       04 00		      nop	0
     11  2218				  -	      ELSE
     12  2218				  -	      bit	VSYNC
     13  2218					      ENDIF
     14  2218				   .CYCLES    SET	.CYCLES - 3
     15  2218					      ENDIF
     16  2218
     17  2218				  -	      REPEAT	.CYCLES / 2
     18  2218				  -	      nop
     19  2218					      REPEND
   4922  2218					      endif
   4923  2218
   4924  2218					      ifconst	pfscore
   4925  2218		       a5 f3		      lda	pfscore2
   4926  221a		       85 0e		      sta	PF1
   4927  221c				  -	      else
   4928  221c				  -	      ifconst	scorefade
   4929  221c				  -	      sta	COLUP0
   4930  221c				  -	      sta	COLUP1
   4931  221c				  -	      else
   4932  221c				  -	      sleep	6
   4933  221c				  -	      endif
   4934  221c					      endif
   4935  221c
   4936  221c		       b1 a0		      lda	(scorepointers+$A),y	;+5 21 63
   4937  221e		       86 1c		      stx	GRP1	;+3 44 132 D3 D3 D4 D2!
   4938  2220		       ba		      tsx
   4939  2221		       86 1b		      stx	GRP0	;+3 47 141 D5 D3! D4 D4
   4940  2223		       85 1c		      sta	GRP1	;+3 50 150 D5 D5 D6 D4!
   4941  2225		       84 1b		      sty	GRP0	;+3 53 159 D4* D5! D6 D6
   4942  2227		       88		      dey
   4943  2228		       10 d6		      bpl	loop2	;+2 60 180
   4944  222a
   4945  222a		       a6 f6		      ldx	stack1
   4946  222c		       9a		      txs
   4947  222d							; lda scorepointers+1
   4948  222d		       a4 9c		      ldy	temp1
   4949  222f							; sta temp1
   4950  222f		       84 97		      sty	scorepointers+1
   4951  2231
   4952  2231		       a9 00		      LDA	#0
   4953  2233		       85 0e		      sta	PF1
   4954  2235		       85 1b		      STA	GRP0
   4955  2237		       85 1c		      STA	GRP1
   4956  2239		       85 25		      STA	VDELP0
   4957  223b		       85 26		      STA	VDELP1	;do we need these
   4958  223d		       85 04		      STA	NUSIZ0
   4959  223f		       85 05		      STA	NUSIZ1
   4960  2241
   4961  2241							; lda scorepointers+3
   4962  2241		       a4 9e		      ldy	temp3
   4963  2243							; sta temp3
   4964  2243		       84 99		      sty	scorepointers+3
   4965  2245
   4966  2245							; lda scorepointers+5
   4967  2245		       a4 a0		      ldy	temp5
   4968  2247							; sta temp5
   4969  2247		       84 9b		      sty	scorepointers+5
   4970  2249					      endif		;noscore
   4971  2249				  -	      ifconst	readpaddle
   4972  2249				  -	      lda	#%11000010
   4973  2249					      else
   4974  2249				  -	      ifconst	qtcontroller
   4975  2249				  -	      lda	qtcontroller
   4976  2249				  -	      lsr		; bit 0 in carry
   4977  2249				  -	      lda	#4
   4978  2249				  -	      ror		; carry into top of A
   4979  2249					      else
   4980  2249		       a9 02		      lda	#2
   4981  224b					      endif		; qtcontroller
   4982  224b					      endif		; readpaddle
   4983  224b		       85 02		      sta	WSYNC
   4984  224d		       85 01		      sta	VBLANK
      0  224f					      RETURN
      1  224f				  -	      ifnconst	bankswitch
      2  224f				  -	      rts
      3  224f					      else
      4  224f		       4c dd ff 	      jmp	BS_return
      5  2252					      endif
   4986  2252				  -	      ifconst	shakescreen
   4987  2252				  -doshakescreen
   4988  2252				  -	      bit	shakescreen
   4989  2252				  -	      bmi	noshakescreen
   4990  2252				  -	      sta	WSYNC
   4991  2252				  -noshakescreen
   4992  2252				  -	      ldx	missile0height
   4993  2252				  -	      inx
   4994  2252				  -	      rts
   4995  2252					      endif
   4996  2252
   4997  2252							; Provided under the CC0 license. See the included LICENSE.txt for details.
   4998  2252
   4999  2252				   start
   5000  2252		       78		      sei
   5001  2253		       d8		      cld
   5002  2254		       a0 00		      ldy	#0
   5003  2256		       a5 d0		      lda	$D0
   5004  2258		       c9 2c		      cmp	#$2C	;check RAM location #1
   5005  225a		       d0 07		      bne	MachineIs2600
   5006  225c		       a5 d1		      lda	$D1
   5007  225e		       c9 a9		      cmp	#$A9	;check RAM location #2
   5008  2260		       d0 01		      bne	MachineIs2600
   5009  2262		       88		      dey
   5010  2263				   MachineIs2600
   5011  2263		       a2 00		      ldx	#0
   5012  2265		       8a		      txa
   5013  2266				   clearmem
   5014  2266		       e8		      inx
   5015  2267		       9a		      txs
   5016  2268		       48		      pha
   5017  2269		       d0 fb		      bne	clearmem
   5018  226b		       84 9c		      sty	temp1
   5019  226d					      ifnconst	multisprite
   5020  226d				  -	      ifconst	pfrowheight
   5021  226d				  -	      lda	#pfrowheight
   5022  226d					      else
   5023  226d				  -	      ifconst	pfres
   5024  226d				  -	      lda	#(96/pfres)
   5025  226d					      else
   5026  226d		       a9 08		      lda	#8
   5027  226f					      endif
   5028  226f					      endif
   5029  226f		       85 ef		      sta	playfieldpos
   5030  2271					      endif
   5031  2271		       a2 05		      ldx	#5
   5032  2273				   initscore
   5033  2273		       a9 74		      lda	#<scoretable
   5034  2275		       95 96		      sta	scorepointers,x
   5035  2277		       ca		      dex
   5036  2278		       10 f9		      bpl	initscore
   5037  227a		       a9 01		      lda	#1
   5038  227c		       85 0a		      sta	CTRLPF
   5039  227e		       0d 84 02 	      ora	INTIM
   5040  2281		       85 a2		      sta	rand
   5041  2283
   5042  2283				  -	      ifconst	multisprite
   5043  2283				  -	      jsr	multisprite_setup
   5044  2283					      endif
   5045  2283
   5046  2283				  -	      ifnconst	bankswitch
   5047  2283				  -	      jmp	game
   5048  2283					      else
   5049  2283		       a9 cf		      lda	#>(game-1)
   5050  2285		       48		      pha
   5051  2286		       a9 ff		      lda	#<(game-1)
   5052  2288		       48		      pha
   5053  2289		       48		      pha
   5054  228a		       48		      pha
   5055  228b		       a2 01		      ldx	#1
   5056  228d		       4c eb ff 	      jmp	BS_jsr
   5057  2290					      endif
   5058  2290							; Provided under the CC0 license. See the included LICENSE.txt for details.
   5059  2290
   5060  2290							; playfield drawing routines
   5061  2290							; you get a 32x12 bitmapped display in a single color :)
   5062  2290							; 0-31 and 0-11
   5063  2290
   5064  2290				   pfclear		; clears playfield - or fill with pattern
   5065  2290				  -	      ifconst	pfres
   5066  2290				  -	      ldx	#pfres*pfwidth-1
   5067  2290					      else
   5068  2290		       a2 2f		      ldx	#47-(4-pfwidth)*12	; will this work?
   5069  2292					      endif
   5070  2292				   pfclear_loop
   5071  2292					      ifnconst	superchip
   5072  2292		       95 a4		      sta	playfield,x
   5073  2294				  -	      else
   5074  2294				  -	      sta	playfield-128,x
   5075  2294					      endif
   5076  2294		       ca		      dex
   5077  2295		       10 fb		      bpl	pfclear_loop
      0  2297					      RETURN
      1  2297				  -	      ifnconst	bankswitch
      2  2297				  -	      rts
      3  2297					      else
      4  2297		       4c dd ff 	      jmp	BS_return
      5  229a					      endif
   5079  229a
   5080  229a				   setuppointers
   5081  229a		       86 9d		      stx	temp2	; store on.off.flip value
   5082  229c		       aa		      tax		; put x-value in x 
   5083  229d		       4a		      lsr
   5084  229e		       4a		      lsr
   5085  229f		       4a		      lsr		; divide x pos by 8 
   5086  22a0		       85 9c		      sta	temp1
   5087  22a2		       98		      tya
   5088  22a3		       0a		      asl
   5089  22a4					      if	pfwidth=4
   5090  22a4		       0a		      asl		; multiply y pos by 4
   5091  22a5					      endif		; else multiply by 2
   5092  22a5		       18		      clc
   5093  22a6		       65 9c		      adc	temp1	; add them together to get actual memory location offset
   5094  22a8		       a8		      tay		; put the value in y
   5095  22a9		       a5 9d		      lda	temp2	; restore on.off.flip value
   5096  22ab		       60		      rts
   5097  22ac
   5098  22ac				   pfread
   5099  22ac							;x=xvalue, y=yvalue
   5100  22ac		       20 9a f2 	      jsr	setuppointers
   5101  22af		       bd 44 f3 	      lda	setbyte,x
   5102  22b2		       39 a4 00 	      and	playfield,y
   5103  22b5		       5d 44 f3 	      eor	setbyte,x
   5104  22b8							; beq readzero
   5105  22b8							; lda #1
   5106  22b8							; readzero
      0  22b8					      RETURN
      1  22b8				  -	      ifnconst	bankswitch
      2  22b8				  -	      rts
      3  22b8					      else
      4  22b8		       4c dd ff 	      jmp	BS_return
      5  22bb					      endif
   5108  22bb
   5109  22bb				   pfpixel
   5110  22bb							;x=xvalue, y=yvalue, a=0,1,2
   5111  22bb		       20 9a f2 	      jsr	setuppointers
   5112  22be
   5113  22be					      ifconst	bankswitch
   5114  22be		       a5 9d		      lda	temp2	; load on.off.flip value (0,1, or 2)
   5115  22c0		       f0 0f		      beq	pixelon_r	; if "on" go to on
   5116  22c2		       4a		      lsr
   5117  22c3		       b0 18		      bcs	pixeloff_r	; value is 1 if true
   5118  22c5		       b9 a4 00 	      lda	playfield,y	; if here, it's "flip"
   5119  22c8		       5d 44 f3 	      eor	setbyte,x
   5120  22cb				  -	      ifconst	superchip
   5121  22cb				  -	      sta	playfield-128,y
   5122  22cb					      else
   5123  22cb		       99 a4 00 	      sta	playfield,y
   5124  22ce					      endif
      0  22ce					      RETURN
      1  22ce				  -	      ifnconst	bankswitch
      2  22ce				  -	      rts
      3  22ce					      else
      4  22ce		       4c dd ff 	      jmp	BS_return
      5  22d1					      endif
   5126  22d1				   pixelon_r
   5127  22d1		       b9 a4 00 	      lda	playfield,y
   5128  22d4		       1d 44 f3 	      ora	setbyte,x
   5129  22d7				  -	      ifconst	superchip
   5130  22d7				  -	      sta	playfield-128,y
   5131  22d7					      else
   5132  22d7		       99 a4 00 	      sta	playfield,y
   5133  22da					      endif
      0  22da					      RETURN
      1  22da				  -	      ifnconst	bankswitch
      2  22da				  -	      rts
      3  22da					      else
      4  22da		       4c dd ff 	      jmp	BS_return
      5  22dd					      endif
   5135  22dd				   pixeloff_r
   5136  22dd		       bd 44 f3 	      lda	setbyte,x
   5137  22e0		       49 ff		      eor	#$ff
   5138  22e2		       39 a4 00 	      and	playfield,y
   5139  22e5				  -	      ifconst	superchip
   5140  22e5				  -	      sta	playfield-128,y
   5141  22e5					      else
   5142  22e5		       99 a4 00 	      sta	playfield,y
   5143  22e8					      endif
      0  22e8					      RETURN
      1  22e8				  -	      ifnconst	bankswitch
      2  22e8				  -	      rts
      3  22e8					      else
      4  22e8		       4c dd ff 	      jmp	BS_return
      5  22eb					      endif
   5145  22eb
   5146  22eb				  -	      else
   5147  22eb				  -	      jmp	plotpoint
   5148  22eb					      endif
   5149  22eb
   5150  22eb				   pfhline
   5151  22eb							;x=xvalue, y=yvalue, a=0,1,2, temp3=endx
   5152  22eb		       20 9a f2 	      jsr	setuppointers
   5153  22ee		       4c f8 f2 	      jmp	noinc
   5154  22f1				   keepgoing
   5155  22f1		       e8		      inx
   5156  22f2		       8a		      txa
   5157  22f3		       29 07		      and	#7
   5158  22f5		       d0 01		      bne	noinc
   5159  22f7		       c8		      iny
   5160  22f8				   noinc
   5161  22f8		       20 1d f3 	      jsr	plotpoint
   5162  22fb		       e4 9e		      cpx	temp3
   5163  22fd		       30 f2		      bmi	keepgoing
      0  22ff					      RETURN
      1  22ff				  -	      ifnconst	bankswitch
      2  22ff				  -	      rts
      3  22ff					      else
      4  22ff		       4c dd ff 	      jmp	BS_return
      5  2302					      endif
   5165  2302
   5166  2302				   pfvline
   5167  2302							;x=xvalue, y=yvalue, a=0,1,2, temp3=endx
   5168  2302		       20 9a f2 	      jsr	setuppointers
   5169  2305		       84 9c		      sty	temp1	; store memory location offset
   5170  2307		       e6 9e		      inc	temp3	; increase final x by 1 
   5171  2309		       a5 9e		      lda	temp3
   5172  230b		       0a		      asl
   5173  230c					      if	pfwidth=4
   5174  230c		       0a		      asl		; multiply by 4
   5175  230d					      endif		; else multiply by 2
   5176  230d		       85 9e		      sta	temp3	; store it
   5177  230f							; Thanks to Michael Rideout for fixing a bug in this code
   5178  230f							; right now, temp1=y=starting memory location, temp3=final
   5179  230f							; x should equal original x value
   5180  230f				   keepgoingy
   5181  230f		       20 1d f3 	      jsr	plotpoint
   5182  2312		       c8		      iny
   5183  2313		       c8		      iny
   5184  2314					      if	pfwidth=4
   5185  2314		       c8		      iny
   5186  2315		       c8		      iny
   5187  2316					      endif
   5188  2316		       c4 9e		      cpy	temp3
   5189  2318		       30 f5		      bmi	keepgoingy
      0  231a					      RETURN
      1  231a				  -	      ifnconst	bankswitch
      2  231a				  -	      rts
      3  231a					      else
      4  231a		       4c dd ff 	      jmp	BS_return
      5  231d					      endif
   5191  231d
   5192  231d				   plotpoint
   5193  231d		       a5 9d		      lda	temp2	; load on.off.flip value (0,1, or 2)
   5194  231f		       f0 0d		      beq	pixelon	; if "on" go to on
   5195  2321		       4a		      lsr
   5196  2322		       b0 14		      bcs	pixeloff	; value is 1 if true
   5197  2324		       b9 a4 00 	      lda	playfield,y	; if here, it's "flip"
   5198  2327		       5d 44 f3 	      eor	setbyte,x
   5199  232a				  -	      ifconst	superchip
   5200  232a				  -	      sta	playfield-128,y
   5201  232a					      else
   5202  232a		       99 a4 00 	      sta	playfield,y
   5203  232d					      endif
   5204  232d		       60		      rts
   5205  232e				   pixelon
   5206  232e		       b9 a4 00 	      lda	playfield,y
   5207  2331		       1d 44 f3 	      ora	setbyte,x
   5208  2334				  -	      ifconst	superchip
   5209  2334				  -	      sta	playfield-128,y
   5210  2334					      else
   5211  2334		       99 a4 00 	      sta	playfield,y
   5212  2337					      endif
   5213  2337		       60		      rts
   5214  2338				   pixeloff
   5215  2338		       bd 44 f3 	      lda	setbyte,x
   5216  233b		       49 ff		      eor	#$ff
   5217  233d		       39 a4 00 	      and	playfield,y
   5218  2340				  -	      ifconst	superchip
   5219  2340				  -	      sta	playfield-128,y
   5220  2340					      else
   5221  2340		       99 a4 00 	      sta	playfield,y
   5222  2343					      endif
   5223  2343		       60		      rts
   5224  2344
   5225  2344				   setbyte
   5226  2344					      ifnconst	pfcenter
   5227  2344		       80		      .byte.b	$80
   5228  2345		       40		      .byte.b	$40
   5229  2346		       20		      .byte.b	$20
   5230  2347		       10		      .byte.b	$10
   5231  2348		       08		      .byte.b	$08
   5232  2349		       04		      .byte.b	$04
   5233  234a		       02		      .byte.b	$02
   5234  234b		       01		      .byte.b	$01
   5235  234c					      endif
   5236  234c		       01		      .byte.b	$01
   5237  234d		       02		      .byte.b	$02
   5238  234e		       04		      .byte.b	$04
   5239  234f		       08		      .byte.b	$08
   5240  2350		       10		      .byte.b	$10
   5241  2351		       20		      .byte.b	$20
   5242  2352		       40		      .byte.b	$40
   5243  2353		       80		      .byte.b	$80
   5244  2354		       80		      .byte.b	$80
   5245  2355		       40		      .byte.b	$40
   5246  2356		       20		      .byte.b	$20
   5247  2357		       10		      .byte.b	$10
   5248  2358		       08		      .byte.b	$08
   5249  2359		       04		      .byte.b	$04
   5250  235a		       02		      .byte.b	$02
   5251  235b		       01		      .byte.b	$01
   5252  235c		       01		      .byte.b	$01
   5253  235d		       02		      .byte.b	$02
   5254  235e		       04		      .byte.b	$04
   5255  235f		       08		      .byte.b	$08
   5256  2360		       10		      .byte.b	$10
   5257  2361		       20		      .byte.b	$20
   5258  2362		       40		      .byte.b	$40
   5259  2363		       80		      .byte.b	$80
   5260  2364							; Provided under the CC0 license. See the included LICENSE.txt for details.
   5261  2364
   5262  2364				   pfscroll		;(a=0 left, 1 right, 2 up, 4 down, 6=upup, 12=downdown)
   5263  2364		       d0 15		      bne	notleft
   5264  2366							;left
   5265  2366				  -	      ifconst	pfres
   5266  2366				  -	      ldx	#pfres*4
   5267  2366					      else
   5268  2366		       a2 30		      ldx	#48
   5269  2368					      endif
   5270  2368				   leftloop
   5271  2368		       b5 a3		      lda	playfield-1,x
   5272  236a		       4a		      lsr
   5273  236b
   5274  236b				  -	      ifconst	superchip
   5275  236b				  -	      lda	playfield-2,x
   5276  236b				  -	      rol
   5277  236b				  -	      sta	playfield-130,x
   5278  236b				  -	      lda	playfield-3,x
   5279  236b				  -	      ror
   5280  236b				  -	      sta	playfield-131,x
   5281  236b				  -	      lda	playfield-4,x
   5282  236b				  -	      rol
   5283  236b				  -	      sta	playfield-132,x
   5284  236b				  -	      lda	playfield-1,x
   5285  236b				  -	      ror
   5286  236b				  -	      sta	playfield-129,x
   5287  236b					      else
   5288  236b		       36 a2		      rol	playfield-2,x
   5289  236d		       76 a1		      ror	playfield-3,x
   5290  236f		       36 a0		      rol	playfield-4,x
   5291  2371		       76 a3		      ror	playfield-1,x
   5292  2373					      endif
   5293  2373
   5294  2373		       8a		      txa
   5295  2374		       cb 04		      sbx	#4
   5296  2376		       d0 f0		      bne	leftloop
      0  2378					      RETURN
      1  2378				  -	      ifnconst	bankswitch
      2  2378				  -	      rts
      3  2378					      else
      4  2378		       4c dd ff 	      jmp	BS_return
      5  237b					      endif
   5298  237b
   5299  237b				   notleft
   5300  237b		       4a		      lsr
   5301  237c		       90 15		      bcc	notright
   5302  237e							;right
   5303  237e
   5304  237e				  -	      ifconst	pfres
   5305  237e				  -	      ldx	#pfres*4
   5306  237e					      else
   5307  237e		       a2 30		      ldx	#48
   5308  2380					      endif
   5309  2380				   rightloop
   5310  2380		       b5 a0		      lda	playfield-4,x
   5311  2382		       4a		      lsr
   5312  2383				  -	      ifconst	superchip
   5313  2383				  -	      lda	playfield-3,x
   5314  2383				  -	      rol
   5315  2383				  -	      sta	playfield-131,x
   5316  2383				  -	      lda	playfield-2,x
   5317  2383				  -	      ror
   5318  2383				  -	      sta	playfield-130,x
   5319  2383				  -	      lda	playfield-1,x
   5320  2383				  -	      rol
   5321  2383				  -	      sta	playfield-129,x
   5322  2383				  -	      lda	playfield-4,x
   5323  2383				  -	      ror
   5324  2383				  -	      sta	playfield-132,x
   5325  2383					      else
   5326  2383		       36 a1		      rol	playfield-3,x
   5327  2385		       76 a2		      ror	playfield-2,x
   5328  2387		       36 a3		      rol	playfield-1,x
   5329  2389		       76 a0		      ror	playfield-4,x
   5330  238b					      endif
   5331  238b		       8a		      txa
   5332  238c		       cb 04		      sbx	#4
   5333  238e		       d0 f0		      bne	rightloop
      0  2390					      RETURN
      1  2390				  -	      ifnconst	bankswitch
      2  2390				  -	      rts
      3  2390					      else
      4  2390		       4c dd ff 	      jmp	BS_return
      5  2393					      endif
   5335  2393
   5336  2393				   notright
   5337  2393		       4a		      lsr
   5338  2394		       90 4b		      bcc	notup
   5339  2396							;up
   5340  2396		       4a		      lsr
   5341  2397		       90 02		      bcc	onedecup
   5342  2399		       c6 ef		      dec	playfieldpos
   5343  239b				   onedecup
   5344  239b		       c6 ef		      dec	playfieldpos
   5345  239d		       f0 02		      beq	shiftdown
   5346  239f		       10 3d		      bpl	noshiftdown2
   5347  23a1				   shiftdown
   5348  23a1				  -	      ifconst	pfrowheight
   5349  23a1				  -	      lda	#pfrowheight
   5350  23a1					      else
   5351  23a1					      ifnconst	pfres
   5352  23a1		       a9 08		      lda	#8
   5353  23a3				  -	      else
   5354  23a3				  -	      lda	#(96/pfres)	; try to come close to the real size
   5355  23a3					      endif
   5356  23a3					      endif
   5357  23a3
   5358  23a3		       85 ef		      sta	playfieldpos
   5359  23a5		       a5 a7		      lda	playfield+3
   5360  23a7		       85 9f		      sta	temp4
   5361  23a9		       a5 a6		      lda	playfield+2
   5362  23ab		       85 9e		      sta	temp3
   5363  23ad		       a5 a5		      lda	playfield+1
   5364  23af		       85 9d		      sta	temp2
   5365  23b1		       a5 a4		      lda	playfield
   5366  23b3		       85 9c		      sta	temp1
   5367  23b5		       a2 00		      ldx	#0
   5368  23b7				   up2
   5369  23b7		       b5 a8		      lda	playfield+4,x
   5370  23b9				  -	      ifconst	superchip
   5371  23b9				  -	      sta	playfield-128,x
   5372  23b9				  -	      lda	playfield+5,x
   5373  23b9				  -	      sta	playfield-127,x
   5374  23b9				  -	      lda	playfield+6,x
   5375  23b9				  -	      sta	playfield-126,x
   5376  23b9				  -	      lda	playfield+7,x
   5377  23b9				  -	      sta	playfield-125,x
   5378  23b9					      else
   5379  23b9		       95 a4		      sta	playfield,x
   5380  23bb		       b5 a9		      lda	playfield+5,x
   5381  23bd		       95 a5		      sta	playfield+1,x
   5382  23bf		       b5 aa		      lda	playfield+6,x
   5383  23c1		       95 a6		      sta	playfield+2,x
   5384  23c3		       b5 ab		      lda	playfield+7,x
   5385  23c5		       95 a7		      sta	playfield+3,x
   5386  23c7					      endif
   5387  23c7		       8a		      txa
   5388  23c8		       cb fc		      sbx	#252
   5389  23ca				  -	      ifconst	pfres
   5390  23ca				  -	      cpx	#(pfres-1)*4
   5391  23ca					      else
   5392  23ca		       e0 2c		      cpx	#44
   5393  23cc					      endif
   5394  23cc		       d0 e9		      bne	up2
   5395  23ce
   5396  23ce		       a5 9f		      lda	temp4
   5397  23d0
   5398  23d0				  -	      ifconst	superchip
   5399  23d0				  -	      ifconst	pfres
   5400  23d0				  -	      sta	playfield+pfres*4-129
   5401  23d0				  -	      lda	temp3
   5402  23d0				  -	      sta	playfield+pfres*4-130
   5403  23d0				  -	      lda	temp2
   5404  23d0				  -	      sta	playfield+pfres*4-131
   5405  23d0				  -	      lda	temp1
   5406  23d0				  -	      sta	playfield+pfres*4-132
   5407  23d0				  -	      else
   5408  23d0				  -	      sta	playfield+47-128
   5409  23d0				  -	      lda	temp3
   5410  23d0				  -	      sta	playfield+46-128
   5411  23d0				  -	      lda	temp2
   5412  23d0				  -	      sta	playfield+45-128
   5413  23d0				  -	      lda	temp1
   5414  23d0				  -	      sta	playfield+44-128
   5415  23d0				  -	      endif
   5416  23d0					      else
   5417  23d0				  -	      ifconst	pfres
   5418  23d0				  -	      sta	playfield+pfres*4-1
   5419  23d0				  -	      lda	temp3
   5420  23d0				  -	      sta	playfield+pfres*4-2
   5421  23d0				  -	      lda	temp2
   5422  23d0				  -	      sta	playfield+pfres*4-3
   5423  23d0				  -	      lda	temp1
   5424  23d0				  -	      sta	playfield+pfres*4-4
   5425  23d0					      else
   5426  23d0		       85 d3		      sta	playfield+47
   5427  23d2		       a5 9e		      lda	temp3
   5428  23d4		       85 d2		      sta	playfield+46
   5429  23d6		       a5 9d		      lda	temp2
   5430  23d8		       85 d1		      sta	playfield+45
   5431  23da		       a5 9c		      lda	temp1
   5432  23dc		       85 d0		      sta	playfield+44
   5433  23de					      endif
   5434  23de					      endif
   5435  23de				   noshiftdown2
      0  23de					      RETURN
      1  23de				  -	      ifnconst	bankswitch
      2  23de				  -	      rts
      3  23de					      else
      4  23de		       4c dd ff 	      jmp	BS_return
      5  23e1					      endif
   5437  23e1
   5438  23e1
   5439  23e1				   notup
   5440  23e1							;down
   5441  23e1		       4a		      lsr
   5442  23e2		       b0 02		      bcs	oneincup
   5443  23e4		       e6 ef		      inc	playfieldpos
   5444  23e6				   oneincup
   5445  23e6		       e6 ef		      inc	playfieldpos
   5446  23e8		       a5 ef		      lda	playfieldpos
   5447  23ea
   5448  23ea				  -	      ifconst	pfrowheight
   5449  23ea				  -	      cmp	#pfrowheight+1
   5450  23ea					      else
   5451  23ea					      ifnconst	pfres
   5452  23ea		       c9 09		      cmp	#9
   5453  23ec				  -	      else
   5454  23ec				  -	      cmp	#(96/pfres)+1	; try to come close to the real size
   5455  23ec					      endif
   5456  23ec					      endif
   5457  23ec
   5458  23ec		       90 3b		      bcc	noshiftdown
   5459  23ee		       a9 01		      lda	#1
   5460  23f0		       85 ef		      sta	playfieldpos
   5461  23f2
   5462  23f2				  -	      ifconst	pfres
   5463  23f2				  -	      lda	playfield+pfres*4-1
   5464  23f2				  -	      sta	temp4
   5465  23f2				  -	      lda	playfield+pfres*4-2
   5466  23f2				  -	      sta	temp3
   5467  23f2				  -	      lda	playfield+pfres*4-3
   5468  23f2				  -	      sta	temp2
   5469  23f2				  -	      lda	playfield+pfres*4-4
   5470  23f2					      else
   5471  23f2		       a5 d3		      lda	playfield+47
   5472  23f4		       85 9f		      sta	temp4
   5473  23f6		       a5 d2		      lda	playfield+46
   5474  23f8		       85 9e		      sta	temp3
   5475  23fa		       a5 d1		      lda	playfield+45
   5476  23fc		       85 9d		      sta	temp2
   5477  23fe		       a5 d0		      lda	playfield+44
   5478  2400					      endif
   5479  2400
   5480  2400		       85 9c		      sta	temp1
   5481  2402
   5482  2402				  -	      ifconst	pfres
   5483  2402				  -	      ldx	#(pfres-1)*4
   5484  2402					      else
   5485  2402		       a2 2c		      ldx	#44
   5486  2404					      endif
   5487  2404				   down2
   5488  2404		       b5 a3		      lda	playfield-1,x
   5489  2406				  -	      ifconst	superchip
   5490  2406				  -	      sta	playfield-125,x
   5491  2406				  -	      lda	playfield-2,x
   5492  2406				  -	      sta	playfield-126,x
   5493  2406				  -	      lda	playfield-3,x
   5494  2406				  -	      sta	playfield-127,x
   5495  2406				  -	      lda	playfield-4,x
   5496  2406				  -	      sta	playfield-128,x
   5497  2406					      else
   5498  2406		       95 a7		      sta	playfield+3,x
   5499  2408		       b5 a2		      lda	playfield-2,x
   5500  240a		       95 a6		      sta	playfield+2,x
   5501  240c		       b5 a1		      lda	playfield-3,x
   5502  240e		       95 a5		      sta	playfield+1,x
   5503  2410		       b5 a0		      lda	playfield-4,x
   5504  2412		       95 a4		      sta	playfield,x
   5505  2414					      endif
   5506  2414		       8a		      txa
   5507  2415		       cb 04		      sbx	#4
   5508  2417		       d0 eb		      bne	down2
   5509  2419
   5510  2419		       a5 9f		      lda	temp4
   5511  241b				  -	      ifconst	superchip
   5512  241b				  -	      sta	playfield-125
   5513  241b				  -	      lda	temp3
   5514  241b				  -	      sta	playfield-126
   5515  241b				  -	      lda	temp2
   5516  241b				  -	      sta	playfield-127
   5517  241b				  -	      lda	temp1
   5518  241b				  -	      sta	playfield-128
   5519  241b					      else
   5520  241b		       85 a7		      sta	playfield+3
   5521  241d		       a5 9e		      lda	temp3
   5522  241f		       85 a6		      sta	playfield+2
   5523  2421		       a5 9d		      lda	temp2
   5524  2423		       85 a5		      sta	playfield+1
   5525  2425		       a5 9c		      lda	temp1
   5526  2427		       85 a4		      sta	playfield
   5527  2429					      endif
   5528  2429				   noshiftdown
      0  2429					      RETURN
      1  2429				  -	      ifnconst	bankswitch
      2  2429				  -	      rts
      3  2429					      else
      4  2429		       4c dd ff 	      jmp	BS_return
      5  242c					      endif
   5530  242c							; Provided under the CC0 license. See the included LICENSE.txt for details.
   5531  242c
   5532  242c							;standard routines needed for pretty much all games
   5533  242c							; just the random number generator is left - maybe we should remove this asm file altogether?
   5534  242c							; repositioning code and score pointer setup moved to overscan
   5535  242c							; read switches, joysticks now compiler generated (more efficient)
   5536  242c
   5537  242c				   randomize
   5538  242c		       a5 a2		      lda	rand
   5539  242e		       4a		      lsr
   5540  242f				  -	      ifconst	rand16
   5541  242f				  -	      rol	rand16
   5542  242f					      endif
   5543  242f		       90 02		      bcc	noeor
   5544  2431		       49 b4		      eor	#$B4
   5545  2433				   noeor
   5546  2433		       85 a2		      sta	rand
   5547  2435				  -	      ifconst	rand16
   5548  2435				  -	      eor	rand16
   5549  2435					      endif
      0  2435					      RETURN
      1  2435				  -	      ifnconst	bankswitch
      2  2435				  -	      rts
      3  2435					      else
      4  2435		       4c dd ff 	      jmp	BS_return
      5  2438					      endif
   5551  2438							; Provided under the CC0 license. See the included LICENSE.txt for details.
   5552  2438
   5553  2438				   drawscreen
   5554  2438				  -	      ifconst	debugscore
   5555  2438				  -	      ldx	#14
   5556  2438				  -	      lda	INTIM	; display # cycles left in the score
   5557  2438				  -
   5558  2438				  -	      ifconst	mincycles
   5559  2438				  -	      lda	mincycles
   5560  2438				  -	      cmp	INTIM
   5561  2438				  -	      lda	mincycles
   5562  2438				  -	      bcc	nochange
   5563  2438				  -	      lda	INTIM
   5564  2438				  -	      sta	mincycles
   5565  2438				  -nochange
   5566  2438				  -	      endif
   5567  2438				  -
   5568  2438				  -			; cmp #$2B
   5569  2438				  -			; bcs no_cycles_left
   5570  2438				  -	      bmi	cycles_left
   5571  2438				  -	      ldx	#64
   5572  2438				  -	      eor	#$ff	;make negative
   5573  2438				  -cycles_left
   5574  2438				  -	      stx	scorecolor
   5575  2438				  -	      and	#$7f	; clear sign bit
   5576  2438				  -	      tax
   5577  2438				  -	      lda	scorebcd,x
   5578  2438				  -	      sta	score+2
   5579  2438				  -	      lda	scorebcd1,x
   5580  2438				  -	      sta	score+1
   5581  2438				  -	      jmp	done_debugscore
   5582  2438				  -scorebcd
   5583  2438				  -	      .byte	$00, $64, $28, $92, $56, $20, $84, $48, $12, $76, $40
   5584  2438				  -	      .byte	$04, $68, $32, $96, $60, $24, $88, $52, $16, $80, $44
   5585  2438				  -	      .byte	$08, $72, $36, $00, $64, $28, $92, $56, $20, $84, $48
   5586  2438				  -	      .byte	$12, $76, $40, $04, $68, $32, $96, $60, $24, $88
   5587  2438				  -scorebcd1
   5588  2438				  -	      .byte	0, 0, 1, 1, 2, 3, 3, 4, 5, 5, 6
   5589  2438				  -	      .byte	7, 7, 8, 8, 9, $10, $10, $11, $12, $12, $13
   5590  2438				  -	      .byte	$14, $14, $15, $16, $16, $17, $17, $18, $19, $19, $20
   5591  2438				  -	      .byte	$21, $21, $22, $23, $23, $24, $24, $25, $26, $26
   5592  2438				  -done_debugscore
   5593  2438					      endif
   5594  2438
   5595  2438				  -	      ifconst	debugcycles
   5596  2438				  -	      lda	INTIM	; if we go over, it mucks up the background color
   5597  2438				  -			; cmp #$2B
   5598  2438				  -			; BCC overscan
   5599  2438				  -	      bmi	overscan
   5600  2438				  -	      sta	COLUBK
   5601  2438				  -	      bcs	doneoverscan
   5602  2438					      endif
   5603  2438
   5604  2438				   overscan
   5605  2438				  -	      ifconst	interlaced
   5606  2438				  -	      PHP
   5607  2438				  -	      PLA
   5608  2438				  -	      EOR	#4	; flip interrupt bit
   5609  2438				  -	      PHA
   5610  2438				  -	      PLP
   5611  2438				  -	      AND	#4	; isolate the interrupt bit
   5612  2438				  -	      TAX		; save it for later
   5613  2438					      endif
   5614  2438
   5615  2438				   overscanloop
   5616  2438		       ad 84 02 	      lda	INTIM	;wait for sync
   5617  243b		       30 fb		      bmi	overscanloop
   5618  243d				   doneoverscan
   5619  243d
   5620  243d							;do VSYNC
   5621  243d
   5622  243d				  -	      ifconst	interlaced
   5623  243d				  -	      CPX	#4
   5624  243d				  -	      BNE	oddframevsync
   5625  243d					      endif
   5626  243d
   5627  243d		       a9 02		      lda	#2
   5628  243f		       85 02		      sta	WSYNC
   5629  2441		       85 00		      sta	VSYNC
   5630  2443		       85 02		      STA	WSYNC
   5631  2445		       85 02		      STA	WSYNC
   5632  2447		       4a		      lsr
   5633  2448		       85 02		      STA	WSYNC
   5634  244a		       85 00		      STA	VSYNC
   5635  244c		       85 01		      sta	VBLANK
   5636  244e				  -	      ifnconst	overscan_time
   5637  244e				  -	      lda	#37+128
   5638  244e					      else
   5639  244e		       a9 d2		      lda	#overscan_time+128
   5640  2450					      endif
   5641  2450		       8d 96 02 	      sta	TIM64T
   5642  2453
   5643  2453				  -	      ifconst	interlaced
   5644  2453				  -	      jmp	postsync
   5645  2453				  -
   5646  2453				  -oddframevsync
   5647  2453				  -	      sta	WSYNC
   5648  2453				  -
   5649  2453				  -	      LDA	($80,X)	; 11 waste
   5650  2453				  -	      LDA	($80,X)	; 11 waste
   5651  2453				  -	      LDA	($80,X)	; 11 waste
   5652  2453				  -
   5653  2453				  -	      lda	#2
   5654  2453				  -	      sta	VSYNC
   5655  2453				  -	      sta	WSYNC
   5656  2453				  -	      sta	WSYNC
   5657  2453				  -	      sta	WSYNC
   5658  2453				  -
   5659  2453				  -	      LDA	($80,X)	; 11 waste
   5660  2453				  -	      LDA	($80,X)	; 11 waste
   5661  2453				  -	      LDA	($80,X)	; 11 waste
   5662  2453				  -
   5663  2453				  -	      lda	#0
   5664  2453				  -	      sta	VSYNC
   5665  2453				  -	      sta	VBLANK
   5666  2453				  -	      ifnconst	overscan_time
   5667  2453				  -	      lda	#37+128
   5668  2453				  -	      else
   5669  2453				  -	      lda	#overscan_time+128
   5670  2453				  -	      endif
   5671  2453				  -	      sta	TIM64T
   5672  2453				  -
   5673  2453				  -postsync
   5674  2453					      endif
   5675  2453
   5676  2453				  -	      ifconst	legacy
   5677  2453				  -	      if	legacy < 100
   5678  2453				  -	      ldx	#4
   5679  2453				  -adjustloop
   5680  2453				  -	      lda	player0x,x
   5681  2453				  -	      sec
   5682  2453				  -	      sbc	#14	;?
   5683  2453				  -	      sta	player0x,x
   5684  2453				  -	      dex
   5685  2453				  -	      bpl	adjustloop
   5686  2453				  -	      endif
   5687  2453					      endif
   5688  2453				  -	      if	((<*)>$e9)&&((<*)<$fa)
   5689  2453				  -	      repeat	($fa-(<*))
   5690  2453				  -	      nop
   5691  2453				  -	      repend
   5692  2453					      endif
   5693  2453		       85 02		      sta	WSYNC
   5694  2455		       a2 04		      ldx	#4
      0  2457					      SLEEP	3
      1  2457				   .CYCLES    SET	3
      2  2457
      3  2457				  -	      IF	.CYCLES < 2
      4  2457				  -	      ECHO	"MACRO ERROR: 'SLEEP': Duration must be > 1"
      5  2457				  -	      ERR
      6  2457					      ENDIF
      7  2457
      8  2457					      IF	.CYCLES & 1
      9  2457					      IFNCONST	NO_ILLEGAL_OPCODES
     10  2457		       04 00		      nop	0
     11  2459				  -	      ELSE
     12  2459				  -	      bit	VSYNC
     13  2459					      ENDIF
     14  2459				   .CYCLES    SET	.CYCLES - 3
     15  2459					      ENDIF
     16  2459
     17  2459				  -	      REPEAT	.CYCLES / 2
     18  2459				  -	      nop
     19  2459					      REPEND
   5696  2459				   HorPosLoop		; 5
   5697  2459		       b5 80		      lda	player0x,X	;+4 9
   5698  245b		       38		      sec		;+2 11
   5699  245c				   DivideLoop
   5700  245c		       e9 0f		      sbc	#15
   5701  245e		       b0 fc		      bcs	DivideLoop	;+4 15
   5702  2460		       95 9c		      sta	temp1,X	;+4 19
   5703  2462		       95 10		      sta	RESP0,X	;+4 23
   5704  2464		       85 02		      sta	WSYNC
   5705  2466		       ca		      dex
   5706  2467		       10 f0		      bpl	HorPosLoop	;+5 5
   5707  2469							; 4
   5708  2469
   5709  2469		       a2 04		      ldx	#4
   5710  246b		       b4 9c		      ldy	temp1,X
   5711  246d		       b9 c9 f3 	      lda	repostable-256,Y
   5712  2470		       95 20		      sta	HMP0,X	;+14 18
   5713  2472
   5714  2472		       ca		      dex
   5715  2473		       b4 9c		      ldy	temp1,X
   5716  2475		       b9 c9 f3 	      lda	repostable-256,Y
   5717  2478		       95 20		      sta	HMP0,X	;+14 32
   5718  247a
   5719  247a		       ca		      dex
   5720  247b		       b4 9c		      ldy	temp1,X
   5721  247d		       b9 c9 f3 	      lda	repostable-256,Y
   5722  2480		       95 20		      sta	HMP0,X	;+14 46
   5723  2482
   5724  2482		       ca		      dex
   5725  2483		       b4 9c		      ldy	temp1,X
   5726  2485		       b9 c9 f3 	      lda	repostable-256,Y
   5727  2488		       95 20		      sta	HMP0,X	;+14 60
   5728  248a
   5729  248a		       ca		      dex
   5730  248b		       b4 9c		      ldy	temp1,X
   5731  248d		       b9 c9 f3 	      lda	repostable-256,Y
   5732  2490		       95 20		      sta	HMP0,X	;+14 74
   5733  2492
   5734  2492		       85 02		      sta	WSYNC
   5735  2494
   5736  2494		       85 2a		      sta	HMOVE	;+3 3
   5737  2496
   5738  2496
   5739  2496				  -	      ifconst	legacy
   5740  2496				  -	      if	legacy < 100
   5741  2496				  -	      ldx	#4
   5742  2496				  -adjustloop2
   5743  2496				  -	      lda	player0x,x
   5744  2496				  -	      clc
   5745  2496				  -	      adc	#14	;?
   5746  2496				  -	      sta	player0x,x
   5747  2496				  -	      dex
   5748  2496				  -	      bpl	adjustloop2
   5749  2496				  -	      endif
   5750  2496					      endif
   5751  2496
   5752  2496
   5753  2496
   5754  2496
   5755  2496							;set score pointers
   5756  2496		       a7 95		      lax	score+2
   5757  2498		       20 c9 f4 	      jsr	scorepointerset
   5758  249b		       84 9b		      sty	scorepointers+5
   5759  249d		       86 98		      stx	scorepointers+2
   5760  249f		       a7 94		      lax	score+1
   5761  24a1		       20 c9 f4 	      jsr	scorepointerset
   5762  24a4		       84 9a		      sty	scorepointers+4
   5763  24a6		       86 97		      stx	scorepointers+1
   5764  24a8		       a7 93		      lax	score
   5765  24aa		       20 c9 f4 	      jsr	scorepointerset
   5766  24ad		       84 99		      sty	scorepointers+3
   5767  24af		       86 96		      stx	scorepointers
   5768  24b1
   5769  24b1				   vblk
   5770  24b1							; run possible vblank bB code
   5771  24b1				  -	      ifconst	vblank_bB_code
   5772  24b1				  -	      jsr	vblank_bB_code
   5773  24b1					      endif
   5774  24b1				   vblk2
   5775  24b1		       ad 84 02 	      LDA	INTIM
   5776  24b4		       30 fb		      bmi	vblk2
   5777  24b6		       4c 00 f0 	      jmp	kernel
   5778  24b9
   5779  24b9
   5780  24b9		       80 70 60 50*	      .byte.b	$80,$70,$60,$50,$40,$30,$20,$10,$00
   5781  24c2		       f0 e0 d0 c0*	      .byte.b	$F0,$E0,$D0,$C0,$B0,$A0,$90
   5782  24c9				   repostable
   5783  24c9
   5784  24c9				   scorepointerset
   5785  24c9		       29 0f		      and	#$0F
   5786  24cb		       0a		      asl
   5787  24cc		       0a		      asl
   5788  24cd		       0a		      asl
   5789  24ce		       69 74		      adc	#<scoretable
   5790  24d0		       a8		      tay
   5791  24d1		       8a		      txa
   5792  24d2							; and #$F0
   5793  24d2							; lsr
   5794  24d2		       4b f0		      asr	#$F0
   5795  24d4		       69 74		      adc	#<scoretable
   5796  24d6		       aa		      tax
   5797  24d7		       60		      rts
   5798  24d8							;bB.asm
   5799  24d8							; bB.asm file is split here
   5800  24d8				   .
   5801  24d8							;;line 797;;
   5802  24d8
   5803  24d8				   .
   5804  24d8							;;line 798;;
   5805  24d8
   5806  24d8				   .
   5807  24d8							;;line 799;;
   5808  24d8
   5809  24d8				   .
   5810  24d8							;;line 800;;
   5811  24d8
   5812  24d8				   .
   5813  24d8							;;line 801;;
   5814  24d8
   5815  24d8				   .
   5816  24d8							;;line 802;;
   5817  24d8
   5818  24d8				   .
   5819  24d8							;;line 803;;
   5820  24d8
   5821  24d8				   .
   5822  24d8							;;line 804;;
   5823  24d8
   5824  24d8				   .
   5825  24d8							;;line 805;;
   5826  24d8
   5827  24d8				   .
   5828  24d8							;;line 806;;
   5829  24d8
   5830  24d8				   .
   5831  24d8							;;line 807;;
   5832  24d8
   5833  24d8				   .
   5834  24d8							;;line 808;;
   5835  24d8
   5836  24d8				   .
   5837  24d8							;;line 809;;
   5838  24d8
   5839  24d8				   .
   5840  24d8							;;line 810;;
   5841  24d8
   5842  24d8				   .
   5843  24d8							;;line 811;;
   5844  24d8
   5845  24d8				   .
   5846  24d8							;;line 812;;
   5847  24d8
   5848  24d8				   .
   5849  24d8							;;line 813;;
   5850  24d8
   5851  24d8				   .__load_level
   5852  24d8							;;line 814;; __load_level
   5853  24d8
   5854  24d8				   .L0297		;;line 815;;  _current_object_level = _level  -  1
   5855  24d8
   5856  24d8		       a5 d5		      LDA	_level
   5857  24da		       38		      SEC
   5858  24db		       e9 01		      SBC	#1
   5859  24dd		       85 e1		      STA	_current_object_level
   5860  24df				   .L0298		;;line 816;;  _current_object_level = _current_object_level  *  8
   5861  24df
   5862  24df		       a5 e1		      LDA	_current_object_level
   5863  24e1		       0a		      asl
   5864  24e2		       0a		      asl
   5865  24e3		       0a		      asl
   5866  24e4		       85 e1		      STA	_current_object_level
   5867  24e6				   .L0299		;;line 817;;  temp2 = _current_object_level  +  7  :  _ballx = objects[temp2]
   5868  24e6
   5869  24e6		       a5 e1		      LDA	_current_object_level
   5870  24e8		       18		      CLC
   5871  24e9		       69 07		      ADC	#7
   5872  24eb		       85 9d		      STA	temp2
   5873  24ed		       a6 9d		      LDX	temp2
   5874  24ef		       bd 36 f8 	      LDA	objects,x
   5875  24f2		       85 e8		      STA	_ballx
   5876  24f4				   .
   5877  24f4							;;line 818;;
   5878  24f4
   5879  24f4				   .
   5880  24f4							;;line 819;;
   5881  24f4
   5882  24f4				   .L0300		;;line 820;;  temp2 = _current_object_level  +  6  :  temp4 = objects[temp2]
   5883  24f4
   5884  24f4		       a5 e1		      LDA	_current_object_level
   5885  24f6		       18		      CLC
   5886  24f7		       69 06		      ADC	#6
   5887  24f9		       85 9d		      STA	temp2
   5888  24fb		       a6 9d		      LDX	temp2
   5889  24fd		       bd 36 f8 	      LDA	objects,x
   5890  2500		       85 9f		      STA	temp4
   5891  2502				   .L0301		;;line 821;;  callmacro divisor
   5892  2502
      0  2502					      divisor
      1  2502				   .L0398
      2  2502
      3  2502		       a9 00		      LDA	#0
      4  2504		       85 a0		      STA	temp5
      5  2506				   .L0399
      6  2506
      7  2506		       a9 07		      LDA	#7
      8  2508		       85 a1		      STA	temp6
      9  250a				   .__divisor_loop
     10  250a
     11  250a
     12  250a				   .L0400
     13  250a
     14  250a		       a5 9f		      LDA	temp4
     15  250c		       29 01		      AND	#1
     16  250e		       f0 0d		      BEQ	.skipL0400
     17  2510				   .condpart201
     18  2510		       a2 00		      LDX	#0
     19  2512		       a5 a1		      LDA	temp6
     20  2514		       85 9e		      STA	temp3
     21  2516		       a0 05		      LDY	#5
     22  2518		       a5 a0		      LDA	temp5
     23  251a		       20 eb f2 	      jsr	pfhline
     24  251d				   .skipL0400
     25  251d				   .L0401
     26  251d
     27  251d		       a5 9f		      LDA	temp4
     28  251f		       4a		      lsr
     29  2520		       85 9f		      STA	temp4
     30  2522				   .L0402
     31  2522
     32  2522		       a5 a0		      LDA	temp5
     33  2524		       18		      CLC
     34  2525		       69 04		      ADC	#4
     35  2527		       85 a0		      STA	temp5
     36  2529				   .L0403
     37  2529
     38  2529		       a5 a0		      LDA	temp5
     39  252b		       18		      CLC
     40  252c		       69 04		      ADC	#4
     41  252e		       85 a1		      STA	temp6
     42  2530				   .L0404
     43  2530
     44  2530		       a5 a0		      LDA	temp5
     45  2532		       c9 1c		      CMP	#28
     46  2534		       b0 03		      BCS	.skipL0404
     47  2536				   .condpart202
     48  2536		       4c 0a f5 	      jmp	.__divisor_loop
     49  2539				   .skipL0404
   5894  2539				   .
   5895  2539							;;line 822;;
   5896  2539
   5897  2539				   .L0302		;;line 823;;  _current_bit_object = 1
   5898  2539
   5899  2539		       a9 01		      LDA	#1
   5900  253b		       85 e5		      STA	_current_bit_object
   5901  253d				   .L0303		;;line 824;;  _playfield_section = 3
   5902  253d
   5903  253d		       a9 03		      LDA	#3
   5904  253f		       85 eb		      STA	_playfield_section
   5905  2541				   .L0304		;;line 825;;  _playfield_up = 0
   5906  2541
   5907  2541		       a9 00		      LDA	#0
   5908  2543		       85 ea		      STA	_playfield_up
   5909  2545				   .L0305		;;line 826;;  _playfield_down = 2
   5910  2545
   5911  2545		       a9 02		      LDA	#2
   5912  2547		       85 dd		      STA	_playfield_down
   5913  2549				   .
   5914  2549							;;line 827;;
   5915  2549
   5916  2549				   .__loop_objects
   5917  2549							;;line 828;; __loop_objects
   5918  2549
   5919  2549				   .
   5920  2549							;;line 829;;
   5921  2549
   5922  2549				   .L0306		;;line 830;;  if ! ( objects[_current_object_level] & _current_bit_object )  then goto __skip_tazze
   5923  2549
   5924  2549							; complex statement detected
   5925  2549		       a6 e1		      LDX	_current_object_level
   5926  254b		       bd 36 f8 	      LDA	objects,x
   5927  254e		       25 e5		      AND	_current_bit_object
   5928  2550		       d0 03		      BNE	.skipL0306
   5929  2552				   .condpart177
   5930  2552		       4c a0 f5 	      jmp	.__skip_tazze
   5931  2555				   .skipL0306
   5932  2555				   .L0307		;;line 831;;  callmacro cup _playfield_section _playfield_down
   5933  2555
      0  2555					      cup	_playfield_section, _playfield_down,
      1  2555				   .L0367
      2  2555
      3  2555		       a5 dd		      LDA	_playfield_down
      4  2557		       18		      CLC
      5  2558		       69 02		      ADC	#2
      6  255a		       85 a1		      STA	temp6
      7  255c				   .L0368
      8  255c
      9  255c		       a5 eb		      LDA	_playfield_section
     10  255e		       18		      CLC
     11  255f		       69 04		      ADC	#4
     12  2561		       85 a0		      STA	temp5
     13  2563				   .L0369
     14  2563
     15  2563		       a5 dd		      LDA	_playfield_down
     16  2565		       85 9f		      STA	temp4
     17  2567				   .L0369fortemp4
     18  2567				   .L0370
     19  2567
     20  2567		       a2 00		      LDX	#0
     21  2569		       a5 a0		      LDA	temp5
     22  256b		       85 9e		      STA	temp3
     23  256d		       a4 9f		      LDY	temp4
     24  256f		       a5 eb		      LDA	_playfield_section
     25  2571		       20 eb f2 	      jsr	pfhline
     26  2574				   .L0371
     27  2574
     28  2574		       a5 9f		      LDA	temp4
     29  2576		       c5 a1		      CMP	temp6
     30  2578		       e6 9f		      INC	temp4
     31  257a		       90 eb		      bcc	.L0369fortemp4
     32  257c				  -	      if	( (((((#>*)&$1f)*256)|(#<.L0369fortemp4))>=bankswitch_hotspot) && (((((#>*)&$1f)*256)|(#<.L0369fortemp4))<=(bankswitch_hotspot+bs_mask)) )
     33  257c				  -	      echo	"WARNING: branch near the end of bank 2 may accidentally trigger a bankswitch. Reposition code there if bad things happen."
     34  257c					      endif
     35  257c				   .L0372
     36  257c
     37  257c		       a2 01		      LDX	#1
     38  257e		       a4 a1		      LDY	temp6
     39  2580		       a5 a0		      LDA	temp5
     40  2582		       20 bb f2 	      jsr	pfpixel
   5935  2585				   .L0308		;;line 832;;  if _playfield_up then goto __skip_tazze
   5936  2585
   5937  2585		       a5 ea		      LDA	_playfield_up
   5938  2587		       f0 03		      BEQ	.skipL0308
   5939  2589				   .condpart178
   5940  2589		       4c a0 f5 	      jmp	.__skip_tazze
   5941  258c				   .skipL0308
   5942  258c				   .L0309		;;line 833;;  callmacro piano _playfield_section 4
   5943  258c
      0  258c					      piano	_playfield_section, #4,
      1  258c				   .L0395
      2  258c
      3  258c		       a5 eb		      LDA	_playfield_section
      4  258e		       18		      CLC
      5  258f		       69 04		      ADC	#4
      6  2591		       85 a0		      STA	temp5
      7  2593				   .L0396
      8  2593
      9  2593		       a2 00		      LDX	#0
     10  2595		       a5 a0		      LDA	temp5
     11  2597		       85 9e		      STA	temp3
     12  2599		       a0 05		      LDY	#5
     13  259b		       a5 eb		      LDA	_playfield_section
     14  259d		       20 eb f2 	      jsr	pfhline
   5945  25a0				   .__skip_tazze
   5946  25a0							;;line 834;; __skip_tazze
   5947  25a0
   5948  25a0				   .
   5949  25a0							;;line 835;;
   5950  25a0
   5951  25a0				   .
   5952  25a0							;;line 836;;
   5953  25a0
   5954  25a0				   .L0310		;;line 837;;  temp2 = _current_object_level + 2
   5955  25a0
   5956  25a0		       a5 e1		      LDA	_current_object_level
   5957  25a2		       18		      CLC
   5958  25a3		       69 02		      ADC	#2
   5959  25a5		       85 9d		      STA	temp2
   5960  25a7				   .L0311		;;line 838;;  if ! ( objects[temp2] & _current_bit_object )  then goto __skip_muri
   5961  25a7
   5962  25a7							; complex statement detected
   5963  25a7		       a6 9d		      LDX	temp2
   5964  25a9		       bd 36 f8 	      LDA	objects,x
   5965  25ac		       25 e5		      AND	_current_bit_object
   5966  25ae		       d0 03		      BNE	.skipL0311
   5967  25b0				   .condpart179
   5968  25b0		       4c 0d f6 	      jmp	.__skip_muri
   5969  25b3				   .skipL0311
   5970  25b3				   .L0312		;;line 839;;  callmacro chocolate _playfield_section _playfield_down
   5971  25b3
      0  25b3					      chocolate	_playfield_section, _playfield_down,
      1  25b3				   .L0374
      2  25b3
      3  25b3		       a5 dd		      LDA	_playfield_down
      4  25b5		       18		      CLC
      5  25b6		       69 02		      ADC	#2
      6  25b8		       85 a1		      STA	temp6
      7  25ba				   .L0375
      8  25ba
      9  25ba		       a2 00		      LDX	#0
     10  25bc		       a5 a1		      LDA	temp6
     11  25be		       85 9e		      STA	temp3
     12  25c0		       a4 dd		      LDY	_playfield_down
     13  25c2		       a5 eb		      LDA	_playfield_section
     14  25c4		       20 02 f3 	      jsr	pfvline
     15  25c7				   .L0376
     16  25c7
     17  25c7		       a5 eb		      LDA	_playfield_section
     18  25c9		       18		      CLC
     19  25ca		       69 04		      ADC	#4
     20  25cc		       85 a0		      STA	temp5
     21  25ce				   .L0377
     22  25ce
     23  25ce		       a5 dd		      LDA	_playfield_down
     24  25d0		       38		      SEC
     25  25d1		       e9 02		      SBC	#2
     26  25d3		       85 a1		      STA	temp6
     27  25d5				   .L0378
     28  25d5
     29  25d5		       a2 00		      LDX	#0
     30  25d7		       a5 dd		      LDA	_playfield_down
     31  25d9		       85 9e		      STA	temp3
     32  25db		       a4 a1		      LDY	temp6
     33  25dd		       a5 a0		      LDA	temp5
     34  25df		       20 02 f3 	      jsr	pfvline
   5973  25e2				   .L0313		;;line 840;;  temp5 = _playfield_section  +  4
   5974  25e2
   5975  25e2		       a5 eb		      LDA	_playfield_section
   5976  25e4		       18		      CLC
   5977  25e5		       69 04		      ADC	#4
   5978  25e7		       85 a0		      STA	temp5
   5979  25e9				   .L0314		;;line 841;;  if _playfield_up then pfpixel temp5 5 on  :  goto __skip_muri
   5980  25e9
   5981  25e9		       a5 ea		      LDA	_playfield_up
   5982  25eb		       f0 0c		      BEQ	.skipL0314
   5983  25ed				   .condpart180
   5984  25ed		       a2 00		      LDX	#0
   5985  25ef		       a0 05		      LDY	#5
   5986  25f1		       a5 a0		      LDA	temp5
   5987  25f3		       20 bb f2 	      jsr	pfpixel
   5988  25f6		       4c 0d f6 	      jmp	.__skip_muri
   5989  25f9				   .skipL0314
   5990  25f9				   .L0315		;;line 842;;  callmacro piano _playfield_section 4
   5991  25f9
      0  25f9					      piano	_playfield_section, #4,
      1  25f9				   .L0395
      2  25f9
      3  25f9		       a5 eb		      LDA	_playfield_section
      4  25fb		       18		      CLC
      5  25fc		       69 04		      ADC	#4
      6  25fe		       85 a0		      STA	temp5
      7  2600				   .L0396
      8  2600
      9  2600		       a2 00		      LDX	#0
     10  2602		       a5 a0		      LDA	temp5
     11  2604		       85 9e		      STA	temp3
     12  2606		       a0 05		      LDY	#5
     13  2608		       a5 eb		      LDA	_playfield_section
     14  260a		       20 eb f2 	      jsr	pfhline
   5993  260d				   .__skip_muri
   5994  260d							;;line 843;; __skip_muri
   5995  260d
   5996  260d				   .
   5997  260d							;;line 844;;
   5998  260d
   5999  260d				   .
   6000  260d							;;line 845;;
   6001  260d
   6002  260d				   .
   6003  260d							;;line 846;;
   6004  260d
   6005  260d				   .L0316		;;line 847;;  temp2 = _current_object_level + 3
   6006  260d
   6007  260d		       a5 e1		      LDA	_current_object_level
   6008  260f		       18		      CLC
   6009  2610		       69 03		      ADC	#3
   6010  2612		       85 9d		      STA	temp2
   6011  2614				   .L0317		;;line 848;;  if ! ( objects[temp2] & _current_bit_object )  then goto __skip_gocce
   6012  2614
   6013  2614							; complex statement detected
   6014  2614		       a6 9d		      LDX	temp2
   6015  2616		       bd 36 f8 	      LDA	objects,x
   6016  2619		       25 e5		      AND	_current_bit_object
   6017  261b		       d0 03		      BNE	.skipL0317
   6018  261d				   .condpart181
   6019  261d		       4c 2d f6 	      jmp	.__skip_gocce
   6020  2620				   .skipL0317
   6021  2620				   .L0318		;;line 849;;  if _playfield_up then pfpixel _playfield_section 5 on
   6022  2620
   6023  2620		       a5 ea		      LDA	_playfield_up
   6024  2622		       f0 09		      BEQ	.skipL0318
   6025  2624				   .condpart182
   6026  2624		       a2 00		      LDX	#0
   6027  2626		       a0 05		      LDY	#5
   6028  2628		       a5 eb		      LDA	_playfield_section
   6029  262a		       20 bb f2 	      jsr	pfpixel
   6030  262d				   .skipL0318
   6031  262d				   .__skip_gocce
   6032  262d							;;line 850;; __skip_gocce
   6033  262d
   6034  262d				   .
   6035  262d							;;line 851;;
   6036  262d
   6037  262d				   .
   6038  262d							;;line 852;;
   6039  262d
   6040  262d				   .L0319		;;line 853;;  temp2 = _current_object_level + 4
   6041  262d
   6042  262d		       a5 e1		      LDA	_current_object_level
   6043  262f		       18		      CLC
   6044  2630		       69 04		      ADC	#4
   6045  2632		       85 9d		      STA	temp2
   6046  2634				   .L0320		;;line 854;;  if ! ( objects[temp2] & _current_bit_object )  then goto __skip_lampade
   6047  2634
   6048  2634							; complex statement detected
   6049  2634		       a6 9d		      LDX	temp2
   6050  2636		       bd 36 f8 	      LDA	objects,x
   6051  2639		       25 e5		      AND	_current_bit_object
   6052  263b		       d0 03		      BNE	.skipL0320
   6053  263d				   .condpart183
   6054  263d		       4c 86 f6 	      jmp	.__skip_lampade
   6055  2640				   .skipL0320
   6056  2640				   .L0321		;;line 855;;  callmacro lamp _playfield_section _playfield_up
   6057  2640
      0  2640					      lamp	_playfield_section, _playfield_up,
      1  2640				   .L0380
      2  2640
      3  2640		       a5 eb		      LDA	_playfield_section
      4  2642		       18		      CLC
      5  2643		       69 02		      ADC	#2
      6  2645		       85 a0		      STA	temp5
      7  2647				   .L0381
      8  2647
      9  2647		       a2 00		      LDX	#0
     10  2649		       a5 a0		      LDA	temp5
     11  264b		       85 9e		      STA	temp3
     12  264d		       a4 ea		      LDY	_playfield_up
     13  264f		       a5 eb		      LDA	_playfield_section
     14  2651		       20 eb f2 	      jsr	pfhline
     15  2654				   .L0382
     16  2654
     17  2654		       a5 eb		      LDA	_playfield_section
     18  2656		       18		      CLC
     19  2657		       69 01		      ADC	#1
     20  2659		       85 a0		      STA	temp5
     21  265b				   .L0383
     22  265b
     23  265b		       a5 ea		      LDA	_playfield_up
     24  265d		       18		      CLC
     25  265e		       69 01		      ADC	#1
     26  2660		       85 a1		      STA	temp6
     27  2662				   .L0384
     28  2662
     29  2662		       a2 00		      LDX	#0
     30  2664		       a4 a1		      LDY	temp6
     31  2666		       a5 a0		      LDA	temp5
     32  2668		       20 bb f2 	      jsr	pfpixel
   6059  266b				   .L0322		;;line 856;;  if !_playfield_up then goto __skip_lampade
   6060  266b
   6061  266b		       a5 ea		      LDA	_playfield_up
   6062  266d		       d0 03		      BNE	.skipL0322
   6063  266f				   .condpart184
   6064  266f		       4c 86 f6 	      jmp	.__skip_lampade
   6065  2672				   .skipL0322
   6066  2672				   .L0323		;;line 857;;  callmacro piano _playfield_section 2
   6067  2672
      0  2672					      piano	_playfield_section, #2,
      1  2672				   .L0395
      2  2672
      3  2672		       a5 eb		      LDA	_playfield_section
      4  2674		       18		      CLC
      5  2675		       69 02		      ADC	#2
      6  2677		       85 a0		      STA	temp5
      7  2679				   .L0396
      8  2679
      9  2679		       a2 00		      LDX	#0
     10  267b		       a5 a0		      LDA	temp5
     11  267d		       85 9e		      STA	temp3
     12  267f		       a0 05		      LDY	#5
     13  2681		       a5 eb		      LDA	_playfield_section
     14  2683		       20 eb f2 	      jsr	pfhline
   6069  2686				   .__skip_lampade
   6070  2686							;;line 858;; __skip_lampade
   6071  2686
   6072  2686				   .
   6073  2686							;;line 859;;
   6074  2686
   6075  2686				   .
   6076  2686							;;line 860;;
   6077  2686
   6078  2686				   .L0324		;;line 861;;  temp2 = _current_object_level + 5
   6079  2686
   6080  2686		       a5 e1		      LDA	_current_object_level
   6081  2688		       18		      CLC
   6082  2689		       69 05		      ADC	#5
   6083  268b		       85 9d		      STA	temp2
   6084  268d				   .L0325		;;line 862;;  if ! ( objects[temp2] & _current_bit_object )  then goto __skip_tavoli
   6085  268d
   6086  268d							; complex statement detected
   6087  268d		       a6 9d		      LDX	temp2
   6088  268f		       bd 36 f8 	      LDA	objects,x
   6089  2692		       25 e5		      AND	_current_bit_object
   6090  2694		       d0 03		      BNE	.skipL0325
   6091  2696				   .condpart185
   6092  2696		       4c f3 f6 	      jmp	.__skip_tavoli
   6093  2699				   .skipL0325
   6094  2699				   .L0326		;;line 863;;  callmacro table _playfield_section _playfield_down
   6095  2699
      0  2699					      table	_playfield_section, _playfield_down,
      1  2699				   .L0386
      2  2699
      3  2699		       a5 eb		      LDA	_playfield_section
      4  269b		       18		      CLC
      5  269c		       69 02		      ADC	#2
      6  269e		       85 a0		      STA	temp5
      7  26a0				   .L0387
      8  26a0
      9  26a0		       a5 dd		      LDA	_playfield_down
     10  26a2		       18		      CLC
     11  26a3		       69 01		      ADC	#1
     12  26a5		       85 a1		      STA	temp6
     13  26a7				   .L0388
     14  26a7
     15  26a7		       a2 00		      LDX	#0
     16  26a9		       a5 a0		      LDA	temp5
     17  26ab		       85 9e		      STA	temp3
     18  26ad		       a4 a1		      LDY	temp6
     19  26af		       a5 eb		      LDA	_playfield_section
     20  26b1		       20 eb f2 	      jsr	pfhline
     21  26b4				   .L0389
     22  26b4
     23  26b4		       e6 a1		      INC	temp6
     24  26b6				   .L0390
     25  26b6
     26  26b6		       a2 00		      LDX	#0
     27  26b8		       a4 a1		      LDY	temp6
     28  26ba		       a5 eb		      LDA	_playfield_section
     29  26bc		       20 bb f2 	      jsr	pfpixel
     30  26bf				   .L0391
     31  26bf
     32  26bf		       a2 00		      LDX	#0
     33  26c1		       a4 a1		      LDY	temp6
     34  26c3		       a5 a0		      LDA	temp5
     35  26c5		       20 bb f2 	      jsr	pfpixel
     36  26c8				   .L0392
     37  26c8
     38  26c8		       a5 eb		      LDA	_playfield_section
     39  26ca		       18		      CLC
     40  26cb		       69 04		      ADC	#4
     41  26cd		       85 a0		      STA	temp5
     42  26cf				   .L0393
     43  26cf
     44  26cf		       a2 00		      LDX	#0
     45  26d1		       a4 a1		      LDY	temp6
     46  26d3		       a5 a0		      LDA	temp5
     47  26d5		       20 bb f2 	      jsr	pfpixel
   6097  26d8				   .L0327		;;line 864;;  if _playfield_up then goto __skip_tavoli
   6098  26d8
   6099  26d8		       a5 ea		      LDA	_playfield_up
   6100  26da		       f0 03		      BEQ	.skipL0327
   6101  26dc				   .condpart186
   6102  26dc		       4c f3 f6 	      jmp	.__skip_tavoli
   6103  26df				   .skipL0327
   6104  26df				   .L0328		;;line 865;;  callmacro piano _playfield_section 4
   6105  26df
      0  26df					      piano	_playfield_section, #4,
      1  26df				   .L0395
      2  26df
      3  26df		       a5 eb		      LDA	_playfield_section
      4  26e1		       18		      CLC
      5  26e2		       69 04		      ADC	#4
      6  26e4		       85 a0		      STA	temp5
      7  26e6				   .L0396
      8  26e6
      9  26e6		       a2 00		      LDX	#0
     10  26e8		       a5 a0		      LDA	temp5
     11  26ea		       85 9e		      STA	temp3
     12  26ec		       a0 05		      LDY	#5
     13  26ee		       a5 eb		      LDA	_playfield_section
     14  26f0		       20 eb f2 	      jsr	pfhline
   6107  26f3				   .__skip_tavoli
   6108  26f3							;;line 866;; __skip_tavoli
   6109  26f3
   6110  26f3				   .
   6111  26f3							;;line 867;;
   6112  26f3
   6113  26f3				   .L0329		;;line 868;;  _current_bit_object = _current_bit_object  *  2
   6114  26f3
   6115  26f3		       a5 e5		      LDA	_current_bit_object
   6116  26f5		       0a		      asl
   6117  26f6		       85 e5		      STA	_current_bit_object
   6118  26f8				   .L0330		;;line 869;;  _playfield_section = _playfield_section	+  7
   6119  26f8
   6120  26f8		       a5 eb		      LDA	_playfield_section
   6121  26fa		       18		      CLC
   6122  26fb		       69 07		      ADC	#7
   6123  26fd		       85 eb		      STA	_playfield_section
   6124  26ff				   .
   6125  26ff							;;line 870;;
   6126  26ff
   6127  26ff				   .L0331		;;line 871;;  if !_playfield_up  &&  _current_bit_object = 16 then _playfield_section = 3  :  _playfield_up = 6  :  _playfield_down = 8
   6128  26ff
   6129  26ff		       a5 ea		      LDA	_playfield_up
   6130  2701		       d0 12		      BNE	.skipL0331
   6131  2703				   .condpart187
   6132  2703		       a5 e5		      LDA	_current_bit_object
   6133  2705		       c9 10		      CMP	#16
   6134  2707		       d0 0c		      BNE	.skip187then
   6135  2709				   .condpart188
   6136  2709		       a9 03		      LDA	#3
   6137  270b		       85 eb		      STA	_playfield_section
   6138  270d		       a9 06		      LDA	#6
   6139  270f		       85 ea		      STA	_playfield_up
   6140  2711		       a9 08		      LDA	#8
   6141  2713		       85 dd		      STA	_playfield_down
   6142  2715				   .skip187then
   6143  2715				   .skipL0331
   6144  2715				   .L0332		;;line 872;;  if _current_bit_object then goto __loop_objects
   6145  2715
   6146  2715		       a5 e5		      LDA	_current_bit_object
   6147  2717		       f0 03		      BEQ	.skipL0332
   6148  2719				   .condpart189
   6149  2719		       4c 49 f5 	      jmp	.__loop_objects
   6150  271c				   .skipL0332
   6151  271c				   .
   6152  271c							;;line 873;;
   6153  271c
   6154  271c				   .
   6155  271c							;;line 874;;
   6156  271c
   6157  271c				   .L0333		;;line 875;;  if _level  >  4 then pfvline _pushCol 8 10 on
   6158  271c
   6159  271c		       a9 04		      LDA	#4
   6160  271e		       c5 d5		      CMP	_level
   6161  2720		       b0 0d		      BCS	.skipL0333
   6162  2722				   .condpart190
   6163  2722		       a2 00		      LDX	#0
   6164  2724		       a9 0a		      LDA	#10
   6165  2726		       85 9e		      STA	temp3
   6166  2728		       a0 08		      LDY	#8
   6167  272a		       a5 e6		      LDA	_pushCol
   6168  272c		       20 02 f3 	      jsr	pfvline
   6169  272f				   .skipL0333
   6170  272f				   .
   6171  272f							;;line 876;;
   6172  272f
   6173  272f				   .L0334		;;line 877;;  return otherbank
   6174  272f
   6175  272f		       4c dd ff 	      JMP	BS_return
   6176  2732				   .
   6177  2732							;;line 878;;
   6178  2732
   6179  2732				   .
   6180  2732							;;line 879;;
   6181  2732
   6182  2732				   .
   6183  2732							;;line 880;;
   6184  2732
   6185  2732				   .
   6186  2732							;;line 881;;
   6187  2732
   6188  2732				   .
   6189  2732							;;line 882;;
   6190  2732
   6191  2732				   .
   6192  2732							;;line 883;;
   6193  2732
   6194  2732				   .
   6195  2732							;;line 884;;
   6196  2732
   6197  2732				   .
   6198  2732							;;line 885;;
   6199  2732
   6200  2732				   .__update_drops
   6201  2732							;;line 886;; __update_drops
   6202  2732
   6203  2732				   .L0335		;;line 887;;  if _frame_counter  &  7 then return otherbank
   6204  2732
   6205  2732		       a5 d6		      LDA	_frame_counter
   6206  2734		       29 07		      AND	#7
   6207  2736		       f0 03		      BEQ	.skipL0335
   6208  2738				   .condpart191
   6209  2738		       4c dd ff 	      JMP	BS_return
   6210  273b				   .skipL0335
   6211  273b				   .L0336		;;line 888;;  temp2 = _level  -  1
   6212  273b
   6213  273b		       a5 d5		      LDA	_level
   6214  273d		       38		      SEC
   6215  273e		       e9 01		      SBC	#1
   6216  2740		       85 9d		      STA	temp2
   6217  2742				   .L0337		;;line 889;;  temp2 = temp2  *  8
   6218  2742
   6219  2742		       a5 9d		      LDA	temp2
   6220  2744		       0a		      asl
   6221  2745		       0a		      asl
   6222  2746		       0a		      asl
   6223  2747		       85 9d		      STA	temp2
   6224  2749				   .L0338		;;line 890;;  temp2 = temp2  +  3
   6225  2749
   6226  2749		       a5 9d		      LDA	temp2
   6227  274b		       18		      CLC
   6228  274c		       69 03		      ADC	#3
   6229  274e		       85 9d		      STA	temp2
   6230  2750				   .L0339		;;line 891;;  temp4 = objects[temp2]
   6231  2750
   6232  2750		       a6 9d		      LDX	temp2
   6233  2752		       bd 36 f8 	      LDA	objects,x
   6234  2755		       85 9f		      STA	temp4
   6235  2757				   .L0340		;;line 892;;  temp5 = 3  :  temp6 = 0
   6236  2757
   6237  2757		       a9 03		      LDA	#3
   6238  2759		       85 a0		      STA	temp5
   6239  275b		       a9 00		      LDA	#0
   6240  275d		       85 a1		      STA	temp6
   6241  275f				   .__drop_loop
   6242  275f							;;line 893;; __drop_loop
   6243  275f
   6244  275f				   .L0341		;;line 894;;  if !temp4 then return otherbank
   6245  275f
   6246  275f		       a5 9f		      LDA	temp4
   6247  2761		       d0 03		      BNE	.skipL0341
   6248  2763				   .condpart192
   6249  2763		       4c dd ff 	      JMP	BS_return
   6250  2766				   .skipL0341
   6251  2766				   .L0342		;;line 895;;  if ! ( temp4  &	1 )  then goto __drop_next
   6252  2766
   6253  2766							; complex statement detected
   6254  2766		       a5 9f		      LDA	temp4
   6255  2768		       29 01		      AND	#1
   6256  276a		       d0 03		      BNE	.skipL0342
   6257  276c				   .condpart193
   6258  276c		       4c a7 f7 	      jmp	.__drop_next
   6259  276f				   .skipL0342
   6260  276f				   .L0343		;;line 896;;  temp1 = temp6  +  3
   6261  276f
   6262  276f		       a5 a1		      LDA	temp6
   6263  2771		       18		      CLC
   6264  2772		       69 03		      ADC	#3
   6265  2774		       85 9c		      STA	temp1
   6266  2776				   .L0344		;;line 897;;  pfvline temp5 temp6 temp1 off
   6267  2776
   6268  2776		       a2 01		      LDX	#1
   6269  2778		       a5 9c		      LDA	temp1
   6270  277a		       85 9e		      STA	temp3
   6271  277c		       a4 a1		      LDY	temp6
   6272  277e		       a5 a0		      LDA	temp5
   6273  2780		       20 02 f3 	      jsr	pfvline
   6274  2783				   .L0345		;;line 898;;  temp1 = _frame_counter  /  8
   6275  2783
   6276  2783		       a5 d6		      LDA	_frame_counter
   6277  2785		       4a		      lsr
   6278  2786		       4a		      lsr
   6279  2787		       4a		      lsr
   6280  2788		       85 9c		      STA	temp1
   6281  278a				   .L0346		;;line 899;;  temp1 = temp1  +  temp5
   6282  278a
   6283  278a		       a5 9c		      LDA	temp1
   6284  278c		       18		      CLC
   6285  278d		       65 a0		      ADC	temp5
   6286  278f		       85 9c		      STA	temp1
   6287  2791				   .L0347		;;line 900;;  temp1 = temp1  &  3
   6288  2791
   6289  2791		       a5 9c		      LDA	temp1
   6290  2793		       29 03		      AND	#3
   6291  2795		       85 9c		      STA	temp1
   6292  2797				   .L0348		;;line 901;;  temp1 = temp1  +  temp6
   6293  2797
   6294  2797		       a5 9c		      LDA	temp1
   6295  2799		       18		      CLC
   6296  279a		       65 a1		      ADC	temp6
   6297  279c		       85 9c		      STA	temp1
   6298  279e				   .L0349		;;line 902;;  pfpixel temp5 temp1 on
   6299  279e
   6300  279e		       a2 00		      LDX	#0
   6301  27a0		       a4 9c		      LDY	temp1
   6302  27a2		       a5 a0		      LDA	temp5
   6303  27a4		       20 bb f2 	      jsr	pfpixel
   6304  27a7				   .__drop_next
   6305  27a7							;;line 903;; __drop_next
   6306  27a7
   6307  27a7				   .L0350		;;line 904;;  temp4 = temp4  /  2
   6308  27a7
   6309  27a7		       a5 9f		      LDA	temp4
   6310  27a9		       4a		      lsr
   6311  27aa		       85 9f		      STA	temp4
   6312  27ac				   .L0351		;;line 905;;  temp5 = temp5  +  7
   6313  27ac
   6314  27ac		       a5 a0		      LDA	temp5
   6315  27ae		       18		      CLC
   6316  27af		       69 07		      ADC	#7
   6317  27b1		       85 a0		      STA	temp5
   6318  27b3				   .L0352		;;line 906;;  if temp5 = 31 then temp5 = 3  :	temp6 = 6
   6319  27b3
   6320  27b3		       a5 a0		      LDA	temp5
   6321  27b5		       c9 1f		      CMP	#31
   6322  27b7		       d0 08		      BNE	.skipL0352
   6323  27b9				   .condpart194
   6324  27b9		       a9 03		      LDA	#3
   6325  27bb		       85 a0		      STA	temp5
   6326  27bd		       a9 06		      LDA	#6
   6327  27bf		       85 a1		      STA	temp6
   6328  27c1				   .skipL0352
   6329  27c1				   .L0353		;;line 907;;  goto __drop_loop
   6330  27c1
   6331  27c1		       4c 5f f7 	      jmp	.__drop_loop
   6332  27c4				   .
   6333  27c4							;;line 908;;
   6334  27c4
   6335  27c4				   .
   6336  27c4							;;line 909;;
   6337  27c4
   6338  27c4				   .
   6339  27c4							;;line 910;;
   6340  27c4
   6341  27c4				   .
   6342  27c4							;;line 911;;
   6343  27c4
   6344  27c4				   .
   6345  27c4							;;line 912;;
   6346  27c4
   6347  27c4				   .
   6348  27c4							;;line 913;;
   6349  27c4
   6350  27c4				   .
   6351  27c4							;;line 914;;
   6352  27c4
   6353  27c4				   .
   6354  27c4							;;line 915;;
   6355  27c4
   6356  27c4				   .
   6357  27c4							;;line 916;;
   6358  27c4
   6359  27c4				   .
   6360  27c4							;;line 917;;
   6361  27c4
   6362  27c4				   .__push_wall
   6363  27c4							;;line 918;; __push_wall
   6364  27c4
   6365  27c4				   .L0354		;;line 919;;  if _frame_counter  &  7 then return otherbank
   6366  27c4
   6367  27c4		       a5 d6		      LDA	_frame_counter
   6368  27c6		       29 07		      AND	#7
   6369  27c8		       f0 03		      BEQ	.skipL0354
   6370  27ca				   .condpart195
   6371  27ca		       4c dd ff 	      JMP	BS_return
   6372  27cd				   .skipL0354
   6373  27cd				   .L0355		;;line 920;;  temp5 = _pushCol  +  temp4
   6374  27cd
   6375  27cd		       a5 e6		      LDA	_pushCol
   6376  27cf		       18		      CLC
   6377  27d0		       65 9f		      ADC	temp4
   6378  27d2		       85 a0		      STA	temp5
   6379  27d4				   .L0356		;;line 921;;  if temp5  <  _Push_Min  ||  temp5  >  _Push_Max then return otherbank
   6380  27d4
   6381  27d4		       a5 a0		      LDA	temp5
   6382  27d6		       c9 08		      CMP	#_Push_Min
   6383  27d8		       b0 03		      BCS	.skipL0356
   6384  27da				   .condpart196
   6385  27da		       4c e3 f7 	      jmp	.condpart197
   6386  27dd				   .skipL0356
   6387  27dd		       a9 10		      LDA	#_Push_Max
   6388  27df		       c5 a0		      CMP	temp5
   6389  27e1		       b0 03		      BCS	.skip43OR
   6390  27e3				   .condpart197
   6391  27e3		       4c dd ff 	      JMP	BS_return
   6392  27e6				   .skip43OR
   6393  27e6				   .L0357		;;line 922;;  if pfread ( temp5 ,  8 )  then return otherbank
   6394  27e6
   6395  27e6		       a5 a0		      LDA	temp5
   6396  27e8		       a0 08		      LDY	#8
   6397  27ea		       20 ac f2 	      jsr	pfread
   6398  27ed		       d0 03		      BNE	.skipL0357
   6399  27ef				   .condpart198
   6400  27ef		       4c dd ff 	      JMP	BS_return
   6401  27f2				   .skipL0357
   6402  27f2				   .L0358		;;line 923;;  if pfread ( temp5 ,  9 )  then return otherbank
   6403  27f2
   6404  27f2		       a5 a0		      LDA	temp5
   6405  27f4		       a0 09		      LDY	#9
   6406  27f6		       20 ac f2 	      jsr	pfread
   6407  27f9		       d0 03		      BNE	.skipL0358
   6408  27fb				   .condpart199
   6409  27fb		       4c dd ff 	      JMP	BS_return
   6410  27fe				   .skipL0358
   6411  27fe				   .L0359		;;line 924;;  if pfread ( temp5 ,  10 )  then return otherbank
   6412  27fe
   6413  27fe		       a5 a0		      LDA	temp5
   6414  2800		       a0 0a		      LDY	#10
   6415  2802		       20 ac f2 	      jsr	pfread
   6416  2805		       d0 03		      BNE	.skipL0359
   6417  2807				   .condpart200
   6418  2807		       4c dd ff 	      JMP	BS_return
   6419  280a				   .skipL0359
   6420  280a				   .L0360		;;line 925;;  pfvline _pushCol 8 10 off
   6421  280a
   6422  280a		       a2 01		      LDX	#1
   6423  280c		       a9 0a		      LDA	#10
   6424  280e		       85 9e		      STA	temp3
   6425  2810		       a0 08		      LDY	#8
   6426  2812		       a5 e6		      LDA	_pushCol
   6427  2814		       20 02 f3 	      jsr	pfvline
   6428  2817				   .L0361		;;line 926;;  _pushCol = temp5
   6429  2817
   6430  2817		       a5 a0		      LDA	temp5
   6431  2819		       85 e6		      STA	_pushCol
   6432  281b				   .L0362		;;line 927;;  pfvline _pushCol 8 10 on
   6433  281b
   6434  281b		       a2 00		      LDX	#0
   6435  281d		       a9 0a		      LDA	#10
   6436  281f		       85 9e		      STA	temp3
   6437  2821		       a0 08		      LDY	#8
   6438  2823		       a5 e6		      LDA	_pushCol
   6439  2825		       20 02 f3 	      jsr	pfvline
   6440  2828				   .L0363		;;line 928;;  AUDV1 = 6  :  AUDF1 = 28
   6441  2828
   6442  2828		       a9 06		      LDA	#6
   6443  282a		       85 1a		      STA	AUDV1
   6444  282c		       a9 1c		      LDA	#28
   6445  282e		       85 18		      STA	AUDF1
   6446  2830				   .L0364		;;line 929;;  return otherbank
   6447  2830
   6448  2830		       4c dd ff 	      JMP	BS_return
   6449  2833				   .
   6450  2833							;;line 930;;
   6451  2833
   6452  2833				   .
   6453  2833							;;line 931;;
   6454  2833
   6455  2833				   .
   6456  2833							;;line 932;;
   6457  2833
   6458  2833				   .
   6459  2833							;;line 933;;
   6460  2833
   6461  2833				   .
   6462  2833							;;line 934;;
   6463  2833
   6464  2833				   .
   6465  2833							;;line 935;;
   6466  2833
   6467  2833				   .
   6468  2833							;;line 936;;
   6469  2833
   6470  2833				   .
   6471  2833							;;line 937;;
   6472  2833
   6473  2833				   .
   6474  2833							;;line 938;;
   6475  2833
   6476  2833				   .
   6477  2833							;;line 939;;
   6478  2833
   6479  2833				   .
   6480  2833							;;line 940;;
   6481  2833
   6482  2833				   .
   6483  2833							;;line 941;;
   6484  2833
   6485  2833				   .
   6486  2833							;;line 942;;
   6487  2833
   6488  2833				   .
   6489  2833							;;line 943;;
   6490  2833
   6491  2833				   .
   6492  2833							;;line 944;;
   6493  2833
   6494  2833				   .
   6495  2833							;;line 945;;
   6496  2833
   6497  2833				   .
   6498  2833							;;line 946;;
   6499  2833
   6500  2833				   .L0365		;;line 947;;  data objects
   6501  2833
   6502  2833		       4c 5e f8 	      JMP	.skipL0365
   6503  2836				   objects
   6504  2836		       00 00 00 00*	      .byte.b	%00000000, %00000000, %00000000, %00000000, %10101010, %01111010, %00100010, 18
   6505  283e
   6506  283e		       7f 00 00 00*	      .byte.b	%01111111, %00000000, %00000000, %00000000, %10000000, %00000000, %00101011, 136
   6507  2846
   6508  2846		       00 00 37 00*	      .byte.b	%00000000, %00000000, %00110111, %00000000, %00000000, %00000000, %00001011, 18
   6509  284e
   6510  284e		       00 00 aa 55*	      .byte.b	%00000000, %00000000, %10101010, %01010101, %00000000, %00000000, %00101011, 136
   6511  2856
   6512  2856		       c0 00 03 0c*	      .byte.b	%11000000, %00000000, %00000011, %00001100, %00010000, %00010000, %00101011, 18
   6513  285e
   6514  285e				   .skipL0365
   6515  285e				   .
   6516  285e							;;line 955;;
   6517  285e
   6518  285e				   .
   6519  285e							;;line 956;;
   6520  285e
   6521  285e				   .
   6522  285e							;;line 957;;
   6523  285e
   6524  285e				   .
   6525  285e							;;line 958;;
   6526  285e
   6527  285e				   .
   6528  285e							;;line 959;;
   6529  285e
   6530  285e				   .
   6531  285e							;;line 960;;
   6532  285e
   6533  285e				   .L0366		;;line 961;;  macro cup
   6534  285e
   6535  285e					      MAC	cup
   6536  285e				   .L0367		;;line 962;;  temp6 = {2}  +  2
   6537  285e
   6538  285e					      LDA	{2}
   6539  285e					      CLC
   6540  285e					      ADC	#2
   6541  285e					      STA	temp6
   6542  285e				   .L0368		;;line 963;;  temp5 = {1}  +  4
   6543  285e
   6544  285e					      LDA	{1}
   6545  285e					      CLC
   6546  285e					      ADC	#4
   6547  285e					      STA	temp5
   6548  285e				   .L0369		;;line 964;;  for temp4 = {2} to temp6
   6549  285e
   6550  285e					      LDA	{2}
   6551  285e					      STA	temp4
   6552  285e				   .L0369fortemp4
   6553  285e				   .L0370		;;line 965;;  pfhline {1} temp4 temp5 on
   6554  285e
   6555  285e					      LDX	#0
   6556  285e					      LDA	temp5
   6557  285e					      STA	temp3
   6558  285e					      LDY	temp4
   6559  285e					      LDA	{1}
   6560  285e					      jsr	pfhline
   6561  285e				   .L0371		;;line 966;;  next
   6562  285e
   6563  285e					      LDA	temp4
   6564  285e					      CMP	temp6
   6565  285e					      INC	temp4
   6566  285e					      bcc	.L0369fortemp4
   6567  285e					      if	( (((((#>*)&$1f)*256)|(#<.L0369fortemp4))>=bankswitch_hotspot) && (((((#>*)&$1f)*256)|(#<.L0369fortemp4))<=(bankswitch_hotspot+bs_mask)) )
   6568  285e					      echo	"WARNING: branch near the end of bank 2 may accidentally trigger a bankswitch. Reposition code there if bad things happen."
   6569  285e					      endif
   6570  285e				   .L0372		;;line 967;;  pfpixel temp5 temp6 off
   6571  285e
   6572  285e					      LDX	#1
   6573  285e					      LDY	temp6
   6574  285e					      LDA	temp5
   6575  285e					      jsr	pfpixel
   6576  285e					      ENDM
   6577  285e				   .
   6578  285e							;;line 969;;
   6579  285e
   6580  285e				   .
   6581  285e							;;line 970;;
   6582  285e
   6583  285e				   .
   6584  285e							;;line 971;;
   6585  285e
   6586  285e				   .L0373		;;line 972;;  macro chocolate
   6587  285e
   6588  285e					      MAC	chocolate
   6589  285e				   .L0374		;;line 973;;  temp6 = {2}  +  2
   6590  285e
   6591  285e					      LDA	{2}
   6592  285e					      CLC
   6593  285e					      ADC	#2
   6594  285e					      STA	temp6
   6595  285e				   .L0375		;;line 974;;  pfvline {1} {2} temp6 on
   6596  285e
   6597  285e					      LDX	#0
   6598  285e					      LDA	temp6
   6599  285e					      STA	temp3
   6600  285e					      LDY	{2}
   6601  285e					      LDA	{1}
   6602  285e					      jsr	pfvline
   6603  285e				   .L0376		;;line 975;;  temp5 = {1}  +  4
   6604  285e
   6605  285e					      LDA	{1}
   6606  285e					      CLC
   6607  285e					      ADC	#4
   6608  285e					      STA	temp5
   6609  285e				   .L0377		;;line 976;;  temp6 = {2}  -  2
   6610  285e
   6611  285e					      LDA	{2}
   6612  285e					      SEC
   6613  285e					      SBC	#2
   6614  285e					      STA	temp6
   6615  285e				   .L0378		;;line 977;;  pfvline temp5 temp6 {2} on
   6616  285e
   6617  285e					      LDX	#0
   6618  285e					      LDA	{2}
   6619  285e					      STA	temp3
   6620  285e					      LDY	temp6
   6621  285e					      LDA	temp5
   6622  285e					      jsr	pfvline
   6623  285e					      ENDM
   6624  285e				   .
   6625  285e							;;line 979;;
   6626  285e
   6627  285e				   .
   6628  285e							;;line 980;;
   6629  285e
   6630  285e				   .L0379		;;line 981;;  macro lamp
   6631  285e
   6632  285e					      MAC	lamp
   6633  285e				   .L0380		;;line 982;;  temp5 = {1}  +  2
   6634  285e
   6635  285e					      LDA	{1}
   6636  285e					      CLC
   6637  285e					      ADC	#2
   6638  285e					      STA	temp5
   6639  285e				   .L0381		;;line 983;;  pfhline {1} {2} temp5 on
   6640  285e
   6641  285e					      LDX	#0
   6642  285e					      LDA	temp5
   6643  285e					      STA	temp3
   6644  285e					      LDY	{2}
   6645  285e					      LDA	{1}
   6646  285e					      jsr	pfhline
   6647  285e				   .L0382		;;line 984;;  temp5 = {1}  +  1
   6648  285e
   6649  285e					      LDA	{1}
   6650  285e					      CLC
   6651  285e					      ADC	#1
   6652  285e					      STA	temp5
   6653  285e				   .L0383		;;line 985;;  temp6 = {2}  +  1
   6654  285e
   6655  285e					      LDA	{2}
   6656  285e					      CLC
   6657  285e					      ADC	#1
   6658  285e					      STA	temp6
   6659  285e				   .L0384		;;line 986;;  pfpixel temp5 temp6 on
   6660  285e
   6661  285e					      LDX	#0
   6662  285e					      LDY	temp6
   6663  285e					      LDA	temp5
   6664  285e					      jsr	pfpixel
   6665  285e					      ENDM
   6666  285e				   .
   6667  285e							;;line 988;;
   6668  285e
   6669  285e				   .
   6670  285e							;;line 989;;
   6671  285e
   6672  285e				   .L0385		;;line 990;;  macro table
   6673  285e
   6674  285e					      MAC	table
   6675  285e				   .L0386		;;line 991;;  temp5 = {1}  +  2
   6676  285e
   6677  285e					      LDA	{1}
   6678  285e					      CLC
   6679  285e					      ADC	#2
   6680  285e					      STA	temp5
   6681  285e				   .L0387		;;line 992;;  temp6 = {2}  +  1
   6682  285e
   6683  285e					      LDA	{2}
   6684  285e					      CLC
   6685  285e					      ADC	#1
   6686  285e					      STA	temp6
   6687  285e				   .L0388		;;line 993;;  pfhline {1} temp6 temp5 on
   6688  285e
   6689  285e					      LDX	#0
   6690  285e					      LDA	temp5
   6691  285e					      STA	temp3
   6692  285e					      LDY	temp6
   6693  285e					      LDA	{1}
   6694  285e					      jsr	pfhline
   6695  285e				   .L0389		;;line 994;;  temp6 = temp6  +  1
   6696  285e
   6697  285e					      INC	temp6
   6698  285e				   .L0390		;;line 995;;  pfpixel {1} temp6 on
   6699  285e
   6700  285e					      LDX	#0
   6701  285e					      LDY	temp6
   6702  285e					      LDA	{1}
   6703  285e					      jsr	pfpixel
   6704  285e				   .L0391		;;line 996;;  pfpixel temp5 temp6 on
   6705  285e
   6706  285e					      LDX	#0
   6707  285e					      LDY	temp6
   6708  285e					      LDA	temp5
   6709  285e					      jsr	pfpixel
   6710  285e				   .L0392		;;line 997;;  temp5 = {1}  +  4
   6711  285e
   6712  285e					      LDA	{1}
   6713  285e					      CLC
   6714  285e					      ADC	#4
   6715  285e					      STA	temp5
   6716  285e				   .L0393		;;line 998;;  pfpixel temp5 temp6 on
   6717  285e
   6718  285e					      LDX	#0
   6719  285e					      LDY	temp6
   6720  285e					      LDA	temp5
   6721  285e					      jsr	pfpixel
   6722  285e					      ENDM
   6723  285e				   .
   6724  285e							;;line 1000;;
   6725  285e
   6726  285e				   .
   6727  285e							;;line 1001;;
   6728  285e
   6729  285e				   .L0394		;;line 1002;;	macro piano
   6730  285e
   6731  285e					      MAC	piano
   6732  285e				   .L0395		;;line 1003;;	temp5 = {1}  +	{2}
   6733  285e
   6734  285e					      LDA	{1}
   6735  285e					      CLC
   6736  285e					      ADC	{2}
   6737  285e					      STA	temp5
   6738  285e				   .L0396		;;line 1004;;	pfhline {1} 5 temp5 on
   6739  285e
   6740  285e					      LDX	#0
   6741  285e					      LDA	temp5
   6742  285e					      STA	temp3
   6743  285e					      LDY	#5
   6744  285e					      LDA	{1}
   6745  285e					      jsr	pfhline
   6746  285e					      ENDM
   6747  285e				   .
   6748  285e							;;line 1006;;
   6749  285e
   6750  285e				   .
   6751  285e							;;line 1007;;
   6752  285e
   6753  285e				   .L0397		;;line 1008;;	macro divisor
   6754  285e
   6755  285e					      MAC	divisor
   6756  285e				   .L0398		;;line 1009;;	temp5 = 0
   6757  285e
   6758  285e					      LDA	#0
   6759  285e					      STA	temp5
   6760  285e				   .L0399		;;line 1010;;	temp6 = 7
   6761  285e
   6762  285e					      LDA	#7
   6763  285e					      STA	temp6
   6764  285e				   .__divisor_loop
   6765  285e							;;line 1011;; __divisor_loop
   6766  285e
   6767  285e				   .L0400		;;line 1012;;	if temp4  &  1 then pfhline temp5 5 temp6 on
   6768  285e
   6769  285e					      LDA	temp4
   6770  285e					      AND	#1
   6771  285e					      BEQ	.skipL0400
   6772  285e				   .condpart201
   6773  285e					      LDX	#0
   6774  285e					      LDA	temp6
   6775  285e					      STA	temp3
   6776  285e					      LDY	#5
   6777  285e					      LDA	temp5
   6778  285e					      jsr	pfhline
   6779  285e				   .skipL0400
   6780  285e				   .L0401		;;line 1013;;	temp4 = temp4  /  2
   6781  285e
   6782  285e					      LDA	temp4
   6783  285e					      lsr
   6784  285e					      STA	temp4
   6785  285e				   .L0402		;;line 1014;;	temp5 = temp5  +  4
   6786  285e
   6787  285e					      LDA	temp5
   6788  285e					      CLC
   6789  285e					      ADC	#4
   6790  285e					      STA	temp5
   6791  285e				   .L0403		;;line 1015;;	temp6 = temp5  +  4
   6792  285e
   6793  285e					      LDA	temp5
   6794  285e					      CLC
   6795  285e					      ADC	#4
   6796  285e					      STA	temp6
   6797  285e				   .L0404		;;line 1016;;	if temp5  <  28 then goto __divisor_loop
   6798  285e
   6799  285e					      LDA	temp5
   6800  285e					      CMP	#28
   6801  285e					      BCS	.skipL0404
   6802  285e				   .condpart202
   6803  285e					      jmp	.__divisor_loop
   6804  285e				   .skipL0404
   6805  285e					      ENDM
   6806  285e				  -	      ifconst	pfres
   6807  285e				  -	      if	(<*) > (254-pfres*pfwidth)
   6808  285e				  -	      align	256
   6809  285e				  -	      endif
   6810  285e				  -	      if	(<*) < (136-pfres*pfwidth)
   6811  285e				  -	      repeat	((136-pfres*pfwidth)-(<*))
   6812  285e				  -	      .byte	0
   6813  285e				  -	      repend
   6814  285e				  -	      endif
   6815  285e					      else
   6816  285e				  -	      if	(<*) > 206
   6817  285e				  -	      align	256
   6818  285e					      endif
   6819  285e				  -	      if	(<*) < 88
   6820  285e				  -	      repeat	(88-(<*))
   6821  285e				  -	      .byte	0
   6822  285e				  -	      repend
   6823  285e					      endif
   6824  285e					      endif
   6825  285e				   pfcolorlabel13
   6826  285e		       21 9e 26 00	      .byte.b	$21, $9E, $26,0
   6827  2862		       22 0e 20 00	      .byte.b	$22, $0E, $20,0
   6828  2866		       23 24 22 00	      .byte.b	$23, $24, $22,0
   6829  286a		       24 26 20 00	      .byte.b	$24, $26, $20,0
   6830  286e		       20 02 02 00	      .byte.b	$20, $02, $02,0
   6831  2872		       9e 05 28 00	      .byte.b	$9E, $05, $28,0
   6832  2876		       28 9e 26 00	      .byte.b	$28, $9E, $26,0
   6833  287a		       26 0e 20 00	      .byte.b	$26, $0E, $20,0
   6834  287e		       24 24 22 00	      .byte.b	$24, $24, $22,0
   6835  2882		       22 26 20 00	      .byte.b	$22, $26, $20,0
   6836  2886				  -	      if	(<*) > (<(*+3))
   6837  2886				  -	      repeat	($100-<*)
   6838  2886				  -	      .byte	0
   6839  2886				  -	      repend
   6840  2886					      endif
   6841  2886				   player114then_0
   6842  2886		       24		      .byte.b	%00100100
   6843  2887		       bd		      .byte.b	%10111101
   6844  2888		       5a		      .byte.b	%01011010
   6845  2889		       7e		      .byte.b	%01111110
   6846  288a				  -	      if	(<*) > (<(*+3))
   6847  288a				  -	      repeat	($100-<*)
   6848  288a				  -	      .byte	0
   6849  288a				  -	      repend
   6850  288a					      endif
   6851  288a				   player120then_0
   6852  288a		       18		      .byte.b	%00011000
   6853  288b		       bd		      .byte.b	%10111101
   6854  288c		       5a		      .byte.b	%01011010
   6855  288d		       7e		      .byte.b	%01111110
   6856  288e				  -	      if	(<*) > (<(*+3))
   6857  288e				  -	      repeat	($100-<*)
   6858  288e				  -	      .byte	0
   6859  288e				  -	      repend
   6860  288e					      endif
   6861  288e				   player121then_1
   6862  288e		       7e		      .byte.b	%01111110
   6863  288f		       81		      .byte.b	%10000001
   6864  2890		       99		      .byte.b	%10011001
   6865  2891		       66		      .byte.b	%01100110
   6866  2892				  -	      if	(<*) > (<(*+3))
   6867  2892				  -	      repeat	($100-<*)
   6868  2892				  -	      .byte	0
   6869  2892				  -	      repend
   6870  2892					      endif
   6871  2892				   player122then_1
   6872  2892		       7e		      .byte.b	%01111110
   6873  2893		       ff		      .byte.b	%11111111
   6874  2894		       ff		      .byte.b	%11111111
   6875  2895		       66		      .byte.b	%01100110
   6876  2896					      if	ECHOFIRST
      1758 bytes of ROM space left in bank 2
   6877  2896					      echo	"    ",[(scoretable - *)]d , "bytes of ROM space left in bank 2")
   6878  2896					      endif
   6879  2896		       00 01	   ECHOFIRST  =	1
   6880  2896
   6881  2896
   6882  2896							; Provided under the CC0 license. See the included LICENSE.txt for details.
   6883  2896							; font equates
   6884  2896		       00 01	   .21stcentury =	1
   6885  2896		       00 02	   alarmclock =	2
   6886  2896		       00 03	   handwritten =	3
   6887  2896		       00 04	   interrupted =	4
   6888  2896		       00 05	   retroputer =	5
   6889  2896		       00 06	   whimsey    =	6
   6890  2896		       00 07	   tiny       =	7
   6891  2896		       00 08	   hex	      =	8
   6892  2896
   6893  2896							; feel free to modify the score graphics - just keep each digit 8 high
   6894  2896							; and keep the conditional compilation stuff intact
   6895  2896					      ifnconst	PXE
   6896  2896				  -	      ifconst	ROM2k
   6897  2896				  -	      ORG	$F7AC-8
   6898  2896					      else
   6899  2896					      ifconst	bankswitch
   6900  2896					      if	bankswitch == 8
   6901  2f74					      ORG	$2F94-bscode_length
   6902  2f74					      RORG	$FF94-bscode_length
   6903  2f74					      endif
   6904  2f74				  -	      if	bankswitch == 16
   6905  2f74				  -	      ORG	$4F94-bscode_length
   6906  2f74				  -	      RORG	$FF94-bscode_length
   6907  2f74					      endif
   6908  2f74				  -	      if	bankswitch == 32
   6909  2f74				  -	      ORG	$8F94-bscode_length
   6910  2f74				  -	      RORG	$FF94-bscode_length
   6911  2f74					      endif
   6912  2f74				  -	      if	bankswitch == 64
   6913  2f74				  -	      ORG	$10F80-bscode_length
   6914  2f74				  -	      RORG	$1FF80-bscode_length
   6915  2f74					      endif
   6916  2f74				  -	      else
   6917  2f74				  -	      ORG	$FF9C
   6918  2f74					      endif
   6919  2f74					      endif
   6920  2f74
   6921  2f74
   6922  2f74				  -	      ifconst	font
   6923  2f74				  -	      if	font == hex
   6924  2f74				  -	      ORG	. - 48
   6925  2f74				  -	      endif
   6926  2f74					      endif
   6927  2f74					      endif
   6928  2f74
   6929  2f74				   scoretable
   6930  2f74
   6931  2f74				  -	      ifconst	font
   6932  2f74				  -	      if	font == .21stcentury
   6933  2f74				  -	      include	"score_graphics.asm.21stcentury"
   6934  2f74				  -	      endif
   6935  2f74				  -	      if	font == alarmclock
   6936  2f74				  -	      include	"score_graphics.asm.alarmclock"
   6937  2f74				  -	      endif
   6938  2f74				  -	      if	font == handwritten
   6939  2f74				  -	      include	"score_graphics.asm.handwritten"
   6940  2f74				  -	      endif
   6941  2f74				  -	      if	font == interrupted
   6942  2f74				  -	      include	"score_graphics.asm.interrupted"
   6943  2f74				  -	      endif
   6944  2f74				  -	      if	font == retroputer
   6945  2f74				  -	      include	"score_graphics.asm.retroputer"
   6946  2f74				  -	      endif
   6947  2f74				  -	      if	font == whimsey
   6948  2f74				  -	      include	"score_graphics.asm.whimsey"
   6949  2f74				  -	      endif
   6950  2f74				  -	      if	font == tiny
   6951  2f74				  -	      include	"score_graphics.asm.tiny"
   6952  2f74				  -	      endif
   6953  2f74				  -	      if	font == hex
   6954  2f74				  -	      include	"score_graphics.asm.hex"
   6955  2f74				  -	      endif
   6956  2f74					      else		; default font
   6957  2f74
   6958  2f74		       3c		      .byte.b	%00111100
   6959  2f75		       66		      .byte.b	%01100110
   6960  2f76		       66		      .byte.b	%01100110
   6961  2f77		       66		      .byte.b	%01100110
   6962  2f78		       66		      .byte.b	%01100110
   6963  2f79		       66		      .byte.b	%01100110
   6964  2f7a		       66		      .byte.b	%01100110
   6965  2f7b		       3c		      .byte.b	%00111100
   6966  2f7c
   6967  2f7c		       7e		      .byte.b	%01111110
   6968  2f7d		       18		      .byte.b	%00011000
   6969  2f7e		       18		      .byte.b	%00011000
   6970  2f7f		       18		      .byte.b	%00011000
   6971  2f80		       18		      .byte.b	%00011000
   6972  2f81		       38		      .byte.b	%00111000
   6973  2f82		       18		      .byte.b	%00011000
   6974  2f83		       08		      .byte.b	%00001000
   6975  2f84
   6976  2f84		       7e		      .byte.b	%01111110
   6977  2f85		       60		      .byte.b	%01100000
   6978  2f86		       60		      .byte.b	%01100000
   6979  2f87		       3c		      .byte.b	%00111100
   6980  2f88		       06		      .byte.b	%00000110
   6981  2f89		       06		      .byte.b	%00000110
   6982  2f8a		       46		      .byte.b	%01000110
   6983  2f8b		       3c		      .byte.b	%00111100
   6984  2f8c
   6985  2f8c		       3c		      .byte.b	%00111100
   6986  2f8d		       46		      .byte.b	%01000110
   6987  2f8e		       06		      .byte.b	%00000110
   6988  2f8f		       06		      .byte.b	%00000110
   6989  2f90		       1c		      .byte.b	%00011100
   6990  2f91		       06		      .byte.b	%00000110
   6991  2f92		       46		      .byte.b	%01000110
   6992  2f93		       3c		      .byte.b	%00111100
   6993  2f94
   6994  2f94		       0c		      .byte.b	%00001100
   6995  2f95		       0c		      .byte.b	%00001100
   6996  2f96		       7e		      .byte.b	%01111110
   6997  2f97		       4c		      .byte.b	%01001100
   6998  2f98		       4c		      .byte.b	%01001100
   6999  2f99		       2c		      .byte.b	%00101100
   7000  2f9a		       1c		      .byte.b	%00011100
   7001  2f9b		       0c		      .byte.b	%00001100
   7002  2f9c
   7003  2f9c		       3c		      .byte.b	%00111100
   7004  2f9d		       46		      .byte.b	%01000110
   7005  2f9e		       06		      .byte.b	%00000110
   7006  2f9f		       06		      .byte.b	%00000110
   7007  2fa0		       3c		      .byte.b	%00111100
   7008  2fa1		       60		      .byte.b	%01100000
   7009  2fa2		       60		      .byte.b	%01100000
   7010  2fa3		       7e		      .byte.b	%01111110
   7011  2fa4
   7012  2fa4		       3c		      .byte.b	%00111100
   7013  2fa5		       66		      .byte.b	%01100110
   7014  2fa6		       66		      .byte.b	%01100110
   7015  2fa7		       66		      .byte.b	%01100110
   7016  2fa8		       7c		      .byte.b	%01111100
   7017  2fa9		       60		      .byte.b	%01100000
   7018  2faa		       62		      .byte.b	%01100010
   7019  2fab		       3c		      .byte.b	%00111100
   7020  2fac
   7021  2fac		       30		      .byte.b	%00110000
   7022  2fad		       30		      .byte.b	%00110000
   7023  2fae		       30		      .byte.b	%00110000
   7024  2faf		       18		      .byte.b	%00011000
   7025  2fb0		       0c		      .byte.b	%00001100
   7026  2fb1		       06		      .byte.b	%00000110
   7027  2fb2		       42		      .byte.b	%01000010
   7028  2fb3		       3e		      .byte.b	%00111110
   7029  2fb4
   7030  2fb4		       3c		      .byte.b	%00111100
   7031  2fb5		       66		      .byte.b	%01100110
   7032  2fb6		       66		      .byte.b	%01100110
   7033  2fb7		       66		      .byte.b	%01100110
   7034  2fb8		       3c		      .byte.b	%00111100
   7035  2fb9		       66		      .byte.b	%01100110
   7036  2fba		       66		      .byte.b	%01100110
   7037  2fbb		       3c		      .byte.b	%00111100
   7038  2fbc
   7039  2fbc		       3c		      .byte.b	%00111100
   7040  2fbd		       46		      .byte.b	%01000110
   7041  2fbe		       06		      .byte.b	%00000110
   7042  2fbf		       3e		      .byte.b	%00111110
   7043  2fc0		       66		      .byte.b	%01100110
   7044  2fc1		       66		      .byte.b	%01100110
   7045  2fc2		       66		      .byte.b	%01100110
   7046  2fc3		       3c		      .byte.b	%00111100
   7047  2fc4
   7048  2fc4					      ifnconst	DPC_kernel_options
   7049  2fc4
   7050  2fc4		       00		      .byte.b	%00000000
   7051  2fc5		       00		      .byte.b	%00000000
   7052  2fc6		       00		      .byte.b	%00000000
   7053  2fc7		       00		      .byte.b	%00000000
   7054  2fc8		       00		      .byte.b	%00000000
   7055  2fc9		       00		      .byte.b	%00000000
   7056  2fca		       00		      .byte.b	%00000000
   7057  2fcb		       00		      .byte.b	%00000000
   7058  2fcc
   7059  2fcc					      endif
   7060  2fcc
   7061  2fcc					      endif
   7062  2fcc
   7063  2fcc					      ifnconst	PXE
   7064  2fcc				  -	      ifconst	ROM2k
   7065  2fcc				  -	      ORG	$F7FC
   7066  2fcc					      else
   7067  2fcc					      ifconst	bankswitch
   7068  2fcc					      if	bankswitch == 8
   7069  2fd4					      ORG	$2FF4-bscode_length
   7070  2fd4					      RORG	$FFF4-bscode_length
   7071  2fd4					      endif
   7072  2fd4				  -	      if	bankswitch == 16
   7073  2fd4				  -	      ORG	$4FF4-bscode_length
   7074  2fd4				  -	      RORG	$FFF4-bscode_length
   7075  2fd4					      endif
   7076  2fd4				  -	      if	bankswitch == 32
   7077  2fd4				  -	      ORG	$8FF4-bscode_length
   7078  2fd4				  -	      RORG	$FFF4-bscode_length
   7079  2fd4					      endif
   7080  2fd4				  -	      if	bankswitch == 64
   7081  2fd4				  -	      ORG	$10FE0-bscode_length
   7082  2fd4				  -	      RORG	$1FFE0-bscode_length
   7083  2fd4					      endif
   7084  2fd4				  -	      else
   7085  2fd4				  -	      ORG	$FFFC
   7086  2fd4					      endif
   7087  2fd4					      endif
   7088  2fd4					      endif
   7089  2fd4							; Provided under the CC0 license. See the included LICENSE.txt for details.
   7090  2fd4
   7091  2fd4							; every bank has this stuff at the same place
   7092  2fd4							; this code can switch to/from any bank at any entry point
   7093  2fd4							; and can preserve register values
   7094  2fd4							; note: lines not starting with a space are not placed in all banks
   7095  2fd4							;
   7096  2fd4							; line below tells the compiler how long this is - do not remove
   7097  2fd4							;size=32
   7098  2fd4
   7099  2fd4				   begin_bscode
   7100  2fd4		       a2 ff		      ldx	#$ff
   7101  2fd6				  -	      ifconst	FASTFETCH	; using DPC+
   7102  2fd6				  -	      stx	FASTFETCH
   7103  2fd6					      endif
   7104  2fd6		       9a		      txs
   7105  2fd7				  -	      if	bankswitch == 64
   7106  2fd7				  -	      lda	#(((>(start-1)) & $0F) | $F0)
   7107  2fd7					      else
   7108  2fd7		       a9 f2		      lda	#>(start-1)
   7109  2fd9					      endif
   7110  2fd9		       48		      pha
   7111  2fda		       a9 51		      lda	#<(start-1)
   7112  2fdc		       48		      pha
   7113  2fdd
   7114  2fdd				   BS_return
   7115  2fdd		       48		      pha
   7116  2fde		       8a		      txa
   7117  2fdf		       48		      pha
   7118  2fe0		       ba		      tsx
   7119  2fe1
   7120  2fe1					      if	bankswitch != 64
   7121  2fe1		       b5 04		      lda	4,x	; get high byte of return address
   7122  2fe3
   7123  2fe3		       2a		      rol
   7124  2fe4		       2a		      rol
   7125  2fe5		       2a		      rol
   7126  2fe6		       2a		      rol
   7127  2fe7		       29 01		      and	#bs_mask	;1 3 or 7 for F8/F6/F4
   7128  2fe9		       aa		      tax
   7129  2fea		       e8		      inx
   7130  2feb				  -	      else
   7131  2feb				  -	      lda	4,x	; get high byte of return address
   7132  2feb				  -	      tay
   7133  2feb				  -	      ora	#$10	; change our bank nibble into a valid rom mirror
   7134  2feb				  -	      sta	4,x
   7135  2feb				  -	      tya
   7136  2feb				  -	      lsr
   7137  2feb				  -	      lsr
   7138  2feb				  -	      lsr
   7139  2feb				  -	      lsr
   7140  2feb				  -	      tax
   7141  2feb				  -	      inx
   7142  2feb					      endif
   7143  2feb
   7144  2feb				   BS_jsr
   7145  2feb		       bd f7 1f 	      lda	bankswitch_hotspot-1,x
   7146  2fee		       68		      pla
   7147  2fef		       aa		      tax
   7148  2ff0		       68		      pla
   7149  2ff1		       60		      rts
   7150  2ff2				  -	      if	((* & $1FFF) > ((bankswitch_hotspot & $1FFF) - 1))
   7151  2ff2				  -	      echo	"WARNING: size parameter in banksw.asm too small - the program probably will not work."
   7152  2ff2				  -	      echo	"Change to",[(*-begin_bscode+1)&$FF]d,"and try again."
   7153  2ff2					      endif
   7154  2ff2							; Provided under the CC0 license. See the included LICENSE.txt for details.
   7155  2ff2
   7156  2ff2					      ifconst	bankswitch
   7157  2ff2					      if	bankswitch == 8
   7158  2ffc					      ORG	$2FFC
   7159  2ffc					      RORG	$FFFC
   7160  2ffc					      endif
   7161  2ffc				  -	      if	bankswitch == 16
   7162  2ffc				  -	      ORG	$4FFC
   7163  2ffc				  -	      RORG	$FFFC
   7164  2ffc					      endif
   7165  2ffc				  -	      if	bankswitch == 32
   7166  2ffc				  -	      ORG	$8FFC
   7167  2ffc				  -	      RORG	$FFFC
   7168  2ffc					      endif
   7169  2ffc				  -	      if	bankswitch == 64
   7170  2ffc				  -	      ORG	$10FF0
   7171  2ffc				  -	      RORG	$1FFF0
   7172  2ffc				  -	      lda	$ffe0	; we use wasted space to assist stella with EF format auto-detection
   7173  2ffc				  -	      ORG	$10FF8
   7174  2ffc				  -	      RORG	$1FFF8
   7175  2ffc				  -	      ifconst	superchip
   7176  2ffc				  -	      .byte	"E","F","S","C"
   7177  2ffc				  -	      else
   7178  2ffc				  -	      .byte	"E","F","E","F"
   7179  2ffc				  -	      endif
   7180  2ffc				  -	      ORG	$10FFC
   7181  2ffc				  -	      RORG	$1FFFC
   7182  2ffc					      endif
   7183  2ffc				  -	      else
   7184  2ffc				  -	      ifconst	ROM2k
   7185  2ffc				  -	      ORG	$F7FC
   7186  2ffc				  -	      else
   7187  2ffc				  -	      ORG	$FFFC
   7188  2ffc				  -	      endif
   7189  2ffc					      endif
   7190  2ffc		       52 f2		      .word.w	(start & $ffff)
   7191  2ffe		       52 f2		      .word.w	(start & $ffff)
