------- FILE c:\Users\filippo.morano\progetti\atari\snack_and_roll\snack_and_roll.bas.asm LEVEL 1 PASS 2
      1  10000 ????						; Provided under the CC0 license. See the included LICENSE.txt for details.
      2  10000 ????
      3  10000 ????				       processor	6502
------- FILE vcs.h LEVEL 2 PASS 2
      0  10000 ????				       include	"vcs.h"
      1  10000 ????						; Provided under the CC0 license. See the included LICENSE.txt for details.
      2  10000 ????
      3  10000 ????						; VCS.H
      4  10000 ????						; Version 1.05, 13/November/2003
      5  10000 ????
      6  10000 ????		00 69	    VERSION_VCS =	105
      7  10000 ????
      8  10000 ????						; THIS IS A PRELIMINARY RELEASE OF *THE* "STANDARD" VCS.H
      9  10000 ????						; THIS FILE IS EXPLICITLY SUPPORTED AS A DASM-PREFERRED COMPANION FILE
     10  10000 ????						; PLEASE DO *NOT* REDISTRIBUTE THIS FILE!
     11  10000 ????						;
     12  10000 ????						; This file defines hardware registers and memory mapping for the
     13  10000 ????						; Atari 2600. It is distributed as a companion machine-specific support package
     14  10000 ????						; for the DASM compiler. Updates to this file, DASM, and associated tools are
     15  10000 ????						; available at at http://www.atari2600.org/dasm
     16  10000 ????						;
     17  10000 ????						; Many thanks to the original author(s) of this file, and to everyone who has
     18  10000 ????						; contributed to understanding the Atari 2600.  If you take issue with the
     19  10000 ????						; contents, or naming of registers, please write to me (atari2600@taswegian.com)
     20  10000 ????						; with your views.  Please contribute, if you think you can improve this
     21  10000 ????						; file!
     22  10000 ????						;
     23  10000 ????						; Latest Revisions...
     24  10000 ????						; 1.05  13/NOV/2003	  - Correction to 1.04 - now functions as requested by MR.
     25  10000 ????						;			  - Added VERSION_VCS equate (which will reflect 100x version #)
     26  10000 ????						;			    This will allow conditional code to verify VCS.H being
     27  10000 ????						;			    used for code assembly.
     28  10000 ????						; 1.04  12/NOV/2003	 Added TIA_BASE_WRITE_ADDRESS and TIA_BASE_READ_ADDRESS for
     29  10000 ????						;			 convenient disassembly/reassembly compatibility for hardware
     30  10000 ????						;			 mirrored reading/writing differences.	This is more a 
     31  10000 ????						;			 readability issue, and binary compatibility with disassembled
     32  10000 ????						;			 and reassembled sources.  Per Manuel Rotschkar's suggestion.
     33  10000 ????						; 1.03  12/MAY/2003	 Added SEG segment at end of file to fix old-code compatibility
     34  10000 ????						;			 which was broken by the use of segments in this file, as
     35  10000 ????						;			 reported by Manuel Polik on [stella] 11/MAY/2003
     36  10000 ????						; 1.02  22/MAR/2003	 Added TIMINT($285)
     37  10000 ????						; 1.01				Constant offset added to allow use for 3F-style bankswitching
     38  10000 ????						;						 - define TIA_BASE_ADDRESS as $40 for Tigervision carts, otherwise
     39  10000 ????						;						   it is safe to leave it undefined, and the base address will
     40  10000 ????						;						   be set to 0.  Thanks to Eckhard Stolberg for the suggestion.
     41  10000 ????						;			    Note, may use -DLABEL=EXPRESSION to define TIA_BASE_ADDRESS
     42  10000 ????						;			  - register definitions are now generated through assignment
     43  10000 ????						;			    in uninitialised segments.	This allows a changeable base
     44  10000 ????						;			    address architecture.
     45  10000 ????						; 1.0	22/MAR/2003		Initial release
     46  10000 ????
     47  10000 ????
     48  10000 ????						;-------------------------------------------------------------------------------
     49  10000 ????
     50  10000 ????						; TIA_BASE_ADDRESS
     51  10000 ????						; The TIA_BASE_ADDRESS defines the base address of access to TIA registers.
     52  10000 ????						; Normally 0, the base address should (externally, before including this file)
     53  10000 ????						; be set to $40 when creating 3F-bankswitched (and other?) cartridges.
     54  10000 ????						; The reason is that this bankswitching scheme treats any access to locations
     55  10000 ????						; < $40 as a bankswitch.
     56  10000 ????
     57  10000 ????			   -	       IFNCONST	TIA_BASE_ADDRESS
     58  10000 ????			   -TIA_BASE_ADDRESS =	0
     59  10000 ????				       ENDIF
     60  10000 ????
     61  10000 ????						; Note: The address may be defined on the command-line using the -D switch, eg:
     62  10000 ????						; dasm.exe code.asm -DTIA_BASE_ADDRESS=$40 -f3 -v5 -ocode.bin
     63  10000 ????						; *OR* by declaring the label before including this file, eg:
     64  10000 ????						; TIA_BASE_ADDRESS = $40
     65  10000 ????						;   include "vcs.h"
     66  10000 ????
     67  10000 ????						; Alternate read/write address capability - allows for some disassembly compatibility
     68  10000 ????						; usage ; to allow reassembly to binary perfect copies).  This is essentially catering
     69  10000 ????						; for the mirrored ROM hardware registers.
     70  10000 ????
     71  10000 ????						; Usage: As per above, define the TIA_BASE_READ_ADDRESS and/or TIA_BASE_WRITE_ADDRESS
     72  10000 ????						; using the -D command-line switch, as required.  If the addresses are not defined, 
     73  10000 ????						; they defaut to the TIA_BASE_ADDRESS.
     74  10000 ????
     75  10000 ????			   -	       IFNCONST	TIA_BASE_READ_ADDRESS
     76  10000 ????			   -TIA_BASE_READ_ADDRESS =	TIA_BASE_ADDRESS
     77  10000 ????				       ENDIF
     78  10000 ????
     79  10000 ????			   -	       IFNCONST	TIA_BASE_WRITE_ADDRESS
     80  10000 ????			   -TIA_BASE_WRITE_ADDRESS =	TIA_BASE_ADDRESS
     81  10000 ????				       ENDIF
     82  10000 ????
     83  10000 ????						;-------------------------------------------------------------------------------
     84  10000 ????
     85 U002d ????				      SEG.U	TIA_REGISTERS_WRITE
     86 U0000					      ORG	TIA_BASE_WRITE_ADDRESS
     87 U0000
     88 U0000							; DO NOT CHANGE THE RELATIVE ORDERING OF REGISTERS!
     89 U0000
     90 U0000		       00	   VSYNC      ds	1	; $00	 0000 00x0   Vertical Sync Set-Clear
     91 U0001		       00	   VBLANK     ds	1	; $01	 xx00 00x0   Vertical Blank Set-Clear
     92 U0002		       00	   WSYNC      ds	1	; $02	 ---- ----   Wait for Horizontal Blank
     93 U0003		       00	   RSYNC      ds	1	; $03	 ---- ----   Reset Horizontal Sync Counter
     94 U0004		       00	   NUSIZ0     ds	1	; $04	 00xx 0xxx   Number-Size player/missle 0
     95 U0005		       00	   NUSIZ1     ds	1	; $05	 00xx 0xxx   Number-Size player/missle 1
     96 U0006		       00	   COLUP0     ds	1	; $06	 xxxx xxx0   Color-Luminance Player 0
     97 U0007		       00	   COLUP1     ds	1	; $07	 xxxx xxx0   Color-Luminance Player 1
     98 U0008		       00	   COLUPF     ds	1	; $08	 xxxx xxx0   Color-Luminance Playfield
     99 U0009		       00	   COLUBK     ds	1	; $09	 xxxx xxx0   Color-Luminance Background
    100 U000a		       00	   CTRLPF     ds	1	; $0A	 00xx 0xxx   Control Playfield, Ball, Collisions
    101 U000b		       00	   REFP0      ds	1	; $0B	 0000 x000   Reflection Player 0
    102 U000c		       00	   REFP1      ds	1	; $0C	 0000 x000   Reflection Player 1
    103 U000d		       00	   PF0	      ds	1	; $0D	 xxxx 0000   Playfield Register Byte 0
    104 U000e		       00	   PF1	      ds	1	; $0E	 xxxx xxxx   Playfield Register Byte 1
    105 U000f		       00	   PF2	      ds	1	; $0F	 xxxx xxxx   Playfield Register Byte 2
    106 U0010		       00	   RESP0      ds	1	; $10	 ---- ----   Reset Player 0
    107 U0011		       00	   RESP1      ds	1	; $11	 ---- ----   Reset Player 1
    108 U0012		       00	   RESM0      ds	1	; $12	 ---- ----   Reset Missle 0
    109 U0013		       00	   RESM1      ds	1	; $13	 ---- ----   Reset Missle 1
    110 U0014		       00	   RESBL      ds	1	; $14	 ---- ----   Reset Ball
    111 U0015		       00	   AUDC0      ds	1	; $15	 0000 xxxx   Audio Control 0
    112 U0016		       00	   AUDC1      ds	1	; $16	 0000 xxxx   Audio Control 1
    113 U0017		       00	   AUDF0      ds	1	; $17	 000x xxxx   Audio Frequency 0
    114 U0018		       00	   AUDF1      ds	1	; $18	 000x xxxx   Audio Frequency 1
    115 U0019		       00	   AUDV0      ds	1	; $19	 0000 xxxx   Audio Volume 0
    116 U001a		       00	   AUDV1      ds	1	; $1A	 0000 xxxx   Audio Volume 1
    117 U001b		       00	   GRP0       ds	1	; $1B	 xxxx xxxx   Graphics Register Player 0
    118 U001c		       00	   GRP1       ds	1	; $1C	 xxxx xxxx   Graphics Register Player 1
    119 U001d		       00	   ENAM0      ds	1	; $1D	 0000 00x0   Graphics Enable Missle 0
    120 U001e		       00	   ENAM1      ds	1	; $1E	 0000 00x0   Graphics Enable Missle 1
    121 U001f		       00	   ENABL      ds	1	; $1F	 0000 00x0   Graphics Enable Ball
    122 U0020		       00	   HMP0       ds	1	; $20	 xxxx 0000   Horizontal Motion Player 0
    123 U0021		       00	   HMP1       ds	1	; $21	 xxxx 0000   Horizontal Motion Player 1
    124 U0022		       00	   HMM0       ds	1	; $22	 xxxx 0000   Horizontal Motion Missle 0
    125 U0023		       00	   HMM1       ds	1	; $23	 xxxx 0000   Horizontal Motion Missle 1
    126 U0024		       00	   HMBL       ds	1	; $24	 xxxx 0000   Horizontal Motion Ball
    127 U0025		       00	   VDELP0     ds	1	; $25	 0000 000x   Vertical Delay Player 0
    128 U0026		       00	   VDELP1     ds	1	; $26	 0000 000x   Vertical Delay Player 1
    129 U0027		       00	   VDELBL     ds	1	; $27	 0000 000x   Vertical Delay Ball
    130 U0028		       00	   RESMP0     ds	1	; $28	 0000 00x0   Reset Missle 0 to Player 0
    131 U0029		       00	   RESMP1     ds	1	; $29	 0000 00x0   Reset Missle 1 to Player 1
    132 U002a		       00	   HMOVE      ds	1	; $2A	 ---- ----   Apply Horizontal Motion
    133 U002b		       00	   HMCLR      ds	1	; $2B	 ---- ----   Clear Horizontal Move Registers
    134 U002c		       00	   CXCLR      ds	1	; $2C	 ---- ----   Clear Collision Latches
    135 U002d
    136 U002d							;-------------------------------------------------------------------------------
    137 U002d
    138 U000e ????				      SEG.U	TIA_REGISTERS_READ
    139 U0000					      ORG	TIA_BASE_READ_ADDRESS
    140 U0000
    141 U0000							;											bit 7	 bit 6
    142 U0000		       00	   CXM0P      ds	1	; $00	     xx00 0000	     Read Collision  M0-P1   M0-P0
    143 U0001		       00	   CXM1P      ds	1	; $01	     xx00 0000			     M1-P0   M1-P1
    144 U0002		       00	   CXP0FB     ds	1	; $02	     xx00 0000			     P0-PF   P0-BL
    145 U0003		       00	   CXP1FB     ds	1	; $03	     xx00 0000			     P1-PF   P1-BL
    146 U0004		       00	   CXM0FB     ds	1	; $04	     xx00 0000			     M0-PF   M0-BL
    147 U0005		       00	   CXM1FB     ds	1	; $05	     xx00 0000			     M1-PF   M1-BL
    148 U0006		       00	   CXBLPF     ds	1	; $06	     x000 0000			     BL-PF   -----
    149 U0007		       00	   CXPPMM     ds	1	; $07	     xx00 0000			     P0-P1   M0-M1
    150 U0008		       00	   INPT0      ds	1	; $08	     x000 0000	     Read Pot Port 0
    151 U0009		       00	   INPT1      ds	1	; $09	     x000 0000	     Read Pot Port 1
    152 U000a		       00	   INPT2      ds	1	; $0A	     x000 0000	     Read Pot Port 2
    153 U000b		       00	   INPT3      ds	1	; $0B	     x000 0000	     Read Pot Port 3
    154 U000c		       00	   INPT4      ds	1	; $0C		x000 0000	 Read Input (Trigger) 0
    155 U000d		       00	   INPT5      ds	1	; $0D		x000 0000	 Read Input (Trigger) 1
    156 U000e
    157 U000e							;-------------------------------------------------------------------------------
    158 U000e
    159 U0298 ????				      SEG.U	RIOT
    160 U0280					      ORG	$280
    161 U0280
    162 U0280							; RIOT MEMORY MAP
    163 U0280
    164 U0280		       00	   SWCHA      ds	1	; $280      Port A data register for joysticks:
    165 U0281							;			Bits 4-7 for player 1.  Bits 0-3 for player 2.
    166 U0281
    167 U0281		       00	   SWACNT     ds	1	; $281      Port A data direction register (DDR)
    168 U0282		       00	   SWCHB      ds	1	; $282		Port B data (console switches)
    169 U0283		       00	   SWBCNT     ds	1	; $283      Port B DDR
    170 U0284		       00	   INTIM      ds	1	; $284		Timer output
    171 U0285
    172 U0285		       00	   TIMINT     ds	1	; $285
    173 U0286
    174 U0286							; Unused/undefined registers ($285-$294)
    175 U0286
    176 U0286		       00		      ds	1	; $286
    177 U0287		       00		      ds	1	; $287
    178 U0288		       00		      ds	1	; $288
    179 U0289		       00		      ds	1	; $289
    180 U028a		       00		      ds	1	; $28A
    181 U028b		       00		      ds	1	; $28B
    182 U028c		       00		      ds	1	; $28C
    183 U028d		       00		      ds	1	; $28D
    184 U028e		       00		      ds	1	; $28E
    185 U028f		       00		      ds	1	; $28F
    186 U0290		       00		      ds	1	; $290
    187 U0291		       00		      ds	1	; $291
    188 U0292		       00		      ds	1	; $292
    189 U0293		       00		      ds	1	; $293
    190 U0294
    191 U0294		       00	   TIM1T      ds	1	; $294		set 1 clock interval
    192 U0295		       00	   TIM8T      ds	1	; $295      set 8 clock interval
    193 U0296		       00	   TIM64T     ds	1	; $296      set 64 clock interval
    194 U0297		       00	   T1024T     ds	1	; $297      set 1024 clock interval
    195 U0298
    196 U0298							;-------------------------------------------------------------------------------
    197 U0298							; The following required for back-compatibility with code which does not use
    198 U0298							; segments.
    199 U0298
    200  10000 ????				       SEG
    201  10000 ????
    202  10000 ????						; EOF
------- FILE c:\Users\filippo.morano\progetti\atari\snack_and_roll\snack_and_roll.bas.asm
------- FILE macro.h LEVEL 2 PASS 2
      0  10000 ????				       include	"macro.h"
      1  10000 ????						; Provided under the CC0 license. See the included LICENSE.txt for details.
      2  10000 ????
      3  10000 ????						; MACRO.H
      4  10000 ????						; Version 1.05, 13/NOVEMBER/2003
      5  10000 ????
      6  10000 ????		00 69	    VERSION_MACRO =	105
      7  10000 ????
      8  10000 ????						;
      9  10000 ????						; THIS FILE IS EXPLICITLY SUPPORTED AS A DASM-PREFERRED COMPANION FILE
     10  10000 ????						; PLEASE DO *NOT* REDISTRIBUTE MODIFIED VERSIONS OF THIS FILE!
     11  10000 ????						;
     12  10000 ????						; This file defines DASM macros useful for development for the Atari 2600.
     13  10000 ????						; It is distributed as a companion machine-specific support package
     14  10000 ????						; for the DASM compiler. Updates to this file, DASM, and associated tools are
     15  10000 ????						; available at at http://www.atari2600.org/dasm
     16  10000 ????						;
     17  10000 ????						; Many thanks to the people who have contributed.  If you take issue with the
     18  10000 ????						; contents, or would like to add something, please write to me
     19  10000 ????						; (atari2600@taswegian.com) with your contribution.
     20  10000 ????						;
     21  10000 ????						; Latest Revisions...
     22  10000 ????						;
     23  10000 ????						; 1.05  14/NOV/2003	  - Added VERSION_MACRO equate (which will reflect 100x version #)
     24  10000 ????						;			    This will allow conditional code to verify MACRO.H being
     25  10000 ????						;			    used for code assembly.
     26  10000 ????						; 1.04  13/NOV/2003	 - SET_POINTER macro added (16-bit address load)
     27  10000 ????						;
     28  10000 ????						; 1.03  23/JUN/2003	 - CLEAN_START macro added - clears TIA, RAM, registers
     29  10000 ????						;
     30  10000 ????						; 1.02  14/JUN/2003	 - VERTICAL_SYNC macro added
     31  10000 ????						;			   (standardised macro for vertical synch code)
     32  10000 ????						; 1.01  22/MAR/2003	 - SLEEP macro added. 
     33  10000 ????						;			 - NO_ILLEGAL_OPCODES switch implemented
     34  10000 ????						; 1.0	22/MAR/2003		Initial release
     35  10000 ????
     36  10000 ????						; Note: These macros use illegal opcodes.  To disable illegal opcode usage, 
     37  10000 ????						;   define the symbol NO_ILLEGAL_OPCODES (-DNO_ILLEGAL_OPCODES=1 on command-line).
     38  10000 ????						;   If you do not allow illegal opcode usage, you must include this file 
     39  10000 ????						;   *after* including VCS.H (as the non-illegal opcodes access hardware
     40  10000 ????						;   registers and require them to be defined first).
     41  10000 ????
     42  10000 ????						; Available macros...
     43  10000 ????						;   SLEEP n		 - sleep for n cycles
     44  10000 ????						;   VERTICAL_SYNC	 - correct 3 scanline vertical synch code
     45  10000 ????						;   CLEAN_START	 - set machine to known state on startup
     46  10000 ????						;   SET_POINTER	 - load a 16-bit absolute to a 16-bit variable
     47  10000 ????
     48  10000 ????						;-------------------------------------------------------------------------------
     49  10000 ????						; SLEEP duration
     50  10000 ????						; Original author: Thomas Jentzsch
     51  10000 ????						; Inserts code which takes the specified number of cycles to execute.	This is
     52  10000 ????						; useful for code where precise timing is required.
     53  10000 ????						; ILLEGAL-OPCODE VERSION DOES NOT AFFECT FLAGS OR REGISTERS.
     54  10000 ????						; LEGAL OPCODE VERSION MAY AFFECT FLAGS
     55  10000 ????						; Uses illegal opcode (DASM 2.20.01 onwards).
     56  10000 ????
     57  10000 ????				       MAC	sleep
     58  10000 ????			    .CYCLES    SET	{1}
     59  10000 ????
     60  10000 ????				       IF	.CYCLES < 2
     61  10000 ????				       ECHO	"MACRO ERROR: 'SLEEP': Duration must be > 1"
     62  10000 ????				       ERR
     63  10000 ????				       ENDIF
     64  10000 ????
     65  10000 ????				       IF	.CYCLES & 1
     66  10000 ????				       IFNCONST	NO_ILLEGAL_OPCODES
     67  10000 ????				       nop	0
     68  10000 ????				       ELSE
     69  10000 ????				       bit	VSYNC
     70  10000 ????				       ENDIF
     71  10000 ????			    .CYCLES    SET	.CYCLES - 3
     72  10000 ????				       ENDIF
     73  10000 ????
     74  10000 ????				       REPEAT	.CYCLES / 2
     75  10000 ????				       nop
     76  10000 ????				       REPEND
     77  10000 ????				       ENDM		;usage: SLEEP n (n>1)
     78  10000 ????
     79  10000 ????						;-------------------------------------------------------------------------------
     80  10000 ????						; VERTICAL_SYNC
     81  10000 ????						; Original author: Manuel Polik
     82  10000 ????						; Inserts the code required for a proper 3 scannline 
     83  10000 ????						; vertical sync sequence
     84  10000 ????						;
     85  10000 ????						; Note: Alters the accumulator
     86  10000 ????						;
     87  10000 ????						; IN:
     88  10000 ????						; OUT: A = 1
     89  10000 ????
     90  10000 ????				       MAC	vertical_sync
     91  10000 ????				       LDA	#$02	; A = VSYNC enable
     92  10000 ????				       STA	WSYNC	; Finish current line
     93  10000 ????				       STA	VSYNC	; Start vertical sync
     94  10000 ????				       STA	WSYNC	; 1st line vertical sync
     95  10000 ????				       STA	WSYNC	; 2nd line vertical sync
     96  10000 ????				       LSR		; A = VSYNC disable
     97  10000 ????				       STA	WSYNC	; 3rd line vertical sync
     98  10000 ????				       STA	VSYNC	; Stop vertical sync
     99  10000 ????				       ENDM
    100  10000 ????
    101  10000 ????						;-------------------------------------------------------------------------------
    102  10000 ????						; CLEAN_START
    103  10000 ????						; Original author: Andrew Davie
    104  10000 ????						; Standardised start-up code, clears stack, all TIA registers and RAM to 0
    105  10000 ????						; Sets stack pointer to $FF, and all registers to 0
    106  10000 ????						; Sets decimal mode off, sets interrupt flag (kind of un-necessary)
    107  10000 ????						; Use as very first section of code on boot (ie: at reset)
    108  10000 ????						; Code written to minimise total ROM usage - uses weird 6502 knowledge :)
    109  10000 ????
    110  10000 ????				       MAC	clean_start
    111  10000 ????				       sei
    112  10000 ????				       cld
    113  10000 ????
    114  10000 ????				       ldx	#0
    115  10000 ????				       txa
    116  10000 ????				       tay
    117  10000 ????			    .CLEAR_STACK dex
    118  10000 ????				       txs
    119  10000 ????				       pha
    120  10000 ????				       bne	.CLEAR_STACK	; SP=$FF, X = A = Y = 0
    121  10000 ????
    122  10000 ????				       ENDM
    123  10000 ????
    124  10000 ????						;-------------------------------------------------------
    125  10000 ????						; SET_POINTER
    126  10000 ????						; Original author: Manuel Rotschkar
    127  10000 ????						;
    128  10000 ????						; Sets a 2 byte RAM pointer to an absolute address.
    129  10000 ????						;
    130  10000 ????						; Usage: SET_POINTER pointer, address
    131  10000 ????						; Example: SET_POINTER SpritePTR, SpriteData
    132  10000 ????						;
    133  10000 ????						; Note: Alters the accumulator, NZ flags
    134  10000 ????						; IN 1: 2 byte RAM location reserved for pointer
    135  10000 ????						; IN 2: absolute address
    136  10000 ????
    137  10000 ????				       MAC	set_pointer
    138  10000 ????			    .POINTER   SET	{1}
    139  10000 ????			    .ADDRESS   SET	{2}
    140  10000 ????
    141  10000 ????				       LDA	#<.ADDRESS	; Get Lowbyte of Address
    142  10000 ????				       STA	.POINTER	; Store in pointer
    143  10000 ????				       LDA	#>.ADDRESS	; Get Hibyte of Address
    144  10000 ????				       STA	.POINTER+1	; Store in pointer+1
    145  10000 ????
    146  10000 ????				       ENDM
    147  10000 ????
    148  10000 ????						; EOF
------- FILE c:\Users\filippo.morano\progetti\atari\snack_and_roll\snack_and_roll.bas.asm
------- FILE 2600basic.h LEVEL 2 PASS 2
      0  10000 ????				       include	"2600basic.h"
      1  10000 ????						; Provided under the CC0 license. See the included LICENSE.txt for details.
      2  10000 ????
      3  10000 ????				       processor	6502
------- FILE vcs.h LEVEL 3 PASS 2
      0  10000 ????				       include	"vcs.h"
      1  10000 ????						; Provided under the CC0 license. See the included LICENSE.txt for details.
      2  10000 ????
      3  10000 ????						; VCS.H
      4  10000 ????						; Version 1.05, 13/November/2003
      5  10000 ????
      6  10000 ????		00 69	    VERSION_VCS =	105
      7  10000 ????
      8  10000 ????						; THIS IS A PRELIMINARY RELEASE OF *THE* "STANDARD" VCS.H
      9  10000 ????						; THIS FILE IS EXPLICITLY SUPPORTED AS A DASM-PREFERRED COMPANION FILE
     10  10000 ????						; PLEASE DO *NOT* REDISTRIBUTE THIS FILE!
     11  10000 ????						;
     12  10000 ????						; This file defines hardware registers and memory mapping for the
     13  10000 ????						; Atari 2600. It is distributed as a companion machine-specific support package
     14  10000 ????						; for the DASM compiler. Updates to this file, DASM, and associated tools are
     15  10000 ????						; available at at http://www.atari2600.org/dasm
     16  10000 ????						;
     17  10000 ????						; Many thanks to the original author(s) of this file, and to everyone who has
     18  10000 ????						; contributed to understanding the Atari 2600.  If you take issue with the
     19  10000 ????						; contents, or naming of registers, please write to me (atari2600@taswegian.com)
     20  10000 ????						; with your views.  Please contribute, if you think you can improve this
     21  10000 ????						; file!
     22  10000 ????						;
     23  10000 ????						; Latest Revisions...
     24  10000 ????						; 1.05  13/NOV/2003	  - Correction to 1.04 - now functions as requested by MR.
     25  10000 ????						;			  - Added VERSION_VCS equate (which will reflect 100x version #)
     26  10000 ????						;			    This will allow conditional code to verify VCS.H being
     27  10000 ????						;			    used for code assembly.
     28  10000 ????						; 1.04  12/NOV/2003	 Added TIA_BASE_WRITE_ADDRESS and TIA_BASE_READ_ADDRESS for
     29  10000 ????						;			 convenient disassembly/reassembly compatibility for hardware
     30  10000 ????						;			 mirrored reading/writing differences.	This is more a 
     31  10000 ????						;			 readability issue, and binary compatibility with disassembled
     32  10000 ????						;			 and reassembled sources.  Per Manuel Rotschkar's suggestion.
     33  10000 ????						; 1.03  12/MAY/2003	 Added SEG segment at end of file to fix old-code compatibility
     34  10000 ????						;			 which was broken by the use of segments in this file, as
     35  10000 ????						;			 reported by Manuel Polik on [stella] 11/MAY/2003
     36  10000 ????						; 1.02  22/MAR/2003	 Added TIMINT($285)
     37  10000 ????						; 1.01				Constant offset added to allow use for 3F-style bankswitching
     38  10000 ????						;						 - define TIA_BASE_ADDRESS as $40 for Tigervision carts, otherwise
     39  10000 ????						;						   it is safe to leave it undefined, and the base address will
     40  10000 ????						;						   be set to 0.  Thanks to Eckhard Stolberg for the suggestion.
     41  10000 ????						;			    Note, may use -DLABEL=EXPRESSION to define TIA_BASE_ADDRESS
     42  10000 ????						;			  - register definitions are now generated through assignment
     43  10000 ????						;			    in uninitialised segments.	This allows a changeable base
     44  10000 ????						;			    address architecture.
     45  10000 ????						; 1.0	22/MAR/2003		Initial release
     46  10000 ????
     47  10000 ????
     48  10000 ????						;-------------------------------------------------------------------------------
     49  10000 ????
     50  10000 ????						; TIA_BASE_ADDRESS
     51  10000 ????						; The TIA_BASE_ADDRESS defines the base address of access to TIA registers.
     52  10000 ????						; Normally 0, the base address should (externally, before including this file)
     53  10000 ????						; be set to $40 when creating 3F-bankswitched (and other?) cartridges.
     54  10000 ????						; The reason is that this bankswitching scheme treats any access to locations
     55  10000 ????						; < $40 as a bankswitch.
     56  10000 ????
     57  10000 ????			   -	       IFNCONST	TIA_BASE_ADDRESS
     58  10000 ????			   -TIA_BASE_ADDRESS =	0
     59  10000 ????				       ENDIF
     60  10000 ????
     61  10000 ????						; Note: The address may be defined on the command-line using the -D switch, eg:
     62  10000 ????						; dasm.exe code.asm -DTIA_BASE_ADDRESS=$40 -f3 -v5 -ocode.bin
     63  10000 ????						; *OR* by declaring the label before including this file, eg:
     64  10000 ????						; TIA_BASE_ADDRESS = $40
     65  10000 ????						;   include "vcs.h"
     66  10000 ????
     67  10000 ????						; Alternate read/write address capability - allows for some disassembly compatibility
     68  10000 ????						; usage ; to allow reassembly to binary perfect copies).  This is essentially catering
     69  10000 ????						; for the mirrored ROM hardware registers.
     70  10000 ????
     71  10000 ????						; Usage: As per above, define the TIA_BASE_READ_ADDRESS and/or TIA_BASE_WRITE_ADDRESS
     72  10000 ????						; using the -D command-line switch, as required.  If the addresses are not defined, 
     73  10000 ????						; they defaut to the TIA_BASE_ADDRESS.
     74  10000 ????
     75  10000 ????			   -	       IFNCONST	TIA_BASE_READ_ADDRESS
     76  10000 ????			   -TIA_BASE_READ_ADDRESS =	TIA_BASE_ADDRESS
     77  10000 ????				       ENDIF
     78  10000 ????
     79  10000 ????			   -	       IFNCONST	TIA_BASE_WRITE_ADDRESS
     80  10000 ????			   -TIA_BASE_WRITE_ADDRESS =	TIA_BASE_ADDRESS
     81  10000 ????				       ENDIF
     82  10000 ????
     83  10000 ????						;-------------------------------------------------------------------------------
     84  10000 ????
     85 U002d					      SEG.U	TIA_REGISTERS_WRITE
     86 U0000					      ORG	TIA_BASE_WRITE_ADDRESS
     87 U0000
     88 U0000							; DO NOT CHANGE THE RELATIVE ORDERING OF REGISTERS!
     89 U0000
     90 U0000		       00	   VSYNC      ds	1	; $00	 0000 00x0   Vertical Sync Set-Clear
     91 U0001		       00	   VBLANK     ds	1	; $01	 xx00 00x0   Vertical Blank Set-Clear
     92 U0002		       00	   WSYNC      ds	1	; $02	 ---- ----   Wait for Horizontal Blank
     93 U0003		       00	   RSYNC      ds	1	; $03	 ---- ----   Reset Horizontal Sync Counter
     94 U0004		       00	   NUSIZ0     ds	1	; $04	 00xx 0xxx   Number-Size player/missle 0
     95 U0005		       00	   NUSIZ1     ds	1	; $05	 00xx 0xxx   Number-Size player/missle 1
     96 U0006		       00	   COLUP0     ds	1	; $06	 xxxx xxx0   Color-Luminance Player 0
     97 U0007		       00	   COLUP1     ds	1	; $07	 xxxx xxx0   Color-Luminance Player 1
     98 U0008		       00	   COLUPF     ds	1	; $08	 xxxx xxx0   Color-Luminance Playfield
     99 U0009		       00	   COLUBK     ds	1	; $09	 xxxx xxx0   Color-Luminance Background
    100 U000a		       00	   CTRLPF     ds	1	; $0A	 00xx 0xxx   Control Playfield, Ball, Collisions
    101 U000b		       00	   REFP0      ds	1	; $0B	 0000 x000   Reflection Player 0
    102 U000c		       00	   REFP1      ds	1	; $0C	 0000 x000   Reflection Player 1
    103 U000d		       00	   PF0	      ds	1	; $0D	 xxxx 0000   Playfield Register Byte 0
    104 U000e		       00	   PF1	      ds	1	; $0E	 xxxx xxxx   Playfield Register Byte 1
    105 U000f		       00	   PF2	      ds	1	; $0F	 xxxx xxxx   Playfield Register Byte 2
    106 U0010		       00	   RESP0      ds	1	; $10	 ---- ----   Reset Player 0
    107 U0011		       00	   RESP1      ds	1	; $11	 ---- ----   Reset Player 1
    108 U0012		       00	   RESM0      ds	1	; $12	 ---- ----   Reset Missle 0
    109 U0013		       00	   RESM1      ds	1	; $13	 ---- ----   Reset Missle 1
    110 U0014		       00	   RESBL      ds	1	; $14	 ---- ----   Reset Ball
    111 U0015		       00	   AUDC0      ds	1	; $15	 0000 xxxx   Audio Control 0
    112 U0016		       00	   AUDC1      ds	1	; $16	 0000 xxxx   Audio Control 1
    113 U0017		       00	   AUDF0      ds	1	; $17	 000x xxxx   Audio Frequency 0
    114 U0018		       00	   AUDF1      ds	1	; $18	 000x xxxx   Audio Frequency 1
    115 U0019		       00	   AUDV0      ds	1	; $19	 0000 xxxx   Audio Volume 0
    116 U001a		       00	   AUDV1      ds	1	; $1A	 0000 xxxx   Audio Volume 1
    117 U001b		       00	   GRP0       ds	1	; $1B	 xxxx xxxx   Graphics Register Player 0
    118 U001c		       00	   GRP1       ds	1	; $1C	 xxxx xxxx   Graphics Register Player 1
    119 U001d		       00	   ENAM0      ds	1	; $1D	 0000 00x0   Graphics Enable Missle 0
    120 U001e		       00	   ENAM1      ds	1	; $1E	 0000 00x0   Graphics Enable Missle 1
    121 U001f		       00	   ENABL      ds	1	; $1F	 0000 00x0   Graphics Enable Ball
    122 U0020		       00	   HMP0       ds	1	; $20	 xxxx 0000   Horizontal Motion Player 0
    123 U0021		       00	   HMP1       ds	1	; $21	 xxxx 0000   Horizontal Motion Player 1
    124 U0022		       00	   HMM0       ds	1	; $22	 xxxx 0000   Horizontal Motion Missle 0
    125 U0023		       00	   HMM1       ds	1	; $23	 xxxx 0000   Horizontal Motion Missle 1
    126 U0024		       00	   HMBL       ds	1	; $24	 xxxx 0000   Horizontal Motion Ball
    127 U0025		       00	   VDELP0     ds	1	; $25	 0000 000x   Vertical Delay Player 0
    128 U0026		       00	   VDELP1     ds	1	; $26	 0000 000x   Vertical Delay Player 1
    129 U0027		       00	   VDELBL     ds	1	; $27	 0000 000x   Vertical Delay Ball
    130 U0028		       00	   RESMP0     ds	1	; $28	 0000 00x0   Reset Missle 0 to Player 0
    131 U0029		       00	   RESMP1     ds	1	; $29	 0000 00x0   Reset Missle 1 to Player 1
    132 U002a		       00	   HMOVE      ds	1	; $2A	 ---- ----   Apply Horizontal Motion
    133 U002b		       00	   HMCLR      ds	1	; $2B	 ---- ----   Clear Horizontal Move Registers
    134 U002c		       00	   CXCLR      ds	1	; $2C	 ---- ----   Clear Collision Latches
    135 U002d
    136 U002d							;-------------------------------------------------------------------------------
    137 U002d
    138 U000e					      SEG.U	TIA_REGISTERS_READ
    139 U0000					      ORG	TIA_BASE_READ_ADDRESS
    140 U0000
    141 U0000							;											bit 7	 bit 6
    142 U0000		       00	   CXM0P      ds	1	; $00	     xx00 0000	     Read Collision  M0-P1   M0-P0
    143 U0001		       00	   CXM1P      ds	1	; $01	     xx00 0000			     M1-P0   M1-P1
    144 U0002		       00	   CXP0FB     ds	1	; $02	     xx00 0000			     P0-PF   P0-BL
    145 U0003		       00	   CXP1FB     ds	1	; $03	     xx00 0000			     P1-PF   P1-BL
    146 U0004		       00	   CXM0FB     ds	1	; $04	     xx00 0000			     M0-PF   M0-BL
    147 U0005		       00	   CXM1FB     ds	1	; $05	     xx00 0000			     M1-PF   M1-BL
    148 U0006		       00	   CXBLPF     ds	1	; $06	     x000 0000			     BL-PF   -----
    149 U0007		       00	   CXPPMM     ds	1	; $07	     xx00 0000			     P0-P1   M0-M1
    150 U0008		       00	   INPT0      ds	1	; $08	     x000 0000	     Read Pot Port 0
    151 U0009		       00	   INPT1      ds	1	; $09	     x000 0000	     Read Pot Port 1
    152 U000a		       00	   INPT2      ds	1	; $0A	     x000 0000	     Read Pot Port 2
    153 U000b		       00	   INPT3      ds	1	; $0B	     x000 0000	     Read Pot Port 3
    154 U000c		       00	   INPT4      ds	1	; $0C		x000 0000	 Read Input (Trigger) 0
    155 U000d		       00	   INPT5      ds	1	; $0D		x000 0000	 Read Input (Trigger) 1
    156 U000e
    157 U000e							;-------------------------------------------------------------------------------
    158 U000e
    159 U0298					      SEG.U	RIOT
    160 U0280					      ORG	$280
    161 U0280
    162 U0280							; RIOT MEMORY MAP
    163 U0280
    164 U0280		       00	   SWCHA      ds	1	; $280      Port A data register for joysticks:
    165 U0281							;			Bits 4-7 for player 1.  Bits 0-3 for player 2.
    166 U0281
    167 U0281		       00	   SWACNT     ds	1	; $281      Port A data direction register (DDR)
    168 U0282		       00	   SWCHB      ds	1	; $282		Port B data (console switches)
    169 U0283		       00	   SWBCNT     ds	1	; $283      Port B DDR
    170 U0284		       00	   INTIM      ds	1	; $284		Timer output
    171 U0285
    172 U0285		       00	   TIMINT     ds	1	; $285
    173 U0286
    174 U0286							; Unused/undefined registers ($285-$294)
    175 U0286
    176 U0286		       00		      ds	1	; $286
    177 U0287		       00		      ds	1	; $287
    178 U0288		       00		      ds	1	; $288
    179 U0289		       00		      ds	1	; $289
    180 U028a		       00		      ds	1	; $28A
    181 U028b		       00		      ds	1	; $28B
    182 U028c		       00		      ds	1	; $28C
    183 U028d		       00		      ds	1	; $28D
    184 U028e		       00		      ds	1	; $28E
    185 U028f		       00		      ds	1	; $28F
    186 U0290		       00		      ds	1	; $290
    187 U0291		       00		      ds	1	; $291
    188 U0292		       00		      ds	1	; $292
    189 U0293		       00		      ds	1	; $293
    190 U0294
    191 U0294		       00	   TIM1T      ds	1	; $294		set 1 clock interval
    192 U0295		       00	   TIM8T      ds	1	; $295      set 8 clock interval
    193 U0296		       00	   TIM64T     ds	1	; $296      set 64 clock interval
    194 U0297		       00	   T1024T     ds	1	; $297      set 1024 clock interval
    195 U0298
    196 U0298							;-------------------------------------------------------------------------------
    197 U0298							; The following required for back-compatibility with code which does not use
    198 U0298							; segments.
    199 U0298
    200  10000 ????				       SEG
    201  10000 ????
    202  10000 ????						; EOF
------- FILE 2600basic.h
------- FILE macro.h LEVEL 3 PASS 2
      0  10000 ????				       include	"macro.h"
      1  10000 ????						; Provided under the CC0 license. See the included LICENSE.txt for details.
      2  10000 ????
      3  10000 ????						; MACRO.H
      4  10000 ????						; Version 1.05, 13/NOVEMBER/2003
      5  10000 ????
      6  10000 ????		00 69	    VERSION_MACRO =	105
      7  10000 ????
      8  10000 ????						;
      9  10000 ????						; THIS FILE IS EXPLICITLY SUPPORTED AS A DASM-PREFERRED COMPANION FILE
     10  10000 ????						; PLEASE DO *NOT* REDISTRIBUTE MODIFIED VERSIONS OF THIS FILE!
     11  10000 ????						;
     12  10000 ????						; This file defines DASM macros useful for development for the Atari 2600.
     13  10000 ????						; It is distributed as a companion machine-specific support package
     14  10000 ????						; for the DASM compiler. Updates to this file, DASM, and associated tools are
     15  10000 ????						; available at at http://www.atari2600.org/dasm
     16  10000 ????						;
     17  10000 ????						; Many thanks to the people who have contributed.  If you take issue with the
     18  10000 ????						; contents, or would like to add something, please write to me
     19  10000 ????						; (atari2600@taswegian.com) with your contribution.
     20  10000 ????						;
     21  10000 ????						; Latest Revisions...
     22  10000 ????						;
     23  10000 ????						; 1.05  14/NOV/2003	  - Added VERSION_MACRO equate (which will reflect 100x version #)
     24  10000 ????						;			    This will allow conditional code to verify MACRO.H being
     25  10000 ????						;			    used for code assembly.
     26  10000 ????						; 1.04  13/NOV/2003	 - SET_POINTER macro added (16-bit address load)
     27  10000 ????						;
     28  10000 ????						; 1.03  23/JUN/2003	 - CLEAN_START macro added - clears TIA, RAM, registers
     29  10000 ????						;
     30  10000 ????						; 1.02  14/JUN/2003	 - VERTICAL_SYNC macro added
     31  10000 ????						;			   (standardised macro for vertical synch code)
     32  10000 ????						; 1.01  22/MAR/2003	 - SLEEP macro added. 
     33  10000 ????						;			 - NO_ILLEGAL_OPCODES switch implemented
     34  10000 ????						; 1.0	22/MAR/2003		Initial release
     35  10000 ????
     36  10000 ????						; Note: These macros use illegal opcodes.  To disable illegal opcode usage, 
     37  10000 ????						;   define the symbol NO_ILLEGAL_OPCODES (-DNO_ILLEGAL_OPCODES=1 on command-line).
     38  10000 ????						;   If you do not allow illegal opcode usage, you must include this file 
     39  10000 ????						;   *after* including VCS.H (as the non-illegal opcodes access hardware
     40  10000 ????						;   registers and require them to be defined first).
     41  10000 ????
     42  10000 ????						; Available macros...
     43  10000 ????						;   SLEEP n		 - sleep for n cycles
     44  10000 ????						;   VERTICAL_SYNC	 - correct 3 scanline vertical synch code
     45  10000 ????						;   CLEAN_START	 - set machine to known state on startup
     46  10000 ????						;   SET_POINTER	 - load a 16-bit absolute to a 16-bit variable
     47  10000 ????
     48  10000 ????						;-------------------------------------------------------------------------------
     49  10000 ????						; SLEEP duration
     50  10000 ????						; Original author: Thomas Jentzsch
     51  10000 ????						; Inserts code which takes the specified number of cycles to execute.	This is
     52  10000 ????						; useful for code where precise timing is required.
     53  10000 ????						; ILLEGAL-OPCODE VERSION DOES NOT AFFECT FLAGS OR REGISTERS.
     54  10000 ????						; LEGAL OPCODE VERSION MAY AFFECT FLAGS
     55  10000 ????						; Uses illegal opcode (DASM 2.20.01 onwards).
     56  10000 ????
     57  10000 ????				       MAC	sleep
     58  10000 ????			    .CYCLES    SET	{1}
     59  10000 ????
     60  10000 ????				       IF	.CYCLES < 2
     61  10000 ????				       ECHO	"MACRO ERROR: 'SLEEP': Duration must be > 1"
     62  10000 ????				       ERR
     63  10000 ????				       ENDIF
     64  10000 ????
     65  10000 ????				       IF	.CYCLES & 1
     66  10000 ????				       IFNCONST	NO_ILLEGAL_OPCODES
     67  10000 ????				       nop	0
     68  10000 ????				       ELSE
     69  10000 ????				       bit	VSYNC
     70  10000 ????				       ENDIF
     71  10000 ????			    .CYCLES    SET	.CYCLES - 3
     72  10000 ????				       ENDIF
     73  10000 ????
     74  10000 ????				       REPEAT	.CYCLES / 2
     75  10000 ????				       nop
     76  10000 ????				       REPEND
     77  10000 ????				       ENDM		;usage: SLEEP n (n>1)
     78  10000 ????
     79  10000 ????						;-------------------------------------------------------------------------------
     80  10000 ????						; VERTICAL_SYNC
     81  10000 ????						; Original author: Manuel Polik
     82  10000 ????						; Inserts the code required for a proper 3 scannline 
     83  10000 ????						; vertical sync sequence
     84  10000 ????						;
     85  10000 ????						; Note: Alters the accumulator
     86  10000 ????						;
     87  10000 ????						; IN:
     88  10000 ????						; OUT: A = 1
     89  10000 ????
     90  10000 ????				       MAC	vertical_sync
     91  10000 ????				       LDA	#$02	; A = VSYNC enable
     92  10000 ????				       STA	WSYNC	; Finish current line
     93  10000 ????				       STA	VSYNC	; Start vertical sync
     94  10000 ????				       STA	WSYNC	; 1st line vertical sync
     95  10000 ????				       STA	WSYNC	; 2nd line vertical sync
     96  10000 ????				       LSR		; A = VSYNC disable
     97  10000 ????				       STA	WSYNC	; 3rd line vertical sync
     98  10000 ????				       STA	VSYNC	; Stop vertical sync
     99  10000 ????				       ENDM
    100  10000 ????
    101  10000 ????						;-------------------------------------------------------------------------------
    102  10000 ????						; CLEAN_START
    103  10000 ????						; Original author: Andrew Davie
    104  10000 ????						; Standardised start-up code, clears stack, all TIA registers and RAM to 0
    105  10000 ????						; Sets stack pointer to $FF, and all registers to 0
    106  10000 ????						; Sets decimal mode off, sets interrupt flag (kind of un-necessary)
    107  10000 ????						; Use as very first section of code on boot (ie: at reset)
    108  10000 ????						; Code written to minimise total ROM usage - uses weird 6502 knowledge :)
    109  10000 ????
    110  10000 ????				       MAC	clean_start
    111  10000 ????				       sei
    112  10000 ????				       cld
    113  10000 ????
    114  10000 ????				       ldx	#0
    115  10000 ????				       txa
    116  10000 ????				       tay
    117  10000 ????			    .CLEAR_STACK dex
    118  10000 ????				       txs
    119  10000 ????				       pha
    120  10000 ????				       bne	.CLEAR_STACK	; SP=$FF, X = A = Y = 0
    121  10000 ????
    122  10000 ????				       ENDM
    123  10000 ????
    124  10000 ????						;-------------------------------------------------------
    125  10000 ????						; SET_POINTER
    126  10000 ????						; Original author: Manuel Rotschkar
    127  10000 ????						;
    128  10000 ????						; Sets a 2 byte RAM pointer to an absolute address.
    129  10000 ????						;
    130  10000 ????						; Usage: SET_POINTER pointer, address
    131  10000 ????						; Example: SET_POINTER SpritePTR, SpriteData
    132  10000 ????						;
    133  10000 ????						; Note: Alters the accumulator, NZ flags
    134  10000 ????						; IN 1: 2 byte RAM location reserved for pointer
    135  10000 ????						; IN 2: absolute address
    136  10000 ????
    137  10000 ????				       MAC	set_pointer
    138  10000 ????			    .POINTER   SET	{1}
    139  10000 ????			    .ADDRESS   SET	{2}
    140  10000 ????
    141  10000 ????				       LDA	#<.ADDRESS	; Get Lowbyte of Address
    142  10000 ????				       STA	.POINTER	; Store in pointer
    143  10000 ????				       LDA	#>.ADDRESS	; Get Hibyte of Address
    144  10000 ????				       STA	.POINTER+1	; Store in pointer+1
    145  10000 ????
    146  10000 ????				       ENDM
    147  10000 ????
    148  10000 ????						; EOF
------- FILE 2600basic.h
------- FILE 2600basic_variable_redefs.h LEVEL 3 PASS 2
      0  10000 ????				       include	"2600basic_variable_redefs.h"
      1  10000 ????						; This file contains variable mapping and other information for the current project.
      2  10000 ????
      3  10000 ????		00 08	    _data_sugar_y_length =	.skipL0134-_data_sugar_y
      4  10000 ????
      5  10000 ????		00 08	    _data_sugar_x_length =	.skipL0133-_data_sugar_x
      6  10000 ????
      7  10000 ????		00 de	    _b4_gameLight =	k
      8  10000 ????
      9  10000 ????		00 de	    _b0_gameStart =	k
     10  10000 ????
     11  10000 ????		00 e7	    sugar_count =	t
     12  10000 ????
     13  10000 ????		00 e6	    sugar      =	s
     14  10000 ????
     15  10000 ????		00 d7	    seconds_counter =	d
     16  10000 ????
     17  10000 ????		00 d6	    frame_counter =	c
     18  10000 ????
     19  10000 ????		00 d8	    _timer_pf  =	e
     20  10000 ????
     21  10000 ????		00 d9	    _animation =	f
     22  10000 ????
     23  10000 ????		00 d5	    _level     =	b
     24  10000 ????
     25  10000 ????		00 d4	    _timer_light =	a
     26  10000 ????
     27  10000 ????		00 32	    _P1_color  =	$32
     28  10000 ????
     29  10000 ????		00 2c	    _P0_color  =	$2C
     30  10000 ????
     31  10000 ????		00 16	    _base_color =	$16
     32  10000 ????
     33  10000 ????		00 99	    _P_Edge_Right =	153
     34  10000 ????
     35  10000 ????		00 00	    _P_Edge_Left =	0
     36  10000 ????
     37  10000 ????		00 58	    _P_Edge_Bottom =	88
     38  10000 ????
     39  10000 ????		00 00	    _P_Edge_Top =	0
     40  10000 ????
     41  10000 ????		00 01	    scorefade  =	1
     42  10000 ????
     43  10000 ????		00 01	    pfscore    =	1
     44  10000 ????
     45  10000 ????		00 01	    PFcolors   =	1
------- FILE 2600basic.h
      7  10000 ????
      8  10000 ????		00 80	    player0x   =	$80
      9  10000 ????		00 81	    player1x   =	$81
     10  10000 ????		00 82	    missile0x  =	$82
     11  10000 ????		00 83	    missile1x  =	$83
     12  10000 ????		00 84	    ballx      =	$84
     13  10000 ????
     14  10000 ????		00 85	    objecty    =	$85
     15  10000 ????		00 85	    player0y   =	$85
     16  10000 ????		00 86	    player1y   =	$86
     17  10000 ????		00 87	    missile1height =	$87
     18  10000 ????		00 88	    missile1y  =	$88
     19  10000 ????		00 89	    bally      =	$89
     20  10000 ????
     21  10000 ????		00 87	    player1color =	$87	; replaces missile 1
     22  10000 ????
     23  10000 ????		00 8a	    player0pointer =	$8A	;uses $8A-$8B
     24  10000 ????		00 8a	    player0pointerlo =	$8A
     25  10000 ????		00 8b	    player0pointerhi =	$8B
     26  10000 ????		00 8c	    player1pointer =	$8C	; $8C-$8D
     27  10000 ????		00 8c	    player1pointerlo =	$8C
     28  10000 ????		00 8d	    player1pointerhi =	$8D
     29  10000 ????
     30  10000 ????		00 8e	    player0height =	$8E
     31  10000 ????		00 8f	    player1height =	$8F
     32  10000 ????		00 90	    missile0height =	$90
     33  10000 ????		00 91	    missile0y  =	$91
     34  10000 ????		00 92	    ballheight =	$92
     35  10000 ????
     36  10000 ????		00 90	    currentpaddle =	$90	; replaces missile 0 (and can't be used with playercolor)
     37  10000 ????		00 91	    paddle     =	$91	; replaces missile 0
     38  10000 ????		00 82	    player0colorstore =	$82	; replaces missile 0
     39  10000 ????		00 90	    player0color =	$90	; replaces missile 0
     40  10000 ????
     41  10000 ????		00 93	    score      =	$93	; $93-$95
     42  10000 ????		00 96	    scorepointers =	$96	; $96-$9B = 6 bytes
     43  10000 ????		00 9c	    temp1      =	$9C	;used by kernel.  can be used in program too, but
     44  10000 ????		00 9d	    temp2      =	$9D	;are obliterated when drawscreen is called.
     45  10000 ????		00 9e	    temp3      =	$9E
     46  10000 ????		00 9f	    temp4      =	$9F
     47  10000 ????		00 a0	    temp5      =	$A0
     48  10000 ????		00 a1	    temp6      =	$A1
     49  10000 ????
     50  10000 ????		00 a2	    rand       =	$A2
     51  10000 ????		00 a3	    scorecolor =	$A3
     52  10000 ????
     53  10000 ????		00 a4	    var0       =	$A4
     54  10000 ????		00 a5	    var1       =	$A5
     55  10000 ????		00 a6	    var2       =	$A6
     56  10000 ????		00 a7	    var3       =	$A7
     57  10000 ????		00 a8	    var4       =	$A8
     58  10000 ????		00 a9	    var5       =	$A9
     59  10000 ????		00 aa	    var6       =	$AA
     60  10000 ????		00 ab	    var7       =	$AB
     61  10000 ????		00 ac	    var8       =	$AC
     62  10000 ????		00 ad	    var9       =	$AD
     63  10000 ????		00 ae	    var10      =	$AE
     64  10000 ????		00 af	    var11      =	$AF
     65  10000 ????		00 b0	    var12      =	$B0
     66  10000 ????		00 b1	    var13      =	$B1
     67  10000 ????		00 b2	    var14      =	$B2
     68  10000 ????		00 b3	    var15      =	$B3
     69  10000 ????		00 b4	    var16      =	$B4
     70  10000 ????		00 b5	    var17      =	$B5
     71  10000 ????		00 b6	    var18      =	$B6
     72  10000 ????		00 b7	    var19      =	$B7
     73  10000 ????		00 b8	    var20      =	$B8
     74  10000 ????		00 b9	    var21      =	$B9
     75  10000 ????		00 ba	    var22      =	$BA
     76  10000 ????		00 bb	    var23      =	$BB
     77  10000 ????		00 bc	    var24      =	$BC
     78  10000 ????		00 bd	    var25      =	$BD
     79  10000 ????		00 be	    var26      =	$BE
     80  10000 ????		00 bf	    var27      =	$BF
     81  10000 ????		00 c0	    var28      =	$C0
     82  10000 ????		00 c1	    var29      =	$C1
     83  10000 ????		00 c2	    var30      =	$C2
     84  10000 ????		00 c3	    var31      =	$C3
     85  10000 ????		00 c4	    var32      =	$C4
     86  10000 ????		00 c5	    var33      =	$C5
     87  10000 ????		00 c6	    var34      =	$C6
     88  10000 ????		00 c7	    var35      =	$C7
     89  10000 ????		00 c8	    var36      =	$C8
     90  10000 ????		00 c9	    var37      =	$C9
     91  10000 ????		00 ca	    var38      =	$CA
     92  10000 ????		00 cb	    var39      =	$CB
     93  10000 ????		00 cc	    var40      =	$CC
     94  10000 ????		00 cd	    var41      =	$CD
     95  10000 ????		00 ce	    var42      =	$CE
     96  10000 ????		00 cf	    var43      =	$CF
     97  10000 ????		00 d0	    var44      =	$D0
     98  10000 ????		00 d1	    var45      =	$D1
     99  10000 ????		00 d2	    var46      =	$D2
    100  10000 ????		00 d3	    var47      =	$D3
    101  10000 ????
    102  10000 ????		00 d4	    A	       =	$d4
    103  10000 ????		00 d4	    a	       =	$d4
    104  10000 ????		00 d5	    B	       =	$d5
    105  10000 ????		00 d5	    b	       =	$d5
    106  10000 ????		00 d6	    C	       =	$d6
    107  10000 ????		00 d6	    c	       =	$d6
    108  10000 ????		00 d7	    D	       =	$d7
    109  10000 ????		00 d7	    d	       =	$d7
    110  10000 ????		00 d8	    E	       =	$d8
    111  10000 ????		00 d8	    e	       =	$d8
    112  10000 ????		00 d9	    F	       =	$d9
    113  10000 ????		00 d9	    f	       =	$d9
    114  10000 ????		00 da	    G	       =	$da
    115  10000 ????		00 da	    g	       =	$da
    116  10000 ????		00 db	    H	       =	$db
    117  10000 ????		00 db	    h	       =	$db
    118  10000 ????		00 dc	    I	       =	$dc
    119  10000 ????		00 dc	    i	       =	$dc
    120  10000 ????		00 dd	    J	       =	$dd
    121  10000 ????		00 dd	    j	       =	$dd
    122  10000 ????		00 de	    K	       =	$de
    123  10000 ????		00 de	    k	       =	$de
    124  10000 ????		00 df	    L	       =	$df
    125  10000 ????		00 df	    l	       =	$df
    126  10000 ????		00 e0	    M	       =	$e0
    127  10000 ????		00 e0	    m	       =	$e0
    128  10000 ????		00 e1	    N	       =	$e1
    129  10000 ????		00 e1	    n	       =	$e1
    130  10000 ????		00 e2	    O	       =	$e2
    131  10000 ????		00 e2	    o	       =	$e2
    132  10000 ????		00 e3	    P	       =	$e3
    133  10000 ????		00 e3	    p	       =	$e3
    134  10000 ????		00 e4	    Q	       =	$e4
    135  10000 ????		00 e4	    q	       =	$e4
    136  10000 ????		00 e5	    R	       =	$e5
    137  10000 ????		00 e5	    r	       =	$e5
    138  10000 ????		00 e6	    S	       =	$e6
    139  10000 ????		00 e6	    s	       =	$e6
    140  10000 ????		00 e7	    T	       =	$e7
    141  10000 ????		00 e7	    t	       =	$e7
    142  10000 ????		00 e8	    U	       =	$e8
    143  10000 ????		00 e8	    u	       =	$e8
    144  10000 ????		00 e9	    V	       =	$e9
    145  10000 ????		00 e9	    v	       =	$e9
    146  10000 ????		00 ea	    W	       =	$ea
    147  10000 ????		00 ea	    w	       =	$ea
    148  10000 ????		00 eb	    X	       =	$eb
    149  10000 ????		00 eb	    x	       =	$eb
    150  10000 ????		00 ec	    Y	       =	$ec
    151  10000 ????		00 ec	    y	       =	$ec
    152  10000 ????		00 ed	    Z	       =	$ed
    153  10000 ????		00 ed	    z	       =	$ed
    154  10000 ????
    155  10000 ????		00 ee	    temp7      =	$ee	; This is used to aid in bankswitching
    156  10000 ????		00 ef	    playfieldpos =	$ef
    157  10000 ????
    158  10000 ????						; available for other uses, or if unused, provide more stack space
    159  10000 ????
    160  10000 ????		00 f0	    aux1       =	$f0
    161  10000 ????		00 f1	    aux2       =	$f1
    162  10000 ????		00 f2	    aux3       =	$f2
    163  10000 ????		00 f3	    aux4       =	$f3
    164  10000 ????		00 f4	    aux5       =	$f4
    165  10000 ????		00 f5	    aux6       =	$f5
    166  10000 ????
    167  10000 ????						; playfield color/height pointers
    168  10000 ????		00 f0	    pfcolortable =	$f0	; and $d5
    169  10000 ????		00 f0	    pfheighttable =	$f0	; and $d5
    170  10000 ????						; the above pointers are the same because if color and height are both used together,
    171  10000 ????						; they must used absolute indexed and cannot use pointers
    172  10000 ????
    173  10000 ????		00 f2	    lifepointer =	$f2	; pointer to "lives" shape
    174  10000 ????						; upper 3 bits of $f2 contain the number of lives
    175  10000 ????		00 f4	    lifecolor  =	$f4
    176  10000 ????		00 f3	    lives      =	$f3	; # lives >> 5
    177  10000 ????		00 f5	    statusbarlength =	$f5	; only uses upper 5 bits; other bits free
    178  10000 ????
    179  10000 ????		00 f2	    pfscore1   =	$f2	; optional playfield bytes in score
    180  10000 ????		00 f3	    pfscore2   =	$f3
    181  10000 ????		00 f4	    pfscorecolor =	$f4
    182  10000 ????
    183  10000 ????		00 f6	    stack1     =	$f6
    184  10000 ????		00 f7	    stack2     =	$f7
    185  10000 ????		00 f8	    stack3     =	$f8
    186  10000 ????		00 f9	    stack4     =	$f9
    187  10000 ????						; the stack bytes above may be used in the kernel
    188  10000 ????						; stack = F6-F7, F8-F9, FA-FB, FC-FD, FE-FF
    189  10000 ????
    190  10000 ????				       MAC	return
    191  10000 ????				       ifnconst	bankswitch
    192  10000 ????				       rts
    193  10000 ????				       else
    194  10000 ????				       jmp	BS_return
    195  10000 ????				       endif
    196  10000 ????				       ENDM		; auto-return from either a regular or bankswitched module
    197  10000 ????
    198  10000 ????			   -	       ifconst	superchip
    199  10000 ????			   -playfieldbase =	$10D0
    200  10000 ????			   -	       include	superchip.h
    201  10000 ????				       else
    202  10000 ????		00 a4	    playfieldbase =	$A4
    203  10000 ????				       endif
    204  10000 ????
    205  10000 ????				       ifnconst	pfhalfwidth
    206  10000 ????		00 04	    pfwidth    =	4
    207  10000 ????		00 0e	    PF1L       =	PF1
    208  10000 ????		00 0f	    PF2L       =	PF2
    209  10000 ????		00 0e	    PF1R       =	PF1
    210  10000 ????		00 0f	    PF2R       =	PF2
    211  10000 ????		00 00	    pfadjust   =	0
    212  10000 ????			   -	       else
    213  10000 ????			   -pfwidth    =	2
    214  10000 ????			   -	       ifconst	pfcenter
    215  10000 ????			   -PF1L       =	$3F	; no effect
    216  10000 ????			   -PF2L       =	PF2
    217  10000 ????			   -PF1R       =	$3F
    218  10000 ????			   -PF2R       =	PF2	; no effect
    219  10000 ????			   -pfadjust   =	1
    220  10000 ????			   -	       else
    221  10000 ????			   -PF1L       =	PF1
    222  10000 ????			   -PF2L       =	PF2
    223  10000 ????			   -PF1R       =	$3F	; no effect
    224  10000 ????			   -PF2R       =	$3F	; no effect
    225  10000 ????			   -pfadjust   =	0
    226  10000 ????			   -	       endif
    227  10000 ????				       endif
    228  10000 ????
    229  10000 ????						; define playfield start based on height
    230  10000 ????				       ifnconst	pfres
    231  10000 ????		00 a4	    playfield  =	playfieldbase
    232  10000 ????			   -	       else
    233  10000 ????			   -playfield  =	playfieldbase-(pfres-12*(4/pfwidth))*pfwidth
    234  10000 ????				       endif
------- FILE c:\Users\filippo.morano\progetti\atari\snack_and_roll\snack_and_roll.bas.asm
------- FILE 2600basic_variable_redefs.h LEVEL 2 PASS 2
      0  10000 ????				       include	"2600basic_variable_redefs.h"
      1  10000 ????						; This file contains variable mapping and other information for the current project.
      2  10000 ????
      3  10000 ????		00 08	    _data_sugar_y_length =	.skipL0134-_data_sugar_y
      4  10000 ????
      5  10000 ????		00 08	    _data_sugar_x_length =	.skipL0133-_data_sugar_x
      6  10000 ????
      7  10000 ????		00 de	    _b4_gameLight =	k
      8  10000 ????
      9  10000 ????		00 de	    _b0_gameStart =	k
     10  10000 ????
     11  10000 ????		00 e7	    sugar_count =	t
     12  10000 ????
     13  10000 ????		00 e6	    sugar      =	s
     14  10000 ????
     15  10000 ????		00 d7	    seconds_counter =	d
     16  10000 ????
     17  10000 ????		00 d6	    frame_counter =	c
     18  10000 ????
     19  10000 ????		00 d8	    _timer_pf  =	e
     20  10000 ????
     21  10000 ????		00 d9	    _animation =	f
     22  10000 ????
     23  10000 ????		00 d5	    _level     =	b
     24  10000 ????
     25  10000 ????		00 d4	    _timer_light =	a
     26  10000 ????
     27  10000 ????		00 32	    _P1_color  =	$32
     28  10000 ????
     29  10000 ????		00 2c	    _P0_color  =	$2C
     30  10000 ????
     31  10000 ????		00 16	    _base_color =	$16
     32  10000 ????
     33  10000 ????		00 99	    _P_Edge_Right =	153
     34  10000 ????
     35  10000 ????		00 00	    _P_Edge_Left =	0
     36  10000 ????
     37  10000 ????		00 58	    _P_Edge_Bottom =	88
     38  10000 ????
     39  10000 ????		00 00	    _P_Edge_Top =	0
     40  10000 ????
     41  10000 ????		00 01	    scorefade  =	1
     42  10000 ????
     43  10000 ????		00 01	    pfscore    =	1
     44  10000 ????
     45  10000 ????		00 01	    PFcolors   =	1
------- FILE c:\Users\filippo.morano\progetti\atari\snack_and_roll\snack_and_roll.bas.asm
      8  10000 ????			   -	       ifconst	bankswitch
      9  10000 ????			   -	       if	bankswitch == 8
     10  10000 ????			   -	       ORG	$1000
     11  10000 ????			   -	       RORG	$D000
     12  10000 ????			   -	       endif
     13  10000 ????			   -	       if	bankswitch == 16
     14  10000 ????			   -	       ORG	$1000
     15  10000 ????			   -	       RORG	$9000
     16  10000 ????			   -	       endif
     17  10000 ????			   -	       if	bankswitch == 32
     18  10000 ????			   -	       ORG	$1000
     19  10000 ????			   -	       RORG	$1000
     20  10000 ????			   -	       endif
     21  10000 ????			   -	       if	bankswitch == 64
     22  10000 ????			   -	       ORG	$1000
     23  10000 ????			   -	       RORG	$1000
     24  10000 ????			   -	       endif
     25  10000 ????				       else
     26  f000					      ORG	$F000
     27  f000					      endif
     28  f000
     29  f000				  -	      ifconst	bankswitch_hotspot
     30  f000				  -	      if	bankswitch_hotspot = $083F	; 0840 bankswitching hotspot
     31  f000				  -	      .byte	0	; stop unexpected bankswitches
     32  f000				  -	      endif
     33  f000					      endif
     34  f000							; Provided under the CC0 license. See the included LICENSE.txt for details.
     35  f000
     36  f000				   start
     37  f000		       78		      sei
     38  f001		       d8		      cld
     39  f002		       a0 00		      ldy	#0
     40  f004		       a5 d0		      lda	$D0
     41  f006		       c9 2c		      cmp	#$2C	;check RAM location #1
     42  f008		       d0 07		      bne	MachineIs2600
     43  f00a		       a5 d1		      lda	$D1
     44  f00c		       c9 a9		      cmp	#$A9	;check RAM location #2
     45  f00e		       d0 01		      bne	MachineIs2600
     46  f010		       88		      dey
     47  f011				   MachineIs2600
     48  f011		       a2 00		      ldx	#0
     49  f013		       8a		      txa
     50  f014				   clearmem
     51  f014		       e8		      inx
     52  f015		       9a		      txs
     53  f016		       48		      pha
     54  f017		       d0 fb		      bne	clearmem
     55  f019		       84 9c		      sty	temp1
     56  f01b					      ifnconst	multisprite
     57  f01b				  -	      ifconst	pfrowheight
     58  f01b				  -	      lda	#pfrowheight
     59  f01b					      else
     60  f01b				  -	      ifconst	pfres
     61  f01b				  -	      lda	#(96/pfres)
     62  f01b					      else
     63  f01b		       a9 08		      lda	#8
     64  f01d					      endif
     65  f01d					      endif
     66  f01d		       85 ef		      sta	playfieldpos
     67  f01f					      endif
     68  f01f		       a2 05		      ldx	#5
     69  f021				   initscore
     70  f021		       a9 9c		      lda	#<scoretable
     71  f023		       95 96		      sta	scorepointers,x
     72  f025		       ca		      dex
     73  f026		       10 f9		      bpl	initscore
     74  f028		       a9 01		      lda	#1
     75  f02a		       85 0a		      sta	CTRLPF
     76  f02c		       0d 84 02 	      ora	INTIM
     77  f02f		       85 a2		      sta	rand
     78  f031
     79  f031				  -	      ifconst	multisprite
     80  f031				  -	      jsr	multisprite_setup
     81  f031					      endif
     82  f031
     83  f031					      ifnconst	bankswitch
     84  f031		       4c 66 f4 	      jmp	game
     85  f034				  -	      else
     86  f034				  -	      lda	#>(game-1)
     87  f034				  -	      pha
     88  f034				  -	      lda	#<(game-1)
     89  f034				  -	      pha
     90  f034				  -	      pha
     91  f034				  -	      pha
     92  f034				  -	      ldx	#1
     93  f034				  -	      jmp	BS_jsr
     94  f034					      endif
     95  f034							; Provided under the CC0 license. See the included LICENSE.txt for details.
     96  f034
     97  f034							; This is a 2-line kernel!
     98  f034					      ifnconst	vertical_reflect
     99  f034				   kernel
    100  f034					      endif
    101  f034		       85 02		      sta	WSYNC
    102  f036		       a9 ff		      lda	#255
    103  f038		       8d 96 02 	      sta	TIM64T
    104  f03b
    105  f03b		       a9 01		      lda	#1
    106  f03d		       85 27		      sta	VDELBL
    107  f03f		       85 25		      sta	VDELP0
    108  f041		       a6 92		      ldx	ballheight
    109  f043		       e8		      inx
    110  f044		       e8		      inx
    111  f045		       86 9f		      stx	temp4
    112  f047		       a5 86		      lda	player1y
    113  f049		       85 9e		      sta	temp3
    114  f04b
    115  f04b				  -	      ifconst	shakescreen
    116  f04b				  -	      jsr	doshakescreen
    117  f04b					      else
    118  f04b		       a6 90		      ldx	missile0height
    119  f04d		       e8		      inx
    120  f04e					      endif
    121  f04e
    122  f04e		       e8		      inx
    123  f04f		       86 f6		      stx	stack1
    124  f051
    125  f051		       a5 89		      lda	bally
    126  f053		       85 f7		      sta	stack2
    127  f055
    128  f055		       a5 85		      lda	player0y
    129  f057		       a2 00		      ldx	#0
    130  f059		       85 02		      sta	WSYNC
    131  f05b		       86 1b		      stx	GRP0
    132  f05d		       86 1c		      stx	GRP1
    133  f05f		       86 0e		      stx	PF1L
    134  f061		       86 0f		      stx	PF2
    135  f063		       86 2c		      stx	CXCLR
    136  f065				  -	      ifconst	readpaddle
    137  f065				  -	      stx	paddle
    138  f065					      else
      0  f065					      sleep	3
      1  f065				   .CYCLES    SET	3
      2  f065
      3  f065				  -	      IF	.CYCLES < 2
      4  f065				  -	      ECHO	"MACRO ERROR: 'SLEEP': Duration must be > 1"
      5  f065				  -	      ERR
      6  f065					      ENDIF
      7  f065
      8  f065					      IF	.CYCLES & 1
      9  f065					      IFNCONST	NO_ILLEGAL_OPCODES
     10  f065		       04 00		      nop	0
     11  f067				  -	      ELSE
     12  f067				  -	      bit	VSYNC
     13  f067					      ENDIF
     14  f067				   .CYCLES    SET	.CYCLES - 3
     15  f067					      ENDIF
     16  f067
     17  f067				  -	      REPEAT	.CYCLES / 2
     18  f067				  -	      nop
     19  f067					      REPEND
    140  f067					      endif
    141  f067
    142  f067		       95 9d		      sta	temp2,x
    143  f069
    144  f069							;store these so they can be retrieved later
    145  f069					      ifnconst	pfres
    146  f069		       a2 54		      ldx	#128-44+(4-pfwidth)*12
    147  f06b				  -	      else
    148  f06b				  -	      ldx	#132-pfres*pfwidth
    149  f06b					      endif
    150  f06b
    151  f06b		       c6 85		      dec	player0y
    152  f06d
    153  f06d		       a5 91		      lda	missile0y
    154  f06f		       85 a0		      sta	temp5
    155  f071		       a5 88		      lda	missile1y
    156  f073		       85 a1		      sta	temp6
    157  f075
    158  f075		       a5 ef		      lda	playfieldpos
    159  f077		       85 9c		      sta	temp1
    160  f079
    161  f079				  -	      ifconst	pfrowheight
    162  f079				  -	      lda	#pfrowheight+2
    163  f079					      else
    164  f079					      ifnconst	pfres
    165  f079		       a9 0a		      lda	#10
    166  f07b				  -	      else
    167  f07b				  -	      lda	#(96/pfres)+2	; try to come close to the real size
    168  f07b					      endif
    169  f07b					      endif
    170  f07b		       18		      clc
    171  f07c		       e5 ef		      sbc	playfieldpos
    172  f07e		       85 ef		      sta	playfieldpos
    173  f080		       4c a8 f0 	      jmp	.startkernel
    174  f083
    175  f083				   .skipDrawP0
    176  f083		       a9 00		      lda	#0
    177  f085		       a8		      tay
    178  f086		       4c d6 f0 	      jmp	.continueP0
    179  f089
    180  f089				   .skipDrawP1
    181  f089		       a9 00		      lda	#0
    182  f08b		       a8		      tay
    183  f08c		       4c b2 f0 	      jmp	.continueP1
    184  f08f
    185  f08f				   .kerloop		; enter at cycle 59??
    186  f08f
    187  f08f				   continuekernel
      0  f08f					      sleep	2
      1  f08f				   .CYCLES    SET	2
      2  f08f
      3  f08f				  -	      IF	.CYCLES < 2
      4  f08f				  -	      ECHO	"MACRO ERROR: 'SLEEP': Duration must be > 1"
      5  f08f				  -	      ERR
      6  f08f					      ENDIF
      7  f08f
      8  f08f				  -	      IF	.CYCLES & 1
      9  f08f				  -	      IFNCONST	NO_ILLEGAL_OPCODES
     10  f08f				  -	      nop	0
     11  f08f				  -	      ELSE
     12  f08f				  -	      bit	VSYNC
     13  f08f				  -	      ENDIF
     14  f08f				  -.CYCLES    SET	.CYCLES - 3
     15  f08f					      ENDIF
     16  f08f
     17  f08f					      REPEAT	.CYCLES / 2
     18  f08f		       ea		      nop
     19  f090					      REPEND
    189  f090				   continuekernel2
    190  f090		       a5 92		      lda	ballheight
    191  f092
    192  f092				  -	      ifconst	pfres
    193  f092				  -	      ldy	playfield+pfres*pfwidth-132,x
    194  f092				  -	      sty	PF1L	;3
    195  f092				  -	      ldy	playfield+pfres*pfwidth-131-pfadjust,x
    196  f092				  -	      sty	PF2L	;3
    197  f092				  -	      ldy	playfield+pfres*pfwidth-129,x
    198  f092				  -	      sty	PF1R	; 3 too early?
    199  f092				  -	      ldy	playfield+pfres*pfwidth-130-pfadjust,x
    200  f092				  -	      sty	PF2R	;3
    201  f092					      else
    202  f092		       b4 50		      ldy	playfield-48+pfwidth*12+44-128,x
    203  f094		       84 0e		      sty	PF1L	;3
    204  f096		       b4 51		      ldy	playfield-48+pfwidth*12+45-128-pfadjust,x	;4
    205  f098		       84 0f		      sty	PF2L	;3
    206  f09a		       b4 53		      ldy	playfield-48+pfwidth*12+47-128,x	;4
    207  f09c		       84 0e		      sty	PF1R	; 3 too early?
    208  f09e		       b4 52		      ldy	playfield-48+pfwidth*12+46-128-pfadjust,x	;4
    209  f0a0		       84 0f		      sty	PF2R	;3
    210  f0a2					      endif
    211  f0a2
    212  f0a2							; should be playfield+$38 for width=2
    213  f0a2
    214  f0a2		       c7 89		      dcp	bally
    215  f0a4		       2a		      rol
    216  f0a5		       2a		      rol
    217  f0a6							; rol
    218  f0a6							; rol
    219  f0a6				   goback
    220  f0a6		       85 1f		      sta	ENABL
    221  f0a8				   .startkernel
    222  f0a8		       a5 8f		      lda	player1height	;3
    223  f0aa		       c7 86		      dcp	player1y	;5
    224  f0ac		       90 db		      bcc	.skipDrawP1	;2
    225  f0ae		       a4 86		      ldy	player1y	;3
    226  f0b0		       b1 8c		      lda	(player1pointer),y	;5; player0pointer must be selected carefully by the compiler
    227  f0b2							; so it doesn't cross a page boundary!
    228  f0b2
    229  f0b2				   .continueP1
    230  f0b2		       85 1c		      sta	GRP1	;3
    231  f0b4
    232  f0b4					      ifnconst	player1colors
    233  f0b4		       a5 87		      lda	missile1height	;3
    234  f0b6		       c7 88		      dcp	missile1y	;5
    235  f0b8		       2a		      rol		;2
    236  f0b9		       2a		      rol		;2
    237  f0ba		       85 1e		      sta	ENAM1	;3
    238  f0bc				  -	      else
    239  f0bc				  -	      lda	(player1color),y
    240  f0bc				  -	      sta	COLUP1
    241  f0bc				  -	      ifnconst	playercolors
    242  f0bc				  -	      sleep	7
    243  f0bc				  -	      else
    244  f0bc				  -	      lda.w	player0colorstore
    245  f0bc				  -	      sta	COLUP0
    246  f0bc				  -	      endif
    247  f0bc					      endif
    248  f0bc
    249  f0bc				  -	      ifconst	pfres
    250  f0bc				  -	      lda	playfield+pfres*pfwidth-132,x
    251  f0bc				  -	      sta	PF1L	;3
    252  f0bc				  -	      lda	playfield+pfres*pfwidth-131-pfadjust,x
    253  f0bc				  -	      sta	PF2L	;3
    254  f0bc				  -	      lda	playfield+pfres*pfwidth-129,x
    255  f0bc				  -	      sta	PF1R	; 3 too early?
    256  f0bc				  -	      lda	playfield+pfres*pfwidth-130-pfadjust,x
    257  f0bc				  -	      sta	PF2R	;3
    258  f0bc					      else
    259  f0bc		       b5 50		      lda	playfield-48+pfwidth*12+44-128,x	;4
    260  f0be		       85 0e		      sta	PF1L	;3
    261  f0c0		       b5 51		      lda	playfield-48+pfwidth*12+45-128-pfadjust,x	;4
    262  f0c2		       85 0f		      sta	PF2L	;3
    263  f0c4		       b5 53		      lda	playfield-48+pfwidth*12+47-128,x	;4
    264  f0c6		       85 0e		      sta	PF1R	; 3 too early?
    265  f0c8		       b5 52		      lda	playfield-48+pfwidth*12+46-128-pfadjust,x	;4
    266  f0ca		       85 0f		      sta	PF2R	;3
    267  f0cc					      endif
    268  f0cc							; sleep 3
    269  f0cc
    270  f0cc		       a5 8e		      lda	player0height
    271  f0ce		       c7 85		      dcp	player0y
    272  f0d0		       90 b1		      bcc	.skipDrawP0
    273  f0d2		       a4 85		      ldy	player0y
    274  f0d4		       b1 8a		      lda	(player0pointer),y
    275  f0d6				   .continueP0
    276  f0d6		       85 1b		      sta	GRP0
    277  f0d8
    278  f0d8					      ifnconst	no_blank_lines
    279  f0d8					      ifnconst	playercolors
    280  f0d8		       a5 90		      lda	missile0height	;3
    281  f0da		       c7 91		      dcp	missile0y	;5
    282  f0dc		       e5 f6		      sbc	stack1
    283  f0de		       85 1d		      sta	ENAM0	;3
    284  f0e0				  -	      else
    285  f0e0				  -	      lda	(player0color),y
    286  f0e0				  -	      sta	player0colorstore
    287  f0e0				  -	      sleep	6
    288  f0e0					      endif
    289  f0e0		       c6 9c		      dec	temp1
    290  f0e2		       d0 ab		      bne	continuekernel
    291  f0e4				  -	      else
    292  f0e4				  -	      dec	temp1
    293  f0e4				  -	      beq	altkernel2
    294  f0e4				  -	      ifconst	readpaddle
    295  f0e4				  -	      ldy	currentpaddle
    296  f0e4				  -	      lda	INPT0,y
    297  f0e4				  -	      bpl	noreadpaddle
    298  f0e4				  -	      inc	paddle
    299  f0e4				  -	      jmp	continuekernel2
    300  f0e4				  -noreadpaddle
    301  f0e4				  -	      sleep	2
    302  f0e4				  -	      jmp	continuekernel
    303  f0e4				  -	      else
    304  f0e4				  -	      ifnconst	playercolors
    305  f0e4				  -	      ifconst	PFcolors
    306  f0e4				  -	      txa
    307  f0e4				  -	      tay
    308  f0e4				  -	      lda	(pfcolortable),y
    309  f0e4				  -	      ifnconst	backgroundchange
    310  f0e4				  -	      sta	COLUPF
    311  f0e4				  -	      else
    312  f0e4				  -	      sta	COLUBK
    313  f0e4				  -	      endif
    314  f0e4				  -	      jmp	continuekernel
    315  f0e4				  -	      else
    316  f0e4				  -	      ifconst	kernelmacrodef
    317  f0e4				  -	      kernelmacro
    318  f0e4				  -	      else
    319  f0e4				  -	      sleep	12
    320  f0e4				  -	      endif
    321  f0e4				  -	      endif
    322  f0e4				  -	      else
    323  f0e4				  -	      lda	(player0color),y
    324  f0e4				  -	      sta	player0colorstore
    325  f0e4				  -	      sleep	4
    326  f0e4				  -	      endif
    327  f0e4				  -	      jmp	continuekernel
    328  f0e4				  -	      endif
    329  f0e4				  -altkernel2
    330  f0e4				  -	      txa
    331  f0e4				  -	      ifnconst	vertical_reflect
    332  f0e4				  -	      sbx	#256-pfwidth
    333  f0e4				  -	      else
    334  f0e4				  -	      sbx	#256-pfwidth/2
    335  f0e4				  -	      endif
    336  f0e4				  -	      bmi	lastkernelline
    337  f0e4				  -	      ifconst	pfrowheight
    338  f0e4				  -	      lda	#pfrowheight
    339  f0e4				  -	      else
    340  f0e4				  -	      ifnconst	pfres
    341  f0e4				  -	      lda	#8
    342  f0e4				  -	      else
    343  f0e4				  -	      lda	#(96/pfres)	; try to come close to the real size
    344  f0e4				  -	      endif
    345  f0e4				  -	      endif
    346  f0e4				  -	      sta	temp1
    347  f0e4				  -	      jmp	continuekernel
    348  f0e4					      endif
    349  f0e4
    350  f0e4				   altkernel
    351  f0e4
    352  f0e4				  -	      ifconst	PFmaskvalue
    353  f0e4				  -	      lda	#PFmaskvalue
    354  f0e4					      else
    355  f0e4		       a9 00		      lda	#0
    356  f0e6					      endif
    357  f0e6		       85 0e		      sta	PF1L
    358  f0e8		       85 0f		      sta	PF2
    359  f0ea
    360  f0ea
    361  f0ea							;sleep 3
    362  f0ea
    363  f0ea							;28 cycles to fix things
    364  f0ea							;minus 11=17
    365  f0ea
    366  f0ea							; lax temp4
    367  f0ea							; clc
    368  f0ea		       8a		      txa
    369  f0eb					      ifnconst	vertical_reflect
    370  f0eb		       cb fc		      sbx	#256-pfwidth
    371  f0ed				  -	      else
    372  f0ed				  -	      sbx	#256-pfwidth/2
    373  f0ed					      endif
    374  f0ed
    375  f0ed		       30 12		      bmi	lastkernelline
    376  f0ef
    377  f0ef				  -	      ifconst	PFcolorandheight
    378  f0ef				  -	      ifconst	pfres
    379  f0ef				  -	      ldy	playfieldcolorandheight-131+pfres*pfwidth,x
    380  f0ef				  -	      else
    381  f0ef				  -	      ldy	playfieldcolorandheight-87,x
    382  f0ef				  -	      endif
    383  f0ef				  -	      ifnconst	backgroundchange
    384  f0ef				  -	      sty	COLUPF
    385  f0ef				  -	      else
    386  f0ef				  -	      sty	COLUBK
    387  f0ef				  -	      endif
    388  f0ef				  -	      ifconst	pfres
    389  f0ef				  -	      lda	playfieldcolorandheight-132+pfres*pfwidth,x
    390  f0ef				  -	      else
    391  f0ef				  -	      lda	playfieldcolorandheight-88,x
    392  f0ef				  -	      endif
    393  f0ef				  -	      sta.w	temp1
    394  f0ef					      endif
    395  f0ef				  -	      ifconst	PFheights
    396  f0ef				  -	      lsr
    397  f0ef				  -	      lsr
    398  f0ef				  -	      tay
    399  f0ef				  -	      lda	(pfheighttable),y
    400  f0ef				  -	      sta.w	temp1
    401  f0ef					      endif
    402  f0ef					      ifconst	PFcolors
    403  f0ef		       a8		      tay
    404  f0f0		       b1 f0		      lda	(pfcolortable),y
    405  f0f2					      ifnconst	backgroundchange
    406  f0f2		       85 08		      sta	COLUPF
    407  f0f4				  -	      else
    408  f0f4				  -	      sta	COLUBK
    409  f0f4					      endif
    410  f0f4				  -	      ifconst	pfrowheight
    411  f0f4				  -	      lda	#pfrowheight
    412  f0f4					      else
    413  f0f4					      ifnconst	pfres
    414  f0f4		       a9 08		      lda	#8
    415  f0f6				  -	      else
    416  f0f6				  -	      lda	#(96/pfres)	; try to come close to the real size
    417  f0f6					      endif
    418  f0f6					      endif
    419  f0f6		       85 9c		      sta	temp1
    420  f0f8					      endif
    421  f0f8					      ifnconst	PFcolorandheight
    422  f0f8				  -	      ifnconst	PFcolors
    423  f0f8				  -	      ifnconst	PFheights
    424  f0f8				  -	      ifnconst	no_blank_lines
    425  f0f8				  -			; read paddle 0
    426  f0f8				  -			; lo-res paddle read
    427  f0f8				  -			; bit INPT0
    428  f0f8				  -			; bmi paddleskipread
    429  f0f8				  -			; inc paddle0
    430  f0f8				  -			;donepaddleskip
    431  f0f8				  -	      sleep	10
    432  f0f8				  -	      ifconst	pfrowheight
    433  f0f8				  -	      lda	#pfrowheight
    434  f0f8				  -	      else
    435  f0f8				  -	      ifnconst	pfres
    436  f0f8				  -	      lda	#8
    437  f0f8				  -	      else
    438  f0f8				  -	      lda	#(96/pfres)	; try to come close to the real size
    439  f0f8				  -	      endif
    440  f0f8				  -	      endif
    441  f0f8				  -	      sta	temp1
    442  f0f8				  -	      endif
    443  f0f8				  -	      endif
    444  f0f8					      endif
    445  f0f8					      endif
    446  f0f8
    447  f0f8
    448  f0f8		       a5 92		      lda	ballheight
    449  f0fa		       c7 89		      dcp	bally
    450  f0fc		       e5 9f		      sbc	temp4
    451  f0fe
    452  f0fe
    453  f0fe		       4c a6 f0 	      jmp	goback
    454  f101
    455  f101
    456  f101					      ifnconst	no_blank_lines
    457  f101				   lastkernelline
    458  f101				  -	      ifnconst	PFcolors
    459  f101				  -	      sleep	10
    460  f101					      else
    461  f101		       a0 7c		      ldy	#124
    462  f103		       b1 f0		      lda	(pfcolortable),y
    463  f105		       85 08		      sta	COLUPF
    464  f107					      endif
    465  f107
    466  f107				  -	      ifconst	PFheights
    467  f107				  -	      ldx	#1
    468  f107				  -			;sleep 4
    469  f107				  -	      sleep	3	; this was over 1 cycle
    470  f107					      else
    471  f107		       a6 ef		      ldx	playfieldpos
    472  f109							;sleep 3
      0  f109					      sleep	2	; this was over 1 cycle
      1  f109				   .CYCLES    SET	2
      2  f109
      3  f109				  -	      IF	.CYCLES < 2
      4  f109				  -	      ECHO	"MACRO ERROR: 'SLEEP': Duration must be > 1"
      5  f109				  -	      ERR
      6  f109					      ENDIF
      7  f109
      8  f109				  -	      IF	.CYCLES & 1
      9  f109				  -	      IFNCONST	NO_ILLEGAL_OPCODES
     10  f109				  -	      nop	0
     11  f109				  -	      ELSE
     12  f109				  -	      bit	VSYNC
     13  f109				  -	      ENDIF
     14  f109				  -.CYCLES    SET	.CYCLES - 3
     15  f109					      ENDIF
     16  f109
     17  f109					      REPEAT	.CYCLES / 2
     18  f109		       ea		      nop
     19  f10a					      REPEND
    474  f10a					      endif
    475  f10a
    476  f10a		       4c 28 f1 	      jmp	enterlastkernel
    477  f10d
    478  f10d				  -	      else
    479  f10d				  -lastkernelline
    480  f10d				  -
    481  f10d				  -	      ifconst	PFheights
    482  f10d				  -	      ldx	#1
    483  f10d				  -			;sleep 5
    484  f10d				  -	      sleep	4	; this was over 1 cycle
    485  f10d				  -	      else
    486  f10d				  -	      ldx	playfieldpos
    487  f10d				  -			;sleep 4
    488  f10d				  -	      sleep	3	; this was over 1 cycle
    489  f10d				  -	      endif
    490  f10d				  -
    491  f10d				  -	      cpx	#0
    492  f10d				  -	      bne	.enterfromNBL
    493  f10d				  -	      jmp	no_blank_lines_bailout
    494  f10d					      endif
    495  f10d
    496  f10d				  -	      if	((<*)>$d5)
    497  f10d				  -	      align	256
    498  f10d					      endif
    499  f10d							; this is a kludge to prevent page wrapping - fix!!!
    500  f10d
    501  f10d				   .skipDrawlastP1
    502  f10d		       a9 00		      lda	#0
    503  f10f		       a8		      tay		; added so we don't cross a page
    504  f110		       4c 3a f1 	      jmp	.continuelastP1
    505  f113
    506  f113				   .endkerloop		; enter at cycle 59??
    507  f113
    508  f113		       ea		      nop
    509  f114
    510  f114				   .enterfromNBL
    511  f114				  -	      ifconst	pfres
    512  f114				  -	      ldy.w	playfield+pfres*pfwidth-4
    513  f114				  -	      sty	PF1L	;3
    514  f114				  -	      ldy.w	playfield+pfres*pfwidth-3-pfadjust
    515  f114				  -	      sty	PF2L	;3
    516  f114				  -	      ldy.w	playfield+pfres*pfwidth-1
    517  f114				  -	      sty	PF1R	; possibly too early?
    518  f114				  -	      ldy.w	playfield+pfres*pfwidth-2-pfadjust
    519  f114				  -	      sty	PF2R	;3
    520  f114					      else
    521  f114		       ac d0 00 	      ldy.w	playfield-48+pfwidth*12+44
    522  f117		       84 0e		      sty	PF1L	;3
    523  f119		       ac d1 00 	      ldy.w	playfield-48+pfwidth*12+45-pfadjust
    524  f11c		       84 0f		      sty	PF2L	;3
    525  f11e		       ac d3 00 	      ldy.w	playfield-48+pfwidth*12+47
    526  f121		       84 0e		      sty	PF1R	; possibly too early?
    527  f123		       ac d2 00 	      ldy.w	playfield-48+pfwidth*12+46-pfadjust
    528  f126		       84 0f		      sty	PF2R	;3
    529  f128					      endif
    530  f128
    531  f128				   enterlastkernel
    532  f128		       a5 92		      lda	ballheight
    533  f12a
    534  f12a							; tya
    535  f12a		       c7 89		      dcp	bally
    536  f12c							; sleep 4
    537  f12c
    538  f12c							; sbc stack3
    539  f12c		       2a		      rol
    540  f12d		       2a		      rol
    541  f12e		       85 1f		      sta	ENABL
    542  f130
    543  f130		       a5 8f		      lda	player1height	;3
    544  f132		       c7 86		      dcp	player1y	;5
    545  f134		       90 d7		      bcc	.skipDrawlastP1
    546  f136		       a4 86		      ldy	player1y	;3
    547  f138		       b1 8c		      lda	(player1pointer),y	;5; player0pointer must be selected carefully by the compiler
    548  f13a							; so it doesn't cross a page boundary!
    549  f13a
    550  f13a				   .continuelastP1
    551  f13a		       85 1c		      sta	GRP1	;3
    552  f13c
    553  f13c					      ifnconst	player1colors
    554  f13c		       a5 87		      lda	missile1height	;3
    555  f13e		       c7 88		      dcp	missile1y	;5
    556  f140				  -	      else
    557  f140				  -	      lda	(player1color),y
    558  f140				  -	      sta	COLUP1
    559  f140					      endif
    560  f140
    561  f140		       ca		      dex
    562  f141							;dec temp4 ; might try putting this above PF writes
    563  f141		       f0 36		      beq	endkernel
    564  f143
    565  f143
    566  f143				  -	      ifconst	pfres
    567  f143				  -	      ldy.w	playfield+pfres*pfwidth-4
    568  f143				  -	      sty	PF1L	;3
    569  f143				  -	      ldy.w	playfield+pfres*pfwidth-3-pfadjust
    570  f143				  -	      sty	PF2L	;3
    571  f143				  -	      ldy.w	playfield+pfres*pfwidth-1
    572  f143				  -	      sty	PF1R	; possibly too early?
    573  f143				  -	      ldy.w	playfield+pfres*pfwidth-2-pfadjust
    574  f143				  -	      sty	PF2R	;3
    575  f143					      else
    576  f143		       ac d0 00 	      ldy.w	playfield-48+pfwidth*12+44
    577  f146		       84 0e		      sty	PF1L	;3
    578  f148		       ac d1 00 	      ldy.w	playfield-48+pfwidth*12+45-pfadjust
    579  f14b		       84 0f		      sty	PF2L	;3
    580  f14d		       ac d3 00 	      ldy.w	playfield-48+pfwidth*12+47
    581  f150		       84 0e		      sty	PF1R	; possibly too early?
    582  f152		       ac d2 00 	      ldy.w	playfield-48+pfwidth*12+46-pfadjust
    583  f155		       84 0f		      sty	PF2R	;3
    584  f157					      endif
    585  f157
    586  f157					      ifnconst	player1colors
    587  f157		       2a		      rol		;2
    588  f158		       2a		      rol		;2
    589  f159		       85 1e		      sta	ENAM1	;3
    590  f15b				  -	      else
    591  f15b				  -	      ifnconst	playercolors
    592  f15b				  -	      sleep	7
    593  f15b				  -	      else
    594  f15b				  -	      lda.w	player0colorstore
    595  f15b				  -	      sta	COLUP0
    596  f15b				  -	      endif
    597  f15b					      endif
    598  f15b
    599  f15b		       ad 8e 00 	      lda.w	player0height
    600  f15e		       c7 85		      dcp	player0y
    601  f160		       90 11		      bcc	.skipDrawlastP0
    602  f162		       a4 85		      ldy	player0y
    603  f164		       b1 8a		      lda	(player0pointer),y
    604  f166				   .continuelastP0
    605  f166		       85 1b		      sta	GRP0
    606  f168
    607  f168
    608  f168
    609  f168					      ifnconst	no_blank_lines
    610  f168		       a5 90		      lda	missile0height	;3
    611  f16a		       c7 91		      dcp	missile0y	;5
    612  f16c		       e5 f6		      sbc	stack1
    613  f16e		       85 1d		      sta	ENAM0	;3
    614  f170		       4c 13 f1 	      jmp	.endkerloop
    615  f173				  -	      else
    616  f173				  -	      ifconst	readpaddle
    617  f173				  -	      ldy	currentpaddle
    618  f173				  -	      lda	INPT0,y
    619  f173				  -	      bpl	noreadpaddle2
    620  f173				  -	      inc	paddle
    621  f173				  -	      jmp	.endkerloop
    622  f173				  -noreadpaddle2
    623  f173				  -	      sleep	4
    624  f173				  -	      jmp	.endkerloop
    625  f173				  -	      else		; no_blank_lines and no paddle reading
    626  f173				  -	      pla
    627  f173				  -	      pha		; 14 cycles in 4 bytes
    628  f173				  -	      pla
    629  f173				  -	      pha
    630  f173				  -			; sleep 14
    631  f173				  -	      jmp	.endkerloop
    632  f173				  -	      endif
    633  f173					      endif
    634  f173
    635  f173
    636  f173							; ifconst donepaddleskip
    637  f173							;paddleskipread
    638  f173							; this is kind of lame, since it requires 4 cycles from a page boundary crossing
    639  f173							; plus we get a lo-res paddle read
    640  f173							; bmi donepaddleskip
    641  f173							; endif
    642  f173
    643  f173				   .skipDrawlastP0
    644  f173		       a9 00		      lda	#0
    645  f175		       a8		      tay
    646  f176		       4c 66 f1 	      jmp	.continuelastP0
    647  f179
    648  f179				  -	      ifconst	no_blank_lines
    649  f179				  -no_blank_lines_bailout
    650  f179				  -	      ldx	#0
    651  f179					      endif
    652  f179
    653  f179				   endkernel
    654  f179							; 6 digit score routine
    655  f179		       86 0e		      stx	PF1
    656  f17b		       86 0f		      stx	PF2
    657  f17d		       86 0d		      stx	PF0
    658  f17f		       18		      clc
    659  f180
    660  f180				  -	      ifconst	pfrowheight
    661  f180				  -	      lda	#pfrowheight+2
    662  f180					      else
    663  f180					      ifnconst	pfres
    664  f180		       a9 0a		      lda	#10
    665  f182				  -	      else
    666  f182				  -	      lda	#(96/pfres)+2	; try to come close to the real size
    667  f182					      endif
    668  f182					      endif
    669  f182
    670  f182		       e5 ef		      sbc	playfieldpos
    671  f184		       85 ef		      sta	playfieldpos
    672  f186		       8a		      txa
    673  f187
    674  f187				  -	      ifconst	shakescreen
    675  f187				  -	      bit	shakescreen
    676  f187				  -	      bmi	noshakescreen2
    677  f187				  -	      ldx	#$3D
    678  f187				  -noshakescreen2
    679  f187					      endif
    680  f187
    681  f187		       95 02		      sta	WSYNC,x
    682  f189
    683  f189							; STA WSYNC ;first one, need one more
    684  f189		       85 0b		      sta	REFP0
    685  f18b		       85 0c		      sta	REFP1
    686  f18d		       85 1b		      STA	GRP0
    687  f18f		       85 1c		      STA	GRP1
    688  f191							; STA PF1
    689  f191							; STA PF2
    690  f191		       85 2b		      sta	HMCLR
    691  f193		       85 1d		      sta	ENAM0
    692  f195		       85 1e		      sta	ENAM1
    693  f197		       85 1f		      sta	ENABL
    694  f199
    695  f199		       a5 9d		      lda	temp2	;restore variables that were obliterated by kernel
    696  f19b		       85 85		      sta	player0y
    697  f19d		       a5 9e		      lda	temp3
    698  f19f		       85 86		      sta	player1y
    699  f1a1					      ifnconst	player1colors
    700  f1a1		       a5 a1		      lda	temp6
    701  f1a3		       85 88		      sta	missile1y
    702  f1a5					      endif
    703  f1a5					      ifnconst	playercolors
    704  f1a5					      ifnconst	readpaddle
    705  f1a5		       a5 a0		      lda	temp5
    706  f1a7		       85 91		      sta	missile0y
    707  f1a9					      endif
    708  f1a9					      endif
    709  f1a9		       a5 f7		      lda	stack2
    710  f1ab		       85 89		      sta	bally
    711  f1ad
    712  f1ad							; strangely, this isn't required any more. might have
    713  f1ad							; resulted from the no_blank_lines score bounce fix
    714  f1ad							;ifconst no_blank_lines
    715  f1ad							;sta WSYNC
    716  f1ad							;endif
    717  f1ad
    718  f1ad		       ad 84 02 	      lda	INTIM
    719  f1b0		       18		      clc
    720  f1b1					      ifnconst	vblank_time
    721  f1b1		       69 8e		      adc	#43+12+87
    722  f1b3				  -	      else
    723  f1b3				  -	      adc	#vblank_time+12+87
    724  f1b3				  -
    725  f1b3					      endif
    726  f1b3							; sta WSYNC
    727  f1b3		       8d 96 02 	      sta	TIM64T
    728  f1b6
    729  f1b6				  -	      ifconst	minikernel
    730  f1b6				  -	      jsr	minikernel
    731  f1b6					      endif
    732  f1b6
    733  f1b6							; now reassign temp vars for score pointers
    734  f1b6
    735  f1b6							; score pointers contain:
    736  f1b6							; score1-5: lo1,lo2,lo3,lo4,lo5,lo6
    737  f1b6							; swap lo2->temp1
    738  f1b6							; swap lo4->temp3
    739  f1b6							; swap lo6->temp5
    740  f1b6					      ifnconst	noscore
    741  f1b6		       a5 97		      lda	scorepointers+1
    742  f1b8							; ldy temp1
    743  f1b8		       85 9c		      sta	temp1
    744  f1ba							; sty scorepointers+1
    745  f1ba
    746  f1ba		       a5 99		      lda	scorepointers+3
    747  f1bc							; ldy temp3
    748  f1bc		       85 9e		      sta	temp3
    749  f1be							; sty scorepointers+3
    750  f1be
    751  f1be
    752  f1be		       85 2b		      sta	HMCLR
    753  f1c0		       ba		      tsx
    754  f1c1		       86 f6		      stx	stack1
    755  f1c3		       a2 e0		      ldx	#$E0
    756  f1c5		       86 20		      stx	HMP0
    757  f1c7
    758  f1c7		       a5 a3		      LDA	scorecolor
    759  f1c9		       85 06		      STA	COLUP0
    760  f1cb		       85 07		      STA	COLUP1
    761  f1cd					      ifconst	scorefade
    762  f1cd		       85 f7		      STA	stack2
    763  f1cf					      endif
    764  f1cf					      ifconst	pfscore
    765  f1cf		       a5 f4		      lda	pfscorecolor
    766  f1d1		       85 08		      sta	COLUPF
    767  f1d3					      endif
    768  f1d3		       85 02		      sta	WSYNC
    769  f1d5		       a2 00		      ldx	#0
    770  f1d7		       86 1b		      STx	GRP0
    771  f1d9		       86 1c		      STx	GRP1	; seems to be needed because of vdel
    772  f1db
    773  f1db		       a5 9b		      lda	scorepointers+5
    774  f1dd							; ldy temp5
    775  f1dd		       95 a0		      sta	temp5,x
    776  f1df							; sty scorepointers+5
    777  f1df		       a9 ff		      lda	#>scoretable
    778  f1e1		       85 97		      sta	scorepointers+1
    779  f1e3		       85 99		      sta	scorepointers+3
    780  f1e5		       85 9b		      sta	scorepointers+5
    781  f1e7		       85 9d		      sta	temp2
    782  f1e9		       85 9f		      sta	temp4
    783  f1eb		       85 a1		      sta	temp6
    784  f1ed		       a0 07		      LDY	#7
    785  f1ef		       84 25		      STY	VDELP0
    786  f1f1		       85 10		      STA	RESP0
    787  f1f3		       85 11		      STA	RESP1
    788  f1f5
    789  f1f5
    790  f1f5		       a9 03		      LDA	#$03
    791  f1f7		       85 04		      STA	NUSIZ0
    792  f1f9		       85 05		      STA	NUSIZ1
    793  f1fb		       85 26		      STA	VDELP1
    794  f1fd		       a9 f0		      LDA	#$F0
    795  f1ff		       85 21		      STA	HMP1
    796  f201		       b1 96		      lda	(scorepointers),y
    797  f203		       85 1b		      sta	GRP0
    798  f205		       85 2a		      STA	HMOVE	; cycle 73 ?
    799  f207		       4c 13 f2 	      jmp	beginscore
    800  f20a
    801  f20a
    802  f20a				  -	      if	((<*)>$d4)
    803  f20a				  -	      align	256	; kludge that potentially wastes space! should be fixed!
    804  f20a					      endif
    805  f20a
    806  f20a				   loop2
    807  f20a		       b1 96		      lda	(scorepointers),y	;+5 68 204
    808  f20c		       85 1b		      sta	GRP0	;+3 71 213 D1 -- -- --
    809  f20e					      ifconst	pfscore
    810  f20e		       ad f2 00 	      lda.w	pfscore1
    811  f211		       85 0e		      sta	PF1
    812  f213				  -	      else
    813  f213				  -	      ifconst	scorefade
    814  f213				  -	      sleep	2
    815  f213				  -	      dec	stack2	; decrement the temporary scorecolor
    816  f213				  -	      else
    817  f213				  -	      sleep	7
    818  f213				  -	      endif
    819  f213					      endif
    820  f213							; cycle 0
    821  f213				   beginscore
    822  f213		       b1 9e		      lda	(scorepointers+$8),y	;+5 5 15
    823  f215		       85 1c		      sta	GRP1	;+3 8 24 D1 D1 D2 --
    824  f217		       b1 9c		      lda	(scorepointers+$6),y	;+5 13 39
    825  f219		       85 1b		      sta	GRP0	;+3 16 48 D3 D1 D2 D2
    826  f21b		       b3 98		      lax	(scorepointers+$2),y	;+5 29 87
    827  f21d		       9a		      txs
    828  f21e		       b3 9a		      lax	(scorepointers+$4),y	;+5 36 108
    829  f220					      ifconst	scorefade
    830  f220		       a5 f7		      lda	stack2
    831  f222				  -	      else
    832  f222				  -	      sleep	3
    833  f222					      endif
    834  f222
    835  f222					      ifconst	pfscore
    836  f222		       a5 f3		      lda	pfscore2
    837  f224		       85 0e		      sta	PF1
    838  f226				  -	      else
    839  f226				  -	      ifconst	scorefade
    840  f226				  -	      sta	COLUP0
    841  f226				  -	      sta	COLUP1
    842  f226				  -	      else
    843  f226				  -	      sleep	6
    844  f226				  -	      endif
    845  f226					      endif
    846  f226
    847  f226		       b1 a0		      lda	(scorepointers+$A),y	;+5 21 63
    848  f228		       86 1c		      stx	GRP1	;+3 44 132 D3 D3 D4 D2!
    849  f22a		       ba		      tsx
    850  f22b		       86 1b		      stx	GRP0	;+3 47 141 D5 D3! D4 D4
    851  f22d		       85 1c		      sta	GRP1	;+3 50 150 D5 D5 D6 D4!
    852  f22f		       84 1b		      sty	GRP0	;+3 53 159 D4* D5! D6 D6
    853  f231		       88		      dey
    854  f232		       10 d6		      bpl	loop2	;+2 60 180
    855  f234
    856  f234		       a6 f6		      ldx	stack1
    857  f236		       9a		      txs
    858  f237							; lda scorepointers+1
    859  f237		       a4 9c		      ldy	temp1
    860  f239							; sta temp1
    861  f239		       84 97		      sty	scorepointers+1
    862  f23b
    863  f23b		       a9 00		      LDA	#0
    864  f23d		       85 0e		      sta	PF1
    865  f23f		       85 1b		      STA	GRP0
    866  f241		       85 1c		      STA	GRP1
    867  f243		       85 25		      STA	VDELP0
    868  f245		       85 26		      STA	VDELP1	;do we need these
    869  f247		       85 04		      STA	NUSIZ0
    870  f249		       85 05		      STA	NUSIZ1
    871  f24b
    872  f24b							; lda scorepointers+3
    873  f24b		       a4 9e		      ldy	temp3
    874  f24d							; sta temp3
    875  f24d		       84 99		      sty	scorepointers+3
    876  f24f
    877  f24f							; lda scorepointers+5
    878  f24f		       a4 a0		      ldy	temp5
    879  f251							; sta temp5
    880  f251		       84 9b		      sty	scorepointers+5
    881  f253					      endif		;noscore
    882  f253				  -	      ifconst	readpaddle
    883  f253				  -	      lda	#%11000010
    884  f253					      else
    885  f253				  -	      ifconst	qtcontroller
    886  f253				  -	      lda	qtcontroller
    887  f253				  -	      lsr		; bit 0 in carry
    888  f253				  -	      lda	#4
    889  f253				  -	      ror		; carry into top of A
    890  f253					      else
    891  f253		       a9 02		      lda	#2
    892  f255					      endif		; qtcontroller
    893  f255					      endif		; readpaddle
    894  f255		       85 02		      sta	WSYNC
    895  f257		       85 01		      sta	VBLANK
      0  f259					      RETURN
      1  f259					      ifnconst	bankswitch
      2  f259		       60		      rts
      3  f25a				  -	      else
      4  f25a				  -	      jmp	BS_return
      5  f25a					      endif
    897  f25a				  -	      ifconst	shakescreen
    898  f25a				  -doshakescreen
    899  f25a				  -	      bit	shakescreen
    900  f25a				  -	      bmi	noshakescreen
    901  f25a				  -	      sta	WSYNC
    902  f25a				  -noshakescreen
    903  f25a				  -	      ldx	missile0height
    904  f25a				  -	      inx
    905  f25a				  -	      rts
    906  f25a					      endif
    907  f25a
    908  f25a							; Provided under the CC0 license. See the included LICENSE.txt for details.
    909  f25a
    910  f25a							; playfield drawing routines
    911  f25a							; you get a 32x12 bitmapped display in a single color :)
    912  f25a							; 0-31 and 0-11
    913  f25a
    914  f25a				   pfclear		; clears playfield - or fill with pattern
    915  f25a				  -	      ifconst	pfres
    916  f25a				  -	      ldx	#pfres*pfwidth-1
    917  f25a					      else
    918  f25a		       a2 2f		      ldx	#47-(4-pfwidth)*12	; will this work?
    919  f25c					      endif
    920  f25c				   pfclear_loop
    921  f25c					      ifnconst	superchip
    922  f25c		       95 a4		      sta	playfield,x
    923  f25e				  -	      else
    924  f25e				  -	      sta	playfield-128,x
    925  f25e					      endif
    926  f25e		       ca		      dex
    927  f25f		       10 fb		      bpl	pfclear_loop
      0  f261					      RETURN
      1  f261					      ifnconst	bankswitch
      2  f261		       60		      rts
      3  f262				  -	      else
      4  f262				  -	      jmp	BS_return
      5  f262					      endif
    929  f262
    930  f262				   setuppointers
    931  f262		       86 9d		      stx	temp2	; store on.off.flip value
    932  f264		       aa		      tax		; put x-value in x 
    933  f265		       4a		      lsr
    934  f266		       4a		      lsr
    935  f267		       4a		      lsr		; divide x pos by 8 
    936  f268		       85 9c		      sta	temp1
    937  f26a		       98		      tya
    938  f26b		       0a		      asl
    939  f26c					      if	pfwidth=4
    940  f26c		       0a		      asl		; multiply y pos by 4
    941  f26d					      endif		; else multiply by 2
    942  f26d		       18		      clc
    943  f26e		       65 9c		      adc	temp1	; add them together to get actual memory location offset
    944  f270		       a8		      tay		; put the value in y
    945  f271		       a5 9d		      lda	temp2	; restore on.off.flip value
    946  f273		       60		      rts
    947  f274
    948  f274				   pfread
    949  f274							;x=xvalue, y=yvalue
    950  f274		       20 62 f2 	      jsr	setuppointers
    951  f277		       bd dc f2 	      lda	setbyte,x
    952  f27a		       39 a4 00 	      and	playfield,y
    953  f27d		       5d dc f2 	      eor	setbyte,x
    954  f280							; beq readzero
    955  f280							; lda #1
    956  f280							; readzero
      0  f280					      RETURN
      1  f280					      ifnconst	bankswitch
      2  f280		       60		      rts
      3  f281				  -	      else
      4  f281				  -	      jmp	BS_return
      5  f281					      endif
    958  f281
    959  f281				   pfpixel
    960  f281							;x=xvalue, y=yvalue, a=0,1,2
    961  f281		       20 62 f2 	      jsr	setuppointers
    962  f284
    963  f284				  -	      ifconst	bankswitch
    964  f284				  -	      lda	temp2	; load on.off.flip value (0,1, or 2)
    965  f284				  -	      beq	pixelon_r	; if "on" go to on
    966  f284				  -	      lsr
    967  f284				  -	      bcs	pixeloff_r	; value is 1 if true
    968  f284				  -	      lda	playfield,y	; if here, it's "flip"
    969  f284				  -	      eor	setbyte,x
    970  f284				  -	      ifconst	superchip
    971  f284				  -	      sta	playfield-128,y
    972  f284				  -	      else
    973  f284				  -	      sta	playfield,y
    974  f284				  -	      endif
    975  f284				  -	      RETURN
    976  f284				  -pixelon_r
    977  f284				  -	      lda	playfield,y
    978  f284				  -	      ora	setbyte,x
    979  f284				  -	      ifconst	superchip
    980  f284				  -	      sta	playfield-128,y
    981  f284				  -	      else
    982  f284				  -	      sta	playfield,y
    983  f284				  -	      endif
    984  f284				  -	      RETURN
    985  f284				  -pixeloff_r
    986  f284				  -	      lda	setbyte,x
    987  f284				  -	      eor	#$ff
    988  f284				  -	      and	playfield,y
    989  f284				  -	      ifconst	superchip
    990  f284				  -	      sta	playfield-128,y
    991  f284				  -	      else
    992  f284				  -	      sta	playfield,y
    993  f284				  -	      endif
    994  f284				  -	      RETURN
    995  f284				  -
    996  f284					      else
    997  f284		       4c b5 f2 	      jmp	plotpoint
    998  f287					      endif
    999  f287
   1000  f287				   pfhline
   1001  f287							;x=xvalue, y=yvalue, a=0,1,2, temp3=endx
   1002  f287		       20 62 f2 	      jsr	setuppointers
   1003  f28a		       4c 94 f2 	      jmp	noinc
   1004  f28d				   keepgoing
   1005  f28d		       e8		      inx
   1006  f28e		       8a		      txa
   1007  f28f		       29 07		      and	#7
   1008  f291		       d0 01		      bne	noinc
   1009  f293		       c8		      iny
   1010  f294				   noinc
   1011  f294		       20 b5 f2 	      jsr	plotpoint
   1012  f297		       e4 9e		      cpx	temp3
   1013  f299		       30 f2		      bmi	keepgoing
      0  f29b					      RETURN
      1  f29b					      ifnconst	bankswitch
      2  f29b		       60		      rts
      3  f29c				  -	      else
      4  f29c				  -	      jmp	BS_return
      5  f29c					      endif
   1015  f29c
   1016  f29c				   pfvline
   1017  f29c							;x=xvalue, y=yvalue, a=0,1,2, temp3=endx
   1018  f29c		       20 62 f2 	      jsr	setuppointers
   1019  f29f		       84 9c		      sty	temp1	; store memory location offset
   1020  f2a1		       e6 9e		      inc	temp3	; increase final x by 1 
   1021  f2a3		       a5 9e		      lda	temp3
   1022  f2a5		       0a		      asl
   1023  f2a6					      if	pfwidth=4
   1024  f2a6		       0a		      asl		; multiply by 4
   1025  f2a7					      endif		; else multiply by 2
   1026  f2a7		       85 9e		      sta	temp3	; store it
   1027  f2a9							; Thanks to Michael Rideout for fixing a bug in this code
   1028  f2a9							; right now, temp1=y=starting memory location, temp3=final
   1029  f2a9							; x should equal original x value
   1030  f2a9				   keepgoingy
   1031  f2a9		       20 b5 f2 	      jsr	plotpoint
   1032  f2ac		       c8		      iny
   1033  f2ad		       c8		      iny
   1034  f2ae					      if	pfwidth=4
   1035  f2ae		       c8		      iny
   1036  f2af		       c8		      iny
   1037  f2b0					      endif
   1038  f2b0		       c4 9e		      cpy	temp3
   1039  f2b2		       30 f5		      bmi	keepgoingy
      0  f2b4					      RETURN
      1  f2b4					      ifnconst	bankswitch
      2  f2b4		       60		      rts
      3  f2b5				  -	      else
      4  f2b5				  -	      jmp	BS_return
      5  f2b5					      endif
   1041  f2b5
   1042  f2b5				   plotpoint
   1043  f2b5		       a5 9d		      lda	temp2	; load on.off.flip value (0,1, or 2)
   1044  f2b7		       f0 0d		      beq	pixelon	; if "on" go to on
   1045  f2b9		       4a		      lsr
   1046  f2ba		       b0 14		      bcs	pixeloff	; value is 1 if true
   1047  f2bc		       b9 a4 00 	      lda	playfield,y	; if here, it's "flip"
   1048  f2bf		       5d dc f2 	      eor	setbyte,x
   1049  f2c2				  -	      ifconst	superchip
   1050  f2c2				  -	      sta	playfield-128,y
   1051  f2c2					      else
   1052  f2c2		       99 a4 00 	      sta	playfield,y
   1053  f2c5					      endif
   1054  f2c5		       60		      rts
   1055  f2c6				   pixelon
   1056  f2c6		       b9 a4 00 	      lda	playfield,y
   1057  f2c9		       1d dc f2 	      ora	setbyte,x
   1058  f2cc				  -	      ifconst	superchip
   1059  f2cc				  -	      sta	playfield-128,y
   1060  f2cc					      else
   1061  f2cc		       99 a4 00 	      sta	playfield,y
   1062  f2cf					      endif
   1063  f2cf		       60		      rts
   1064  f2d0				   pixeloff
   1065  f2d0		       bd dc f2 	      lda	setbyte,x
   1066  f2d3		       49 ff		      eor	#$ff
   1067  f2d5		       39 a4 00 	      and	playfield,y
   1068  f2d8				  -	      ifconst	superchip
   1069  f2d8				  -	      sta	playfield-128,y
   1070  f2d8					      else
   1071  f2d8		       99 a4 00 	      sta	playfield,y
   1072  f2db					      endif
   1073  f2db		       60		      rts
   1074  f2dc
   1075  f2dc				   setbyte
   1076  f2dc					      ifnconst	pfcenter
   1077  f2dc		       80		      .byte.b	$80
   1078  f2dd		       40		      .byte.b	$40
   1079  f2de		       20		      .byte.b	$20
   1080  f2df		       10		      .byte.b	$10
   1081  f2e0		       08		      .byte.b	$08
   1082  f2e1		       04		      .byte.b	$04
   1083  f2e2		       02		      .byte.b	$02
   1084  f2e3		       01		      .byte.b	$01
   1085  f2e4					      endif
   1086  f2e4		       01		      .byte.b	$01
   1087  f2e5		       02		      .byte.b	$02
   1088  f2e6		       04		      .byte.b	$04
   1089  f2e7		       08		      .byte.b	$08
   1090  f2e8		       10		      .byte.b	$10
   1091  f2e9		       20		      .byte.b	$20
   1092  f2ea		       40		      .byte.b	$40
   1093  f2eb		       80		      .byte.b	$80
   1094  f2ec		       80		      .byte.b	$80
   1095  f2ed		       40		      .byte.b	$40
   1096  f2ee		       20		      .byte.b	$20
   1097  f2ef		       10		      .byte.b	$10
   1098  f2f0		       08		      .byte.b	$08
   1099  f2f1		       04		      .byte.b	$04
   1100  f2f2		       02		      .byte.b	$02
   1101  f2f3		       01		      .byte.b	$01
   1102  f2f4		       01		      .byte.b	$01
   1103  f2f5		       02		      .byte.b	$02
   1104  f2f6		       04		      .byte.b	$04
   1105  f2f7		       08		      .byte.b	$08
   1106  f2f8		       10		      .byte.b	$10
   1107  f2f9		       20		      .byte.b	$20
   1108  f2fa		       40		      .byte.b	$40
   1109  f2fb		       80		      .byte.b	$80
   1110  f2fc							; Provided under the CC0 license. See the included LICENSE.txt for details.
   1111  f2fc
   1112  f2fc				   pfscroll		;(a=0 left, 1 right, 2 up, 4 down, 6=upup, 12=downdown)
   1113  f2fc		       d0 13		      bne	notleft
   1114  f2fe							;left
   1115  f2fe				  -	      ifconst	pfres
   1116  f2fe				  -	      ldx	#pfres*4
   1117  f2fe					      else
   1118  f2fe		       a2 30		      ldx	#48
   1119  f300					      endif
   1120  f300				   leftloop
   1121  f300		       b5 a3		      lda	playfield-1,x
   1122  f302		       4a		      lsr
   1123  f303
   1124  f303				  -	      ifconst	superchip
   1125  f303				  -	      lda	playfield-2,x
   1126  f303				  -	      rol
   1127  f303				  -	      sta	playfield-130,x
   1128  f303				  -	      lda	playfield-3,x
   1129  f303				  -	      ror
   1130  f303				  -	      sta	playfield-131,x
   1131  f303				  -	      lda	playfield-4,x
   1132  f303				  -	      rol
   1133  f303				  -	      sta	playfield-132,x
   1134  f303				  -	      lda	playfield-1,x
   1135  f303				  -	      ror
   1136  f303				  -	      sta	playfield-129,x
   1137  f303					      else
   1138  f303		       36 a2		      rol	playfield-2,x
   1139  f305		       76 a1		      ror	playfield-3,x
   1140  f307		       36 a0		      rol	playfield-4,x
   1141  f309		       76 a3		      ror	playfield-1,x
   1142  f30b					      endif
   1143  f30b
   1144  f30b		       8a		      txa
   1145  f30c		       cb 04		      sbx	#4
   1146  f30e		       d0 f0		      bne	leftloop
      0  f310					      RETURN
      1  f310					      ifnconst	bankswitch
      2  f310		       60		      rts
      3  f311				  -	      else
      4  f311				  -	      jmp	BS_return
      5  f311					      endif
   1148  f311
   1149  f311				   notleft
   1150  f311		       4a		      lsr
   1151  f312		       90 13		      bcc	notright
   1152  f314							;right
   1153  f314
   1154  f314				  -	      ifconst	pfres
   1155  f314				  -	      ldx	#pfres*4
   1156  f314					      else
   1157  f314		       a2 30		      ldx	#48
   1158  f316					      endif
   1159  f316				   rightloop
   1160  f316		       b5 a0		      lda	playfield-4,x
   1161  f318		       4a		      lsr
   1162  f319				  -	      ifconst	superchip
   1163  f319				  -	      lda	playfield-3,x
   1164  f319				  -	      rol
   1165  f319				  -	      sta	playfield-131,x
   1166  f319				  -	      lda	playfield-2,x
   1167  f319				  -	      ror
   1168  f319				  -	      sta	playfield-130,x
   1169  f319				  -	      lda	playfield-1,x
   1170  f319				  -	      rol
   1171  f319				  -	      sta	playfield-129,x
   1172  f319				  -	      lda	playfield-4,x
   1173  f319				  -	      ror
   1174  f319				  -	      sta	playfield-132,x
   1175  f319					      else
   1176  f319		       36 a1		      rol	playfield-3,x
   1177  f31b		       76 a2		      ror	playfield-2,x
   1178  f31d		       36 a3		      rol	playfield-1,x
   1179  f31f		       76 a0		      ror	playfield-4,x
   1180  f321					      endif
   1181  f321		       8a		      txa
   1182  f322		       cb 04		      sbx	#4
   1183  f324		       d0 f0		      bne	rightloop
      0  f326					      RETURN
      1  f326					      ifnconst	bankswitch
      2  f326		       60		      rts
      3  f327				  -	      else
      4  f327				  -	      jmp	BS_return
      5  f327					      endif
   1185  f327
   1186  f327				   notright
   1187  f327		       4a		      lsr
   1188  f328		       90 49		      bcc	notup
   1189  f32a							;up
   1190  f32a		       4a		      lsr
   1191  f32b		       90 02		      bcc	onedecup
   1192  f32d		       c6 ef		      dec	playfieldpos
   1193  f32f				   onedecup
   1194  f32f		       c6 ef		      dec	playfieldpos
   1195  f331		       f0 02		      beq	shiftdown
   1196  f333		       10 3d		      bpl	noshiftdown2
   1197  f335				   shiftdown
   1198  f335				  -	      ifconst	pfrowheight
   1199  f335				  -	      lda	#pfrowheight
   1200  f335					      else
   1201  f335					      ifnconst	pfres
   1202  f335		       a9 08		      lda	#8
   1203  f337				  -	      else
   1204  f337				  -	      lda	#(96/pfres)	; try to come close to the real size
   1205  f337					      endif
   1206  f337					      endif
   1207  f337
   1208  f337		       85 ef		      sta	playfieldpos
   1209  f339		       a5 a7		      lda	playfield+3
   1210  f33b		       85 9f		      sta	temp4
   1211  f33d		       a5 a6		      lda	playfield+2
   1212  f33f		       85 9e		      sta	temp3
   1213  f341		       a5 a5		      lda	playfield+1
   1214  f343		       85 9d		      sta	temp2
   1215  f345		       a5 a4		      lda	playfield
   1216  f347		       85 9c		      sta	temp1
   1217  f349		       a2 00		      ldx	#0
   1218  f34b				   up2
   1219  f34b		       b5 a8		      lda	playfield+4,x
   1220  f34d				  -	      ifconst	superchip
   1221  f34d				  -	      sta	playfield-128,x
   1222  f34d				  -	      lda	playfield+5,x
   1223  f34d				  -	      sta	playfield-127,x
   1224  f34d				  -	      lda	playfield+6,x
   1225  f34d				  -	      sta	playfield-126,x
   1226  f34d				  -	      lda	playfield+7,x
   1227  f34d				  -	      sta	playfield-125,x
   1228  f34d					      else
   1229  f34d		       95 a4		      sta	playfield,x
   1230  f34f		       b5 a9		      lda	playfield+5,x
   1231  f351		       95 a5		      sta	playfield+1,x
   1232  f353		       b5 aa		      lda	playfield+6,x
   1233  f355		       95 a6		      sta	playfield+2,x
   1234  f357		       b5 ab		      lda	playfield+7,x
   1235  f359		       95 a7		      sta	playfield+3,x
   1236  f35b					      endif
   1237  f35b		       8a		      txa
   1238  f35c		       cb fc		      sbx	#252
   1239  f35e				  -	      ifconst	pfres
   1240  f35e				  -	      cpx	#(pfres-1)*4
   1241  f35e					      else
   1242  f35e		       e0 2c		      cpx	#44
   1243  f360					      endif
   1244  f360		       d0 e9		      bne	up2
   1245  f362
   1246  f362		       a5 9f		      lda	temp4
   1247  f364
   1248  f364				  -	      ifconst	superchip
   1249  f364				  -	      ifconst	pfres
   1250  f364				  -	      sta	playfield+pfres*4-129
   1251  f364				  -	      lda	temp3
   1252  f364				  -	      sta	playfield+pfres*4-130
   1253  f364				  -	      lda	temp2
   1254  f364				  -	      sta	playfield+pfres*4-131
   1255  f364				  -	      lda	temp1
   1256  f364				  -	      sta	playfield+pfres*4-132
   1257  f364				  -	      else
   1258  f364				  -	      sta	playfield+47-128
   1259  f364				  -	      lda	temp3
   1260  f364				  -	      sta	playfield+46-128
   1261  f364				  -	      lda	temp2
   1262  f364				  -	      sta	playfield+45-128
   1263  f364				  -	      lda	temp1
   1264  f364				  -	      sta	playfield+44-128
   1265  f364				  -	      endif
   1266  f364					      else
   1267  f364				  -	      ifconst	pfres
   1268  f364				  -	      sta	playfield+pfres*4-1
   1269  f364				  -	      lda	temp3
   1270  f364				  -	      sta	playfield+pfres*4-2
   1271  f364				  -	      lda	temp2
   1272  f364				  -	      sta	playfield+pfres*4-3
   1273  f364				  -	      lda	temp1
   1274  f364				  -	      sta	playfield+pfres*4-4
   1275  f364					      else
   1276  f364		       85 d3		      sta	playfield+47
   1277  f366		       a5 9e		      lda	temp3
   1278  f368		       85 d2		      sta	playfield+46
   1279  f36a		       a5 9d		      lda	temp2
   1280  f36c		       85 d1		      sta	playfield+45
   1281  f36e		       a5 9c		      lda	temp1
   1282  f370		       85 d0		      sta	playfield+44
   1283  f372					      endif
   1284  f372					      endif
   1285  f372				   noshiftdown2
      0  f372					      RETURN
      1  f372					      ifnconst	bankswitch
      2  f372		       60		      rts
      3  f373				  -	      else
      4  f373				  -	      jmp	BS_return
      5  f373					      endif
   1287  f373
   1288  f373
   1289  f373				   notup
   1290  f373							;down
   1291  f373		       4a		      lsr
   1292  f374		       b0 02		      bcs	oneincup
   1293  f376		       e6 ef		      inc	playfieldpos
   1294  f378				   oneincup
   1295  f378		       e6 ef		      inc	playfieldpos
   1296  f37a		       a5 ef		      lda	playfieldpos
   1297  f37c
   1298  f37c				  -	      ifconst	pfrowheight
   1299  f37c				  -	      cmp	#pfrowheight+1
   1300  f37c					      else
   1301  f37c					      ifnconst	pfres
   1302  f37c		       c9 09		      cmp	#9
   1303  f37e				  -	      else
   1304  f37e				  -	      cmp	#(96/pfres)+1	; try to come close to the real size
   1305  f37e					      endif
   1306  f37e					      endif
   1307  f37e
   1308  f37e		       90 3b		      bcc	noshiftdown
   1309  f380		       a9 01		      lda	#1
   1310  f382		       85 ef		      sta	playfieldpos
   1311  f384
   1312  f384				  -	      ifconst	pfres
   1313  f384				  -	      lda	playfield+pfres*4-1
   1314  f384				  -	      sta	temp4
   1315  f384				  -	      lda	playfield+pfres*4-2
   1316  f384				  -	      sta	temp3
   1317  f384				  -	      lda	playfield+pfres*4-3
   1318  f384				  -	      sta	temp2
   1319  f384				  -	      lda	playfield+pfres*4-4
   1320  f384					      else
   1321  f384		       a5 d3		      lda	playfield+47
   1322  f386		       85 9f		      sta	temp4
   1323  f388		       a5 d2		      lda	playfield+46
   1324  f38a		       85 9e		      sta	temp3
   1325  f38c		       a5 d1		      lda	playfield+45
   1326  f38e		       85 9d		      sta	temp2
   1327  f390		       a5 d0		      lda	playfield+44
   1328  f392					      endif
   1329  f392
   1330  f392		       85 9c		      sta	temp1
   1331  f394
   1332  f394				  -	      ifconst	pfres
   1333  f394				  -	      ldx	#(pfres-1)*4
   1334  f394					      else
   1335  f394		       a2 2c		      ldx	#44
   1336  f396					      endif
   1337  f396				   down2
   1338  f396		       b5 a3		      lda	playfield-1,x
   1339  f398				  -	      ifconst	superchip
   1340  f398				  -	      sta	playfield-125,x
   1341  f398				  -	      lda	playfield-2,x
   1342  f398				  -	      sta	playfield-126,x
   1343  f398				  -	      lda	playfield-3,x
   1344  f398				  -	      sta	playfield-127,x
   1345  f398				  -	      lda	playfield-4,x
   1346  f398				  -	      sta	playfield-128,x
   1347  f398					      else
   1348  f398		       95 a7		      sta	playfield+3,x
   1349  f39a		       b5 a2		      lda	playfield-2,x
   1350  f39c		       95 a6		      sta	playfield+2,x
   1351  f39e		       b5 a1		      lda	playfield-3,x
   1352  f3a0		       95 a5		      sta	playfield+1,x
   1353  f3a2		       b5 a0		      lda	playfield-4,x
   1354  f3a4		       95 a4		      sta	playfield,x
   1355  f3a6					      endif
   1356  f3a6		       8a		      txa
   1357  f3a7		       cb 04		      sbx	#4
   1358  f3a9		       d0 eb		      bne	down2
   1359  f3ab
   1360  f3ab		       a5 9f		      lda	temp4
   1361  f3ad				  -	      ifconst	superchip
   1362  f3ad				  -	      sta	playfield-125
   1363  f3ad				  -	      lda	temp3
   1364  f3ad				  -	      sta	playfield-126
   1365  f3ad				  -	      lda	temp2
   1366  f3ad				  -	      sta	playfield-127
   1367  f3ad				  -	      lda	temp1
   1368  f3ad				  -	      sta	playfield-128
   1369  f3ad					      else
   1370  f3ad		       85 a7		      sta	playfield+3
   1371  f3af		       a5 9e		      lda	temp3
   1372  f3b1		       85 a6		      sta	playfield+2
   1373  f3b3		       a5 9d		      lda	temp2
   1374  f3b5		       85 a5		      sta	playfield+1
   1375  f3b7		       a5 9c		      lda	temp1
   1376  f3b9		       85 a4		      sta	playfield
   1377  f3bb					      endif
   1378  f3bb				   noshiftdown
      0  f3bb					      RETURN
      1  f3bb					      ifnconst	bankswitch
      2  f3bb		       60		      rts
      3  f3bc				  -	      else
      4  f3bc				  -	      jmp	BS_return
      5  f3bc					      endif
   1380  f3bc							; Provided under the CC0 license. See the included LICENSE.txt for details.
   1381  f3bc
   1382  f3bc							;standard routines needed for pretty much all games
   1383  f3bc							; just the random number generator is left - maybe we should remove this asm file altogether?
   1384  f3bc							; repositioning code and score pointer setup moved to overscan
   1385  f3bc							; read switches, joysticks now compiler generated (more efficient)
   1386  f3bc
   1387  f3bc				   randomize
   1388  f3bc		       a5 a2		      lda	rand
   1389  f3be		       4a		      lsr
   1390  f3bf				  -	      ifconst	rand16
   1391  f3bf				  -	      rol	rand16
   1392  f3bf					      endif
   1393  f3bf		       90 02		      bcc	noeor
   1394  f3c1		       49 b4		      eor	#$B4
   1395  f3c3				   noeor
   1396  f3c3		       85 a2		      sta	rand
   1397  f3c5				  -	      ifconst	rand16
   1398  f3c5				  -	      eor	rand16
   1399  f3c5					      endif
      0  f3c5					      RETURN
      1  f3c5					      ifnconst	bankswitch
      2  f3c5		       60		      rts
      3  f3c6				  -	      else
      4  f3c6				  -	      jmp	BS_return
      5  f3c6					      endif
   1401  f3c6							; Provided under the CC0 license. See the included LICENSE.txt for details.
   1402  f3c6
   1403  f3c6				   drawscreen
   1404  f3c6				  -	      ifconst	debugscore
   1405  f3c6				  -	      ldx	#14
   1406  f3c6				  -	      lda	INTIM	; display # cycles left in the score
   1407  f3c6				  -
   1408  f3c6				  -	      ifconst	mincycles
   1409  f3c6				  -	      lda	mincycles
   1410  f3c6				  -	      cmp	INTIM
   1411  f3c6				  -	      lda	mincycles
   1412  f3c6				  -	      bcc	nochange
   1413  f3c6				  -	      lda	INTIM
   1414  f3c6				  -	      sta	mincycles
   1415  f3c6				  -nochange
   1416  f3c6				  -	      endif
   1417  f3c6				  -
   1418  f3c6				  -			; cmp #$2B
   1419  f3c6				  -			; bcs no_cycles_left
   1420  f3c6				  -	      bmi	cycles_left
   1421  f3c6				  -	      ldx	#64
   1422  f3c6				  -	      eor	#$ff	;make negative
   1423  f3c6				  -cycles_left
   1424  f3c6				  -	      stx	scorecolor
   1425  f3c6				  -	      and	#$7f	; clear sign bit
   1426  f3c6				  -	      tax
   1427  f3c6				  -	      lda	scorebcd,x
   1428  f3c6				  -	      sta	score+2
   1429  f3c6				  -	      lda	scorebcd1,x
   1430  f3c6				  -	      sta	score+1
   1431  f3c6				  -	      jmp	done_debugscore
   1432  f3c6				  -scorebcd
   1433  f3c6				  -	      .byte	$00, $64, $28, $92, $56, $20, $84, $48, $12, $76, $40
   1434  f3c6				  -	      .byte	$04, $68, $32, $96, $60, $24, $88, $52, $16, $80, $44
   1435  f3c6				  -	      .byte	$08, $72, $36, $00, $64, $28, $92, $56, $20, $84, $48
   1436  f3c6				  -	      .byte	$12, $76, $40, $04, $68, $32, $96, $60, $24, $88
   1437  f3c6				  -scorebcd1
   1438  f3c6				  -	      .byte	0, 0, 1, 1, 2, 3, 3, 4, 5, 5, 6
   1439  f3c6				  -	      .byte	7, 7, 8, 8, 9, $10, $10, $11, $12, $12, $13
   1440  f3c6				  -	      .byte	$14, $14, $15, $16, $16, $17, $17, $18, $19, $19, $20
   1441  f3c6				  -	      .byte	$21, $21, $22, $23, $23, $24, $24, $25, $26, $26
   1442  f3c6				  -done_debugscore
   1443  f3c6					      endif
   1444  f3c6
   1445  f3c6				  -	      ifconst	debugcycles
   1446  f3c6				  -	      lda	INTIM	; if we go over, it mucks up the background color
   1447  f3c6				  -			; cmp #$2B
   1448  f3c6				  -			; BCC overscan
   1449  f3c6				  -	      bmi	overscan
   1450  f3c6				  -	      sta	COLUBK
   1451  f3c6				  -	      bcs	doneoverscan
   1452  f3c6					      endif
   1453  f3c6
   1454  f3c6				   overscan
   1455  f3c6				  -	      ifconst	interlaced
   1456  f3c6				  -	      PHP
   1457  f3c6				  -	      PLA
   1458  f3c6				  -	      EOR	#4	; flip interrupt bit
   1459  f3c6				  -	      PHA
   1460  f3c6				  -	      PLP
   1461  f3c6				  -	      AND	#4	; isolate the interrupt bit
   1462  f3c6				  -	      TAX		; save it for later
   1463  f3c6					      endif
   1464  f3c6
   1465  f3c6				   overscanloop
   1466  f3c6		       ad 84 02 	      lda	INTIM	;wait for sync
   1467  f3c9		       30 fb		      bmi	overscanloop
   1468  f3cb				   doneoverscan
   1469  f3cb
   1470  f3cb							;do VSYNC
   1471  f3cb
   1472  f3cb				  -	      ifconst	interlaced
   1473  f3cb				  -	      CPX	#4
   1474  f3cb				  -	      BNE	oddframevsync
   1475  f3cb					      endif
   1476  f3cb
   1477  f3cb		       a9 02		      lda	#2
   1478  f3cd		       85 02		      sta	WSYNC
   1479  f3cf		       85 00		      sta	VSYNC
   1480  f3d1		       85 02		      STA	WSYNC
   1481  f3d3		       85 02		      STA	WSYNC
   1482  f3d5		       4a		      lsr
   1483  f3d6		       85 02		      STA	WSYNC
   1484  f3d8		       85 00		      STA	VSYNC
   1485  f3da		       85 01		      sta	VBLANK
   1486  f3dc					      ifnconst	overscan_time
   1487  f3dc		       a9 a5		      lda	#37+128
   1488  f3de				  -	      else
   1489  f3de				  -	      lda	#overscan_time+128
   1490  f3de					      endif
   1491  f3de		       8d 96 02 	      sta	TIM64T
   1492  f3e1
   1493  f3e1				  -	      ifconst	interlaced
   1494  f3e1				  -	      jmp	postsync
   1495  f3e1				  -
   1496  f3e1				  -oddframevsync
   1497  f3e1				  -	      sta	WSYNC
   1498  f3e1				  -
   1499  f3e1				  -	      LDA	($80,X)	; 11 waste
   1500  f3e1				  -	      LDA	($80,X)	; 11 waste
   1501  f3e1				  -	      LDA	($80,X)	; 11 waste
   1502  f3e1				  -
   1503  f3e1				  -	      lda	#2
   1504  f3e1				  -	      sta	VSYNC
   1505  f3e1				  -	      sta	WSYNC
   1506  f3e1				  -	      sta	WSYNC
   1507  f3e1				  -	      sta	WSYNC
   1508  f3e1				  -
   1509  f3e1				  -	      LDA	($80,X)	; 11 waste
   1510  f3e1				  -	      LDA	($80,X)	; 11 waste
   1511  f3e1				  -	      LDA	($80,X)	; 11 waste
   1512  f3e1				  -
   1513  f3e1				  -	      lda	#0
   1514  f3e1				  -	      sta	VSYNC
   1515  f3e1				  -	      sta	VBLANK
   1516  f3e1				  -	      ifnconst	overscan_time
   1517  f3e1				  -	      lda	#37+128
   1518  f3e1				  -	      else
   1519  f3e1				  -	      lda	#overscan_time+128
   1520  f3e1				  -	      endif
   1521  f3e1				  -	      sta	TIM64T
   1522  f3e1				  -
   1523  f3e1				  -postsync
   1524  f3e1					      endif
   1525  f3e1
   1526  f3e1				  -	      ifconst	legacy
   1527  f3e1				  -	      if	legacy < 100
   1528  f3e1				  -	      ldx	#4
   1529  f3e1				  -adjustloop
   1530  f3e1				  -	      lda	player0x,x
   1531  f3e1				  -	      sec
   1532  f3e1				  -	      sbc	#14	;?
   1533  f3e1				  -	      sta	player0x,x
   1534  f3e1				  -	      dex
   1535  f3e1				  -	      bpl	adjustloop
   1536  f3e1				  -	      endif
   1537  f3e1					      endif
   1538  f3e1				  -	      if	((<*)>$e9)&&((<*)<$fa)
   1539  f3e1				  -	      repeat	($fa-(<*))
   1540  f3e1				  -	      nop
   1541  f3e1				  -	      repend
   1542  f3e1					      endif
   1543  f3e1		       85 02		      sta	WSYNC
   1544  f3e3		       a2 04		      ldx	#4
      0  f3e5					      SLEEP	3
      1  f3e5				   .CYCLES    SET	3
      2  f3e5
      3  f3e5				  -	      IF	.CYCLES < 2
      4  f3e5				  -	      ECHO	"MACRO ERROR: 'SLEEP': Duration must be > 1"
      5  f3e5				  -	      ERR
      6  f3e5					      ENDIF
      7  f3e5
      8  f3e5					      IF	.CYCLES & 1
      9  f3e5					      IFNCONST	NO_ILLEGAL_OPCODES
     10  f3e5		       04 00		      nop	0
     11  f3e7				  -	      ELSE
     12  f3e7				  -	      bit	VSYNC
     13  f3e7					      ENDIF
     14  f3e7				   .CYCLES    SET	.CYCLES - 3
     15  f3e7					      ENDIF
     16  f3e7
     17  f3e7				  -	      REPEAT	.CYCLES / 2
     18  f3e7				  -	      nop
     19  f3e7					      REPEND
   1546  f3e7				   HorPosLoop		; 5
   1547  f3e7		       b5 80		      lda	player0x,X	;+4 9
   1548  f3e9		       38		      sec		;+2 11
   1549  f3ea				   DivideLoop
   1550  f3ea		       e9 0f		      sbc	#15
   1551  f3ec		       b0 fc		      bcs	DivideLoop	;+4 15
   1552  f3ee		       95 9c		      sta	temp1,X	;+4 19
   1553  f3f0		       95 10		      sta	RESP0,X	;+4 23
   1554  f3f2		       85 02		      sta	WSYNC
   1555  f3f4		       ca		      dex
   1556  f3f5		       10 f0		      bpl	HorPosLoop	;+5 5
   1557  f3f7							; 4
   1558  f3f7
   1559  f3f7		       a2 04		      ldx	#4
   1560  f3f9		       b4 9c		      ldy	temp1,X
   1561  f3fb		       b9 57 f3 	      lda	repostable-256,Y
   1562  f3fe		       95 20		      sta	HMP0,X	;+14 18
   1563  f400
   1564  f400		       ca		      dex
   1565  f401		       b4 9c		      ldy	temp1,X
   1566  f403		       b9 57 f3 	      lda	repostable-256,Y
   1567  f406		       95 20		      sta	HMP0,X	;+14 32
   1568  f408
   1569  f408		       ca		      dex
   1570  f409		       b4 9c		      ldy	temp1,X
   1571  f40b		       b9 57 f3 	      lda	repostable-256,Y
   1572  f40e		       95 20		      sta	HMP0,X	;+14 46
   1573  f410
   1574  f410		       ca		      dex
   1575  f411		       b4 9c		      ldy	temp1,X
   1576  f413		       b9 57 f3 	      lda	repostable-256,Y
   1577  f416		       95 20		      sta	HMP0,X	;+14 60
   1578  f418
   1579  f418		       ca		      dex
   1580  f419		       b4 9c		      ldy	temp1,X
   1581  f41b		       b9 57 f3 	      lda	repostable-256,Y
   1582  f41e		       95 20		      sta	HMP0,X	;+14 74
   1583  f420
   1584  f420		       85 02		      sta	WSYNC
   1585  f422
   1586  f422		       85 2a		      sta	HMOVE	;+3 3
   1587  f424
   1588  f424
   1589  f424				  -	      ifconst	legacy
   1590  f424				  -	      if	legacy < 100
   1591  f424				  -	      ldx	#4
   1592  f424				  -adjustloop2
   1593  f424				  -	      lda	player0x,x
   1594  f424				  -	      clc
   1595  f424				  -	      adc	#14	;?
   1596  f424				  -	      sta	player0x,x
   1597  f424				  -	      dex
   1598  f424				  -	      bpl	adjustloop2
   1599  f424				  -	      endif
   1600  f424					      endif
   1601  f424
   1602  f424
   1603  f424
   1604  f424
   1605  f424							;set score pointers
   1606  f424		       a7 95		      lax	score+2
   1607  f426		       20 57 f4 	      jsr	scorepointerset
   1608  f429		       84 9b		      sty	scorepointers+5
   1609  f42b		       86 98		      stx	scorepointers+2
   1610  f42d		       a7 94		      lax	score+1
   1611  f42f		       20 57 f4 	      jsr	scorepointerset
   1612  f432		       84 9a		      sty	scorepointers+4
   1613  f434		       86 97		      stx	scorepointers+1
   1614  f436		       a7 93		      lax	score
   1615  f438		       20 57 f4 	      jsr	scorepointerset
   1616  f43b		       84 99		      sty	scorepointers+3
   1617  f43d		       86 96		      stx	scorepointers
   1618  f43f
   1619  f43f				   vblk
   1620  f43f							; run possible vblank bB code
   1621  f43f				  -	      ifconst	vblank_bB_code
   1622  f43f				  -	      jsr	vblank_bB_code
   1623  f43f					      endif
   1624  f43f				   vblk2
   1625  f43f		       ad 84 02 	      LDA	INTIM
   1626  f442		       30 fb		      bmi	vblk2
   1627  f444		       4c 34 f0 	      jmp	kernel
   1628  f447
   1629  f447
   1630  f447		       80 70 60 50*	      .byte.b	$80,$70,$60,$50,$40,$30,$20,$10,$00
   1631  f450		       f0 e0 d0 c0*	      .byte.b	$F0,$E0,$D0,$C0,$B0,$A0,$90
   1632  f457				   repostable
   1633  f457
   1634  f457				   scorepointerset
   1635  f457		       29 0f		      and	#$0F
   1636  f459		       0a		      asl
   1637  f45a		       0a		      asl
   1638  f45b		       0a		      asl
   1639  f45c		       69 9c		      adc	#<scoretable
   1640  f45e		       a8		      tay
   1641  f45f		       8a		      txa
   1642  f460							; and #$F0
   1643  f460							; lsr
   1644  f460		       4b f0		      asr	#$F0
   1645  f462		       69 9c		      adc	#<scoretable
   1646  f464		       aa		      tax
   1647  f465		       60		      rts
   1648  f466				   game
   1649  f466				   .
   1650  f466							; 
   1651  f466
   1652  f466				   .
   1653  f466							; 
   1654  f466
   1655  f466				   .
   1656  f466							; 
   1657  f466
   1658  f466				   .
   1659  f466							; 
   1660  f466
   1661  f466				   .
   1662  f466							; 
   1663  f466
   1664  f466				   .
   1665  f466							; 
   1666  f466
   1667  f466				   .
   1668  f466							; 
   1669  f466
   1670  f466				   .
   1671  f466							; 
   1672  f466
   1673  f466				   .
   1674  f466							; 
   1675  f466
   1676  f466				   .
   1677  f466							; 
   1678  f466
   1679  f466				   .L00 		;  set kernel_options pfcolors
   1680  f466
   1681  f466				   .L01 		;  set romsize 4k
   1682  f466
   1683  f466				   .L02 		;  set pal
   1684  f466
   1685  f466				   .
   1686  f466							; 
   1687  f466
   1688  f466				   .
   1689  f466							; 
   1690  f466
   1691  f466				   .
   1692  f466							; 
   1693  f466
   1694  f466				   .
   1695  f466							; 
   1696  f466
   1697  f466				   .
   1698  f466							; 
   1699  f466
   1700  f466				   .
   1701  f466							; 
   1702  f466
   1703  f466				   .
   1704  f466							; 
   1705  f466
   1706  f466				   .L03 		;  const pfscore  =  1
   1707  f466
   1708  f466				   .L04 		;  const scorefade  =	1
   1709  f466
   1710  f466				   .
   1711  f466							; 
   1712  f466
   1713  f466				   .
   1714  f466							; 
   1715  f466
   1716  f466				   .
   1717  f466							; 
   1718  f466
   1719  f466				   .
   1720  f466							; 
   1721  f466
   1722  f466				   .L05 		;  const _P_Edge_Top  =  0
   1723  f466
   1724  f466				   .L06 		;  const _P_Edge_Bottom  =  88
   1725  f466
   1726  f466				   .L07 		;  const _P_Edge_Left	=  0
   1727  f466
   1728  f466				   .L08 		;  const _P_Edge_Right  =  153
   1729  f466
   1730  f466				   .
   1731  f466							; 
   1732  f466
   1733  f466				   .
   1734  f466							; 
   1735  f466
   1736  f466				   .L09 		;  const _base_color  =  $16
   1737  f466
   1738  f466				   .L010		;  const _P0_color  =	$2C
   1739  f466
   1740  f466				   .L011		;  const _P1_color  =	$32
   1741  f466
   1742  f466				   .
   1743  f466							; 
   1744  f466
   1745  f466				   .
   1746  f466							; 
   1747  f466
   1748  f466				   .
   1749  f466							; 
   1750  f466
   1751  f466				   .
   1752  f466							; 
   1753  f466
   1754  f466				   .
   1755  f466							; 
   1756  f466
   1757  f466				   .
   1758  f466							; 
   1759  f466
   1760  f466				   .
   1761  f466							; 
   1762  f466
   1763  f466				   .
   1764  f466							; 
   1765  f466
   1766  f466				   .
   1767  f466							; 
   1768  f466
   1769  f466				   .
   1770  f466							; 
   1771  f466
   1772  f466				   .
   1773  f466							; 
   1774  f466
   1775  f466				   .
   1776  f466							; 
   1777  f466
   1778  f466				   .
   1779  f466							; 
   1780  f466
   1781  f466				   .
   1782  f466							; 
   1783  f466
   1784  f466				   .
   1785  f466							; 
   1786  f466
   1787  f466				   .
   1788  f466							; 
   1789  f466
   1790  f466				   .
   1791  f466							; 
   1792  f466
   1793  f466				   .
   1794  f466							; 
   1795  f466
   1796  f466				   .
   1797  f466							; 
   1798  f466
   1799  f466				   .
   1800  f466							; 
   1801  f466
   1802  f466				   .
   1803  f466							; 
   1804  f466
   1805  f466				   .
   1806  f466							; 
   1807  f466
   1808  f466				   .
   1809  f466							; 
   1810  f466
   1811  f466				   .L012		;  dim _timer_light  =  a
   1812  f466
   1813  f466				   .L013		;  dim _level	=  b
   1814  f466
   1815  f466				   .L014		;  dim _animation  =  f
   1816  f466
   1817  f466				   .L015		;  dim _timer_pf  =  e
   1818  f466
   1819  f466				   .
   1820  f466							; 
   1821  f466
   1822  f466				   .L016		;  dim frame_counter  =  c
   1823  f466
   1824  f466				   .L017		;  dim seconds_counter  =  d
   1825  f466
   1826  f466				   .
   1827  f466							; 
   1828  f466
   1829  f466				   .L018		;  dim sugar  =  s
   1830  f466
   1831  f466				   .L019		;  dim sugar_count  =	t
   1832  f466
   1833  f466				   .
   1834  f466							; 
   1835  f466
   1836  f466				   .L020		;  dim _b0_gameStart  =  k
   1837  f466
   1838  f466				   .L021		;  dim _b4_gameLight  =  k
   1839  f466
   1840  f466				   .
   1841  f466							; 
   1842  f466
   1843  f466				   .
   1844  f466							; 
   1845  f466
   1846  f466				   .
   1847  f466							; 
   1848  f466
   1849  f466				   .
   1850  f466							; 
   1851  f466
   1852  f466				   .
   1853  f466							; 
   1854  f466
   1855  f466				   .
   1856  f466							; 
   1857  f466
   1858  f466				   .
   1859  f466							; 
   1860  f466
   1861  f466				   .
   1862  f466							; 
   1863  f466
   1864  f466				   .
   1865  f466							; 
   1866  f466
   1867  f466				   .
   1868  f466							; 
   1869  f466
   1870  f466				   .
   1871  f466							; 
   1872  f466
   1873  f466				   .
   1874  f466							; 
   1875  f466
   1876  f466				   .
   1877  f466							; 
   1878  f466
   1879  f466				   .
   1880  f466							; 
   1881  f466
   1882  f466				   .
   1883  f466							; 
   1884  f466
   1885  f466				   .
   1886  f466							; 
   1887  f466
   1888  f466				   .
   1889  f466							; 
   1890  f466
   1891  f466				   .__inizialize
   1892  f466							; __inizialize
   1893  f466
   1894  f466				   .
   1895  f466							; 
   1896  f466
   1897  f466				   .
   1898  f466							; 
   1899  f466
   1900  f466				   .
   1901  f466							; 
   1902  f466
   1903  f466				   .
   1904  f466							; 
   1905  f466
   1906  f466				   .
   1907  f466							; 
   1908  f466
   1909  f466				   .
   1910  f466							; 
   1911  f466
   1912  f466				   .
   1913  f466							; 
   1914  f466
   1915  f466				   .
   1916  f466							; 
   1917  f466
   1918  f466				   .
   1919  f466							; 
   1920  f466
   1921  f466				   .
   1922  f466							; 
   1923  f466
   1924  f466				   .
   1925  f466							; 
   1926  f466
   1927  f466				   .
   1928  f466							; 
   1929  f466
   1930  f466				   .
   1931  f466							; 
   1932  f466
   1933  f466				   .
   1934  f466							; 
   1935  f466
   1936  f466				   .
   1937  f466							; 
   1938  f466
   1939  f466				   .
   1940  f466							; 
   1941  f466
   1942  f466				   .
   1943  f466							; 
   1944  f466
   1945  f466				   .L022		;  COLUP0  =  _P0_color  :  COLUP1  =	_P1_color  :  NUSIZ0  =  $00  :  REFP0	=  0
   1946  f466
   1947  f466		       a9 2c		      LDA	#_P0_color
   1948  f468		       85 06		      STA	COLUP0
   1949  f46a		       a9 32		      LDA	#_P1_color
   1950  f46c		       85 07		      STA	COLUP1
   1951  f46e		       a9 00		      LDA	#$00
   1952  f470		       85 04		      STA	NUSIZ0
   1953  f472		       a9 00		      LDA	#0
   1954  f474		       85 0b		      STA	REFP0
   1955  f476				   .L023		;  COLUBK  =  0
   1956  f476
   1957  f476		       a9 00		      LDA	#0
   1958  f478		       85 09		      STA	COLUBK
   1959  f47a				   .
   1960  f47a							; 
   1961  f47a
   1962  f47a				   .L024		;  scorecolor	=  _base_color	:  pfscorecolor  =  _base_color
   1963  f47a
   1964  f47a		       a9 16		      LDA	#_base_color
   1965  f47c		       85 a3		      STA	scorecolor
   1966  f47e		       85 f4		      STA	pfscorecolor
   1967  f480				   .
   1968  f480							; 
   1969  f480
   1970  f480				   .L025		;  a  =  0  :	b  =  0  :  c  =  0  :	d  =  0  :  e  =  0  :	f  =  0  :  g  =  0  :	h  =  0  :  i  =  0
   1971  f480
   1972  f480		       a9 00		      LDA	#0
   1973  f482		       85 d4		      STA	a
   1974  f484		       85 d5		      STA	b
   1975  f486		       85 d6		      STA	c
   1976  f488		       85 d7		      STA	d
   1977  f48a		       85 d8		      STA	e
   1978  f48c		       85 d9		      STA	f
   1979  f48e		       85 da		      STA	g
   1980  f490		       85 db		      STA	h
   1981  f492		       85 dc		      STA	i
   1982  f494				   .L026		;  j  =  0  :	k  =  0  :  l  =  0  :	m  =  0  :  n  =  0  :	o  =  0  :  p  =  0  :	q  =  0  :  r  =  0
   1983  f494
   1984  f494		       a9 00		      LDA	#0
   1985  f496		       85 dd		      STA	j
   1986  f498		       85 de		      STA	k
   1987  f49a		       85 df		      STA	l
   1988  f49c		       85 e0		      STA	m
   1989  f49e		       85 e1		      STA	n
   1990  f4a0		       85 e2		      STA	o
   1991  f4a2		       85 e3		      STA	p
   1992  f4a4		       85 e4		      STA	q
   1993  f4a6		       85 e5		      STA	r
   1994  f4a8				   .L027		;  s  =  255  :  t  =	0  :  u  =  0  :  v  =	0  :  w  =  0  :  x  =	0  :  y  =  0  :  z  =	0
   1995  f4a8
   1996  f4a8		       a9 ff		      LDA	#255
   1997  f4aa		       85 e6		      STA	s
   1998  f4ac		       a9 00		      LDA	#0
   1999  f4ae		       85 e7		      STA	t
   2000  f4b0		       85 e8		      STA	u
   2001  f4b2		       85 e9		      STA	v
   2002  f4b4		       85 ea		      STA	w
   2003  f4b6		       85 eb		      STA	x
   2004  f4b8		       85 ec		      STA	y
   2005  f4ba		       85 ed		      STA	z
   2006  f4bc				   .
   2007  f4bc							; 
   2008  f4bc
   2009  f4bc				   .L028		;  score  =  0
   2010  f4bc
   2011  f4bc		       a9 00		      LDA	#$00
   2012  f4be		       85 95		      STA	score+2
   2013  f4c0		       a9 00		      LDA	#$00
   2014  f4c2		       85 94		      STA	score+1
   2015  f4c4		       a9 00		      LDA	#$00
   2016  f4c6		       85 93		      STA	score
   2017  f4c8				   .L029		;  pfscore1  =  255
   2018  f4c8
   2019  f4c8		       a9 ff		      LDA	#255
   2020  f4ca		       85 f2		      STA	pfscore1
   2021  f4cc				   .L030		;  pfscore2  =  255
   2022  f4cc
   2023  f4cc		       a9 ff		      LDA	#255
   2024  f4ce		       85 f3		      STA	pfscore2
   2025  f4d0				   .
   2026  f4d0							; 
   2027  f4d0
   2028  f4d0				   .
   2029  f4d0							; 
   2030  f4d0
   2031  f4d0				   .
   2032  f4d0							; 
   2033  f4d0
   2034  f4d0				   .
   2035  f4d0							; 
   2036  f4d0
   2037  f4d0				   .L031		;  player0x  =  30  :	player0y  =  54  :  player1x  =  20  :	player1y  =  54
   2038  f4d0
   2039  f4d0		       a9 1e		      LDA	#30
   2040  f4d2		       85 80		      STA	player0x
   2041  f4d4		       a9 36		      LDA	#54
   2042  f4d6		       85 85		      STA	player0y
   2043  f4d8		       a9 14		      LDA	#20
   2044  f4da		       85 81		      STA	player1x
   2045  f4dc		       a9 36		      LDA	#54
   2046  f4de		       85 86		      STA	player1y
   2047  f4e0				   .
   2048  f4e0							; 
   2049  f4e0
   2050  f4e0				   .
   2051  f4e0							; 
   2052  f4e0
   2053  f4e0				   .
   2054  f4e0							; 
   2055  f4e0
   2056  f4e0				   .
   2057  f4e0							; 
   2058  f4e0
   2059  f4e0				   .__startGame
   2060  f4e0							; __startGame
   2061  f4e0
   2062  f4e0				   .
   2063  f4e0							; 
   2064  f4e0
   2065  f4e0				   .L032		;  _b0_gameStart{0}  =  0
   2066  f4e0
   2067  f4e0		       a5 de		      LDA	_b0_gameStart
   2068  f4e2		       29 fe		      AND	#254
   2069  f4e4		       85 de		      STA	_b0_gameStart
   2070  f4e6				   .L033		;  _b4_gameLight{4}  =  1
   2071  f4e6
   2072  f4e6		       a5 de		      LDA	_b4_gameLight
   2073  f4e8		       09 10		      ORA	#16
   2074  f4ea		       85 de		      STA	_b4_gameLight
   2075  f4ec				   .L034		;  _level  =  0
   2076  f4ec
   2077  f4ec		       a9 00		      LDA	#0
   2078  f4ee		       85 d5		      STA	_level
   2079  f4f0				   .
   2080  f4f0							; 
   2081  f4f0
   2082  f4f0				   .L035		;  _animation	=  0
   2083  f4f0
   2084  f4f0		       a9 00		      LDA	#0
   2085  f4f2		       85 d9		      STA	_animation
   2086  f4f4				   .L036		;  _timer_light  =  0
   2087  f4f4
   2088  f4f4		       a9 00		      LDA	#0
   2089  f4f6		       85 d4		      STA	_timer_light
   2090  f4f8				   .L037		;  _timer_pf  =  0
   2091  f4f8
   2092  f4f8		       a9 00		      LDA	#0
   2093  f4fa		       85 d8		      STA	_timer_pf
   2094  f4fc				   .
   2095  f4fc							; 
   2096  f4fc
   2097  f4fc				   .
   2098  f4fc							; 
   2099  f4fc
   2100  f4fc				   .
   2101  f4fc							; 
   2102  f4fc
   2103  f4fc				   .
   2104  f4fc							; 
   2105  f4fc
   2106  f4fc				   .
   2107  f4fc							; 
   2108  f4fc
   2109  f4fc				   .
   2110  f4fc							; 
   2111  f4fc
   2112  f4fc				   .
   2113  f4fc							; 
   2114  f4fc
   2115  f4fc				   .L038		;  playfield:
   2116  f4fc
   2117  f4fc				  -	      ifconst	pfres
   2118  f4fc				  -	      ldx	#(11>pfres)*(pfres*pfwidth-1)+(11<=pfres)*43
   2119  f4fc					      else
   2120  f4fc		       a2 2b		      ldx	#((11*pfwidth-1)*((11*pfwidth-1)<47))+(47*((11*pfwidth-1)>=47))
   2121  f4fe					      endif
   2122  f4fe		       4c 2d f5 	      jmp	pflabel0
   2123  f501				   PF_data0
   2124  f501		       0f 1f		      .byte.b	%00001111, %00011111
   2125  f503					      if	(pfwidth>2)
   2126  f503		       c0 12		      .byte.b	%11000000, %00010010
   2127  f505					      endif
   2128  f505		       10 00		      .byte.b	%00010000, %00000000
   2129  f507					      if	(pfwidth>2)
   2130  f507		       20 0a		      .byte.b	%00100000, %00001010
   2131  f509					      endif
   2132  f509		       0c 1a		      .byte.b	%00001100, %00011010
   2133  f50b					      if	(pfwidth>2)
   2134  f50b		       e7 06		      .byte.b	%11100111, %00000110
   2135  f50d					      endif
   2136  f50d		       02 a6		      .byte.b	%00000010, %10100110
   2137  f50f					      if	(pfwidth>2)
   2138  f50f		       28 0a		      .byte.b	%00101000, %00001010
   2139  f511					      endif
   2140  f511		       fc 22		      .byte.b	%11111100, %00100010
   2141  f513					      if	(pfwidth>2)
   2142  f513		       e7 12		      .byte.b	%11100111, %00010010
   2143  f515					      endif
   2144  f515		       00 00		      .byte.b	%00000000, %00000000
   2145  f517					      if	(pfwidth>2)
   2146  f517		       00 00		      .byte.b	%00000000, %00000000
   2147  f519					      endif
   2148  f519		       00 00		      .byte.b	%00000000, %00000000
   2149  f51b					      if	(pfwidth>2)
   2150  f51b		       00 28		      .byte.b	%00000000, %00101000
   2151  f51d					      endif
   2152  f51d		       40 02		      .byte.b	%01000000, %00000010
   2153  f51f					      if	(pfwidth>2)
   2154  f51f		       00 14		      .byte.b	%00000000, %00010100
   2155  f521					      endif
   2156  f521		       16 80		      .byte.b	%00010110, %10000000
   2157  f523					      if	(pfwidth>2)
   2158  f523		       66 0a		      .byte.b	%01100110, %00001010
   2159  f525					      endif
   2160  f525		       19 80		      .byte.b	%00011001, %10000000
   2161  f527					      if	(pfwidth>2)
   2162  f527		       89 0a		      .byte.b	%10001001, %00001010
   2163  f529					      endif
   2164  f529		       11 80		      .byte.b	%00010001, %10000000
   2165  f52b					      if	(pfwidth>2)
   2166  f52b		       06 0a		      .byte.b	%00000110, %00001010
   2167  f52d					      endif
   2168  f52d				   pflabel0
   2169  f52d		       bd 01 f5 	      lda	PF_data0,x
   2170  f530		       95 a4		      sta	playfield,x
   2171  f532		       ca		      dex
   2172  f533		       10 f8		      bpl	pflabel0
   2173  f535				   .L039		;  pfcolors:
   2174  f535
   2175  f535		       a9 22		      lda	# $22
   2176  f537		       85 08		      sta	COLUPF
   2177  f539				  -	      ifconst	pfres
   2178  f539				  -	      lda	#>(pfcolorlabel13-132+pfres*pfwidth)
   2179  f539					      else
   2180  f539		       a9 fd		      lda	#>(pfcolorlabel13-84)
   2181  f53b					      endif
   2182  f53b		       85 f1		      sta	pfcolortable+1
   2183  f53d				  -	      ifconst	pfres
   2184  f53d				  -	      lda	#<(pfcolorlabel13-132+pfres*pfwidth)
   2185  f53d					      else
   2186  f53d		       a9 7a		      lda	#<(pfcolorlabel13-84)
   2187  f53f					      endif
   2188  f53f		       85 f0		      sta	pfcolortable
   2189  f541				   .
   2190  f541							; 
   2191  f541
   2192  f541				   .
   2193  f541							; 
   2194  f541
   2195  f541				   .
   2196  f541							; 
   2197  f541
   2198  f541				   .
   2199  f541							; 
   2200  f541
   2201  f541				   .
   2202  f541							; 
   2203  f541
   2204  f541				   .
   2205  f541							; 
   2206  f541
   2207  f541				   .
   2208  f541							; 
   2209  f541
   2210  f541				   .
   2211  f541							; 
   2212  f541
   2213  f541				   .
   2214  f541							; 
   2215  f541
   2216  f541				   .
   2217  f541							; 
   2218  f541
   2219  f541				   .
   2220  f541							; 
   2221  f541
   2222  f541				   .
   2223  f541							; 
   2224  f541
   2225  f541				   .
   2226  f541							; 
   2227  f541
   2228  f541				   .L040		;  goto __skip_playfield
   2229  f541
   2230  f541		       4c a6 fd 	      jmp	.__skip_playfield
   2231  f544
   2232  f544				   .
   2233  f544							; 
   2234  f544
   2235  f544				   .__main_loop
   2236  f544							; __main_loop
   2237  f544
   2238  f544				   .
   2239  f544							; 
   2240  f544
   2241  f544				   .
   2242  f544							; 
   2243  f544
   2244  f544				   .L041		;  if switchreset  &&	!_b0_gameStart{0} then _b0_gameStart{0}  =  1  :  _b4_gameLight{4}  =  1  :  _timer_pf	=  0  :  _level  =  1  :  sugar  =  0  :  sugar_count  =  0  :	goto __select_level
   2245  f544
   2246  f544		       a9 01		      lda	#1
   2247  f546		       2c 82 02 	      bit	SWCHB
   2248  f549		       d0 22		      BNE	.skipL041
   2249  f54b				   .condpart0
   2250  f54b		       a5 de		      LDA	_b0_gameStart
   2251  f54d		       4a		      LSR
   2252  f54e		       b0 1d		      BCS	.skip0then
   2253  f550				   .condpart1
   2254  f550		       a5 de		      LDA	_b0_gameStart
   2255  f552		       09 01		      ORA	#1
   2256  f554		       85 de		      STA	_b0_gameStart
   2257  f556		       a5 de		      LDA	_b4_gameLight
   2258  f558		       09 10		      ORA	#16
   2259  f55a		       85 de		      STA	_b4_gameLight
   2260  f55c		       a9 00		      LDA	#0
   2261  f55e		       85 d8		      STA	_timer_pf
   2262  f560		       a9 01		      LDA	#1
   2263  f562		       85 d5		      STA	_level
   2264  f564		       a9 00		      LDA	#0
   2265  f566		       85 e6		      STA	sugar
   2266  f568		       85 e7		      STA	sugar_count
   2267  f56a		       4c a5 fa 	      jmp	.__select_level
   2268  f56d
   2269  f56d				   .skip0then
   2270  f56d				   .skipL041
   2271  f56d				   .
   2272  f56d							; 
   2273  f56d
   2274  f56d				   .
   2275  f56d							; 
   2276  f56d
   2277  f56d				   .
   2278  f56d							; 
   2279  f56d
   2280  f56d				   .L042		;  if !_b0_gameStart{0} then goto __skip_playfield
   2281  f56d
   2282  f56d		       a5 de		      LDA	_b0_gameStart
   2283  f56f		       4a		      LSR
   2284  f570		       b0 03		      BCS	.skipL042
   2285  f572				   .condpart2
   2286  f572		       4c a6 fd 	      jmp	.__skip_playfield
   2287  f575
   2288  f575				   .skipL042
   2289  f575				   .
   2290  f575							; 
   2291  f575
   2292  f575				   .
   2293  f575							; 
   2294  f575
   2295  f575				   .
   2296  f575							; 
   2297  f575
   2298  f575				   .L043		;  frame_counter  =  frame_counter  +	1
   2299  f575
   2300  f575		       e6 d6		      INC	frame_counter
   2301  f577				   .L044		;  if frame_counter  =  60 then frame_counter	=  0  :  seconds_counter  =  seconds_counter  +  1
   2302  f577
   2303  f577		       a5 d6		      LDA	frame_counter
   2304  f579		       c9 3c		      CMP	#60
   2305  f57b		       d0 06		      BNE	.skipL044
   2306  f57d				   .condpart3
   2307  f57d		       a9 00		      LDA	#0
   2308  f57f		       85 d6		      STA	frame_counter
   2309  f581		       e6 d7		      INC	seconds_counter
   2310  f583				   .skipL044
   2311  f583				   .
   2312  f583							; 
   2313  f583
   2314  f583				   .
   2315  f583							; 
   2316  f583
   2317  f583				   .
   2318  f583							; 
   2319  f583
   2320  f583				   .
   2321  f583							; 
   2322  f583
   2323  f583				   .
   2324  f583							; 
   2325  f583
   2326  f583				   .
   2327  f583							; 
   2328  f583
   2329  f583				   .L045		;  if joy0right  ||  joy0left then _animation	=  _animation  +  1
   2330  f583
   2331  f583		       2c 80 02 	      bit	SWCHA
   2332  f586		       30 03		      BMI	.skipL045
   2333  f588				   .condpart4
   2334  f588		       4c 90 f5 	      jmp	.condpart5
   2335  f58b				   .skipL045
   2336  f58b		       2c 80 02 	      bit	SWCHA
   2337  f58e		       70 02		      BVS	.skip1OR
   2338  f590				   .condpart5
   2339  f590		       e6 d9		      INC	_animation
   2340  f592				   .skip1OR
   2341  f592				   .L046		;  if joy0up  ||  joy0down then _animation  =	_animation  +  1
   2342  f592
   2343  f592		       a9 10		      lda	#$10
   2344  f594		       2c 80 02 	      bit	SWCHA
   2345  f597		       d0 03		      BNE	.skipL046
   2346  f599				   .condpart6
   2347  f599		       4c a3 f5 	      jmp	.condpart7
   2348  f59c				   .skipL046
   2349  f59c		       a9 20		      lda	#$20
   2350  f59e		       2c 80 02 	      bit	SWCHA
   2351  f5a1		       d0 02		      BNE	.skip2OR
   2352  f5a3				   .condpart7
   2353  f5a3		       e6 d9		      INC	_animation
   2354  f5a5				   .skip2OR
   2355  f5a5				   .L047		;  if !joy0right  &&  !joy0left  &&  !joy0up  &&  !joy0down then _animation  =  0
   2356  f5a5
   2357  f5a5		       2c 80 02 	      bit	SWCHA
   2358  f5a8		       10 17		      BPL	.skipL047
   2359  f5aa				   .condpart8
   2360  f5aa		       2c 80 02 	      bit	SWCHA
   2361  f5ad		       50 12		      BVC	.skip8then
   2362  f5af				   .condpart9
   2363  f5af		       a9 10		      lda	#$10
   2364  f5b1		       2c 80 02 	      bit	SWCHA
   2365  f5b4		       f0 0b		      BEQ	.skip9then
   2366  f5b6				   .condpart10
   2367  f5b6		       a9 20		      lda	#$20
   2368  f5b8		       2c 80 02 	      bit	SWCHA
   2369  f5bb		       f0 04		      BEQ	.skip10then
   2370  f5bd				   .condpart11
   2371  f5bd		       a9 00		      LDA	#0
   2372  f5bf		       85 d9		      STA	_animation
   2373  f5c1				   .skip10then
   2374  f5c1				   .skip9then
   2375  f5c1				   .skip8then
   2376  f5c1				   .skipL047
   2377  f5c1				   .L048		;  if _animation  =  10 then _animation  =  0
   2378  f5c1
   2379  f5c1		       a5 d9		      LDA	_animation
   2380  f5c3		       c9 0a		      CMP	#10
   2381  f5c5		       d0 04		      BNE	.skipL048
   2382  f5c7				   .condpart12
   2383  f5c7		       a9 00		      LDA	#0
   2384  f5c9		       85 d9		      STA	_animation
   2385  f5cb				   .skipL048
   2386  f5cb				   .
   2387  f5cb							; 
   2388  f5cb
   2389  f5cb				   .
   2390  f5cb							; 
   2391  f5cb
   2392  f5cb				   .
   2393  f5cb							; 
   2394  f5cb
   2395  f5cb				   .
   2396  f5cb							; 
   2397  f5cb
   2398  f5cb				   .L049		;  if frame_counter  =  30 then player1x  =   ( rand / 4 )   +   ( rand & 31 )   +   ( rand & 15 )   +   ( rand & 1 )	 +  21	:  player1y  =	 ( rand  &  31 )   +   ( rand  &  15 )	 +   ( rand  &	3 )   +  20
   2399  f5cb
   2400  f5cb		       a5 d6		      LDA	frame_counter
   2401  f5cd		       c9 1e		      CMP	#30
   2402  f5cf		       d0 50		      BNE	.skipL049
   2403  f5d1				   .condpart13
   2404  f5d1							; complex statement detected
   2405  f5d1		       20 bc f3 	      jsr	randomize
   2406  f5d4		       4a		      lsr
   2407  f5d5		       4a		      lsr
   2408  f5d6		       48		      PHA
   2409  f5d7		       20 bc f3 	      jsr	randomize
   2410  f5da		       29 1f		      AND	#31
   2411  f5dc		       ba		      TSX
   2412  f5dd		       e8		      INX
   2413  f5de		       9a		      TXS
   2414  f5df		       18		      CLC
   2415  f5e0		       75 00		      ADC	$00,x
   2416  f5e2		       48		      PHA
   2417  f5e3		       20 bc f3 	      jsr	randomize
   2418  f5e6		       29 0f		      AND	#15
   2419  f5e8		       ba		      TSX
   2420  f5e9		       e8		      INX
   2421  f5ea		       9a		      TXS
   2422  f5eb		       18		      CLC
   2423  f5ec		       75 00		      ADC	$00,x
   2424  f5ee		       48		      PHA
   2425  f5ef		       20 bc f3 	      jsr	randomize
   2426  f5f2		       29 01		      AND	#1
   2427  f5f4		       ba		      TSX
   2428  f5f5		       e8		      INX
   2429  f5f6		       9a		      TXS
   2430  f5f7		       18		      CLC
   2431  f5f8		       75 00		      ADC	$00,x
   2432  f5fa		       18		      CLC
   2433  f5fb		       69 15		      ADC	#21
   2434  f5fd		       85 81		      STA	player1x
   2435  f5ff							; complex statement detected
   2436  f5ff		       20 bc f3 	      jsr	randomize
   2437  f602		       29 1f		      AND	#31
   2438  f604		       48		      PHA
   2439  f605		       20 bc f3 	      jsr	randomize
   2440  f608		       29 0f		      AND	#15
   2441  f60a		       ba		      TSX
   2442  f60b		       e8		      INX
   2443  f60c		       9a		      TXS
   2444  f60d		       18		      CLC
   2445  f60e		       75 00		      ADC	$00,x
   2446  f610		       48		      PHA
   2447  f611		       20 bc f3 	      jsr	randomize
   2448  f614		       29 03		      AND	#3
   2449  f616		       ba		      TSX
   2450  f617		       e8		      INX
   2451  f618		       9a		      TXS
   2452  f619		       18		      CLC
   2453  f61a		       75 00		      ADC	$00,x
   2454  f61c		       18		      CLC
   2455  f61d		       69 14		      ADC	#20
   2456  f61f		       85 86		      STA	player1y
   2457  f621				   .skipL049
   2458  f621				   .
   2459  f621							; 
   2460  f621
   2461  f621				   .
   2462  f621							; 
   2463  f621
   2464  f621				   .
   2465  f621							; 
   2466  f621
   2467  f621				   .
   2468  f621							; 
   2469  f621
   2470  f621				   .
   2471  f621							; 
   2472  f621
   2473  f621				   .
   2474  f621							; 
   2475  f621
   2476  f621				   .L050		;  if joy0fire  &&  !_b4_gameLight{4} then _b4_gameLight{4}  =  1
   2477  f621
   2478  f621		       24 0c		      bit	INPT4
   2479  f623		       30 0c		      BMI	.skipL050
   2480  f625				   .condpart14
   2481  f625		       a5 de		      LDA	_b4_gameLight
   2482  f627		       29 10		      AND	#16
   2483  f629		       d0 06		      BNE	.skip14then
   2484  f62b				   .condpart15
   2485  f62b		       a5 de		      LDA	_b4_gameLight
   2486  f62d		       09 10		      ORA	#16
   2487  f62f		       85 de		      STA	_b4_gameLight
   2488  f631				   .skip14then
   2489  f631				   .skipL050
   2490  f631				   .
   2491  f631							; 
   2492  f631
   2493  f631				   .
   2494  f631							; 
   2495  f631
   2496  f631				   .L051		;  if seconds_counter	=  20  &&  _b4_gameLight{4} then _b4_gameLight{4}  =  0
   2497  f631
   2498  f631		       a5 d7		      LDA	seconds_counter
   2499  f633		       c9 14		      CMP	#20
   2500  f635		       d0 0c		      BNE	.skipL051
   2501  f637				   .condpart16
   2502  f637		       a5 de		      LDA	_b4_gameLight
   2503  f639		       29 10		      AND	#16
   2504  f63b		       f0 06		      BEQ	.skip16then
   2505  f63d				   .condpart17
   2506  f63d		       a5 de		      LDA	_b4_gameLight
   2507  f63f		       29 ef		      AND	#239
   2508  f641		       85 de		      STA	_b4_gameLight
   2509  f643				   .skip16then
   2510  f643				   .skipL051
   2511  f643				   .
   2512  f643							; 
   2513  f643
   2514  f643				   .
   2515  f643							; 
   2516  f643
   2517  f643				   .L052		;  if _b4_gameLight{4} then pfcolors:
   2518  f643
   2519  f643		       a5 de		      LDA	_b4_gameLight
   2520  f645		       29 10		      AND	#16
   2521  f647		       f0 0c		      BEQ	.skipL052
   2522  f649				   .condpart18
   2523  f649		       a9 24		      lda	# $24
   2524  f64b		       85 08		      sta	COLUPF
   2525  f64d				  -	      ifconst	pfres
   2526  f64d				  -	      lda	#>(pfcolorlabel13-131+pfres*pfwidth)
   2527  f64d					      else
   2528  f64d		       a9 fd		      lda	#>(pfcolorlabel13-83)
   2529  f64f					      endif
   2530  f64f		       85 f1		      sta	pfcolortable+1
   2531  f651				  -	      ifconst	pfres
   2532  f651				  -	      lda	#<(pfcolorlabel13-131+pfres*pfwidth)
   2533  f651					      else
   2534  f651		       a9 7b		      lda	#<(pfcolorlabel13-83)
   2535  f653					      endif
   2536  f653		       85 f0		      sta	pfcolortable
   2537  f655				   .skipL052
   2538  f655				   .
   2539  f655							; 
   2540  f655
   2541  f655				   .L053		;  if !_b4_gameLight{4} then pfcolors:
   2542  f655
   2543  f655		       a5 de		      LDA	_b4_gameLight
   2544  f657		       29 10		      AND	#16
   2545  f659		       d0 0c		      BNE	.skipL053
   2546  f65b				   .condpart19
   2547  f65b		       a9 24		      lda	# $24
   2548  f65d		       85 08		      sta	COLUPF
   2549  f65f				  -	      ifconst	pfres
   2550  f65f				  -	      lda	#>(pfcolorlabel13-130+pfres*pfwidth)
   2551  f65f					      else
   2552  f65f		       a9 fd		      lda	#>(pfcolorlabel13-82)
   2553  f661					      endif
   2554  f661		       85 f1		      sta	pfcolortable+1
   2555  f663				  -	      ifconst	pfres
   2556  f663				  -	      lda	#<(pfcolorlabel13-130+pfres*pfwidth)
   2557  f663					      else
   2558  f663		       a9 7c		      lda	#<(pfcolorlabel13-82)
   2559  f665					      endif
   2560  f665		       85 f0		      sta	pfcolortable
   2561  f667				   .skipL053
   2562  f667				   .
   2563  f667							; 
   2564  f667
   2565  f667				   .__skip_light
   2566  f667							; __skip_light
   2567  f667
   2568  f667				   .
   2569  f667							; 
   2570  f667
   2571  f667				   .L054		;  scorecolor	=  _animation
   2572  f667
   2573  f667		       a5 d9		      LDA	_animation
   2574  f669		       85 a3		      STA	scorecolor
   2575  f66b				   .
   2576  f66b							; 
   2577  f66b
   2578  f66b				   .
   2579  f66b							; 
   2580  f66b
   2581  f66b				   .
   2582  f66b							; 
   2583  f66b
   2584  f66b				   .
   2585  f66b							; 
   2586  f66b
   2587  f66b				   .
   2588  f66b							; 
   2589  f66b
   2590  f66b				   .
   2591  f66b							; 
   2592  f66b
   2593  f66b				   .
   2594  f66b							; 
   2595  f66b
   2596  f66b				   .
   2597  f66b							; 
   2598  f66b
   2599  f66b				   .
   2600  f66b							; 
   2601  f66b
   2602  f66b				   .
   2603  f66b							; 
   2604  f66b
   2605  f66b				   .
   2606  f66b							; 
   2607  f66b
   2608  f66b				   .
   2609  f66b							; 
   2610  f66b
   2611  f66b				   .
   2612  f66b							; 
   2613  f66b
   2614  f66b				   .L055		;  if _animation < 5 then player0:
   2615  f66b
   2616  f66b		       a5 d9		      LDA	_animation
   2617  f66d		       c9 05		      CMP	#5
   2618  f66f		       b0 0c		      BCS	.skipL055
   2619  f671				   .condpart20
   2620  f671		       a2 f6		      LDX	#<player20then_0
   2621  f673		       86 8a		      STX	player0pointerlo
   2622  f675		       a9 fd		      LDA	#>player20then_0
   2623  f677		       85 8b		      STA	player0pointerhi
   2624  f679		       a9 03		      LDA	#3
   2625  f67b		       85 8e		      STA	player0height
   2626  f67d				   .skipL055
   2627  f67d				   .
   2628  f67d							; 
   2629  f67d
   2630  f67d				   .L056		;  if _animation  > 5 then player0:
   2631  f67d
   2632  f67d		       a9 05		      LDA	#5
   2633  f67f		       c5 d9		      CMP	_animation
   2634  f681		       b0 0c		      BCS	.skipL056
   2635  f683				   .condpart21
   2636  f683		       a2 fa		      LDX	#<player21then_0
   2637  f685		       86 8a		      STX	player0pointerlo
   2638  f687		       a9 fd		      LDA	#>player21then_0
   2639  f689		       85 8b		      STA	player0pointerhi
   2640  f68b		       a9 03		      LDA	#3
   2641  f68d		       85 8e		      STA	player0height
   2642  f68f				   .skipL056
   2643  f68f				   .
   2644  f68f							; 
   2645  f68f
   2646  f68f				   .L057		;  if _timer_pf  >  0	&&  _timer_pf  <  20 then player1:
   2647  f68f
   2648  f68f		       a9 00		      LDA	#0
   2649  f691		       c5 d8		      CMP	_timer_pf
   2650  f693		       b0 12		      BCS	.skipL057
   2651  f695				   .condpart22
   2652  f695		       a5 d8		      LDA	_timer_pf
   2653  f697		       c9 14		      CMP	#20
   2654  f699		       b0 0c		      BCS	.skip22then
   2655  f69b				   .condpart23
   2656  f69b		       a2 00		      LDX	#<player23then_1
   2657  f69d		       86 8c		      STX	player1pointerlo
   2658  f69f		       a9 fe		      LDA	#>player23then_1
   2659  f6a1		       85 8d		      STA	player1pointerhi
   2660  f6a3		       a9 03		      LDA	#3
   2661  f6a5		       85 8f		      STA	player1height
   2662  f6a7				   .skip22then
   2663  f6a7				   .skipL057
   2664  f6a7				   .
   2665  f6a7							; 
   2666  f6a7
   2667  f6a7				   .L058		;  if _timer_pf  >  20  &&  _timer_pf	<  40 then player1:
   2668  f6a7
   2669  f6a7		       a9 14		      LDA	#20
   2670  f6a9		       c5 d8		      CMP	_timer_pf
   2671  f6ab		       b0 12		      BCS	.skipL058
   2672  f6ad				   .condpart24
   2673  f6ad		       a5 d8		      LDA	_timer_pf
   2674  f6af		       c9 28		      CMP	#40
   2675  f6b1		       b0 0c		      BCS	.skip24then
   2676  f6b3				   .condpart25
   2677  f6b3		       a2 04		      LDX	#<player25then_1
   2678  f6b5		       86 8c		      STX	player1pointerlo
   2679  f6b7		       a9 fe		      LDA	#>player25then_1
   2680  f6b9		       85 8d		      STA	player1pointerhi
   2681  f6bb		       a9 03		      LDA	#3
   2682  f6bd		       85 8f		      STA	player1height
   2683  f6bf				   .skip24then
   2684  f6bf				   .skipL058
   2685  f6bf				   .
   2686  f6bf							; 
   2687  f6bf
   2688  f6bf				   .
   2689  f6bf							; 
   2690  f6bf
   2691  f6bf				   .
   2692  f6bf							; 
   2693  f6bf
   2694  f6bf				   .
   2695  f6bf							; 
   2696  f6bf
   2697  f6bf				   .
   2698  f6bf							; 
   2699  f6bf
   2700  f6bf				   .
   2701  f6bf							; 
   2702  f6bf
   2703  f6bf				   .
   2704  f6bf							; 
   2705  f6bf
   2706  f6bf				   .L059		;  if frame_counter  &  7  =  0 then missile0x  =  _data_sugar_x[sugar_count]	:  missile0y  =  _data_sugar_y[sugar_count]  :	missile0 on  :	sugar_count  =	sugar_count  +	1
   2707  f6bf
   2708  f6bf							; complex condition detected
   2709  f6bf		       a5 d6		      LDA	frame_counter
   2710  f6c1		       29 07		      AND	#7
   2711  f6c3		       c9 00		      CMP	#0
   2712  f6c5		       d0 0e		      BNE	.skipL059
   2713  f6c7				   .condpart26
   2714  f6c7		       a6 e7		      LDX	sugar_count
   2715  f6c9		       bd bb fd 	      LDA	_data_sugar_x,x
   2716  f6cc		       85 82		      STA	missile0x
   2717  f6ce		       a6 e7		      LDX	sugar_count
   2718  f6d0		       bd c6 fd 	      LDA	_data_sugar_y,x
   2719  f6d3		       85 91		      STA	missile0y
   2720  f6d5				   .skipL059
   2721  f6d5				   .L060		;  if frame_counter  >  56 then sugar_count  =  0
   2722  f6d5
   2723  f6d5		       a9 38		      LDA	#56
   2724  f6d7		       c5 d6		      CMP	frame_counter
   2725  f6d9		       b0 04		      BCS	.skipL060
   2726  f6db				   .condpart27
   2727  f6db		       a9 00		      LDA	#0
   2728  f6dd		       85 e7		      STA	sugar_count
   2729  f6df				   .skipL060
   2730  f6df				   .
   2731  f6df							; 
   2732  f6df
   2733  f6df				   .
   2734  f6df							; 
   2735  f6df
   2736  f6df				   .
   2737  f6df							; 
   2738  f6df
   2739  f6df				   .
   2740  f6df							; 
   2741  f6df
   2742  f6df				   .
   2743  f6df							; 
   2744  f6df
   2745  f6df				   .
   2746  f6df							; 
   2747  f6df
   2748  f6df				   .
   2749  f6df							; 
   2750  f6df
   2751  f6df				   .L061		;  if frame_counter  =  10 then pfhline 8 6 12 on  :  pfpixel 1 0 on  :  pfpixel _data_sugar_x[sugar_count] 1 on
   2752  f6df
   2753  f6df		       a5 d6		      LDA	frame_counter
   2754  f6e1		       c9 0a		      CMP	#10
   2755  f6e3		       d0 22		      BNE	.skipL061
   2756  f6e5				   .condpart28
   2757  f6e5		       a2 00		      LDX	#0
   2758  f6e7		       a9 0c		      LDA	#12
   2759  f6e9		       85 9e		      STA	temp3
   2760  f6eb		       a0 06		      LDY	#6
   2761  f6ed		       a9 08		      LDA	#8
   2762  f6ef		       20 87 f2 	      jsr	pfhline
   2763  f6f2		       a2 00		      LDX	#0
   2764  f6f4		       a0 00		      LDY	#0
   2765  f6f6		       a9 01		      LDA	#1
   2766  f6f8		       20 81 f2 	      jsr	pfpixel
   2767  f6fb		       a2 00		      LDX	#0
   2768  f6fd		       a0 01		      LDY	#1
   2769  f6ff		       a6 e7		      LDX	sugar_count
   2770  f701		       bd bb fd 	      LDA	_data_sugar_x,x
   2771  f704		       20 81 f2 	      jsr	pfpixel
   2772  f707				   .skipL061
   2773  f707				   .L062		;  if frame_counter  =  15 then pfhline 9 7 12 on  :  pfpixel 1 0 off	:  pfpixel _data_sugar_x[sugar_count] 1 off  :	pfhline 17 8 20 off
   2774  f707
   2775  f707		       a5 d6		      LDA	frame_counter
   2776  f709		       c9 0f		      CMP	#15
   2777  f70b		       d0 2f		      BNE	.skipL062
   2778  f70d				   .condpart29
   2779  f70d		       a2 00		      LDX	#0
   2780  f70f		       a9 0c		      LDA	#12
   2781  f711		       85 9e		      STA	temp3
   2782  f713		       a0 07		      LDY	#7
   2783  f715		       a9 09		      LDA	#9
   2784  f717		       20 87 f2 	      jsr	pfhline
   2785  f71a		       a2 01		      LDX	#1
   2786  f71c		       a0 00		      LDY	#0
   2787  f71e		       a9 01		      LDA	#1
   2788  f720		       20 81 f2 	      jsr	pfpixel
   2789  f723		       a2 01		      LDX	#1
   2790  f725		       a0 01		      LDY	#1
   2791  f727		       a6 e7		      LDX	sugar_count
   2792  f729		       bd bb fd 	      LDA	_data_sugar_x,x
   2793  f72c		       20 81 f2 	      jsr	pfpixel
   2794  f72f		       a2 01		      LDX	#1
   2795  f731		       a9 14		      LDA	#20
   2796  f733		       85 9e		      STA	temp3
   2797  f735		       a0 08		      LDY	#8
   2798  f737		       a9 11		      LDA	#17
   2799  f739		       20 87 f2 	      jsr	pfhline
   2800  f73c				   .skipL062
   2801  f73c				   .L063		;  if frame_counter  =  20 then pfhline 10 8 12 on  :	pfpixel 1 2 on	:  pfpixel _data_sugar_x[sugar_count] 3 on  :  pfhline 17 8 20 on
   2802  f73c
   2803  f73c		       a5 d6		      LDA	frame_counter
   2804  f73e		       c9 14		      CMP	#20
   2805  f740		       d0 2f		      BNE	.skipL063
   2806  f742				   .condpart30
   2807  f742		       a2 00		      LDX	#0
   2808  f744		       a9 0c		      LDA	#12
   2809  f746		       85 9e		      STA	temp3
   2810  f748		       a0 08		      LDY	#8
   2811  f74a		       a9 0a		      LDA	#10
   2812  f74c		       20 87 f2 	      jsr	pfhline
   2813  f74f		       a2 00		      LDX	#0
   2814  f751		       a0 02		      LDY	#2
   2815  f753		       a9 01		      LDA	#1
   2816  f755		       20 81 f2 	      jsr	pfpixel
   2817  f758		       a2 00		      LDX	#0
   2818  f75a		       a0 03		      LDY	#3
   2819  f75c		       a6 e7		      LDX	sugar_count
   2820  f75e		       bd bb fd 	      LDA	_data_sugar_x,x
   2821  f761		       20 81 f2 	      jsr	pfpixel
   2822  f764		       a2 00		      LDX	#0
   2823  f766		       a9 14		      LDA	#20
   2824  f768		       85 9e		      STA	temp3
   2825  f76a		       a0 08		      LDY	#8
   2826  f76c		       a9 11		      LDA	#17
   2827  f76e		       20 87 f2 	      jsr	pfhline
   2828  f771				   .skipL063
   2829  f771				   .L064		;  if frame_counter  =  45  &&  _timer_pf  <  120 then pfhline 8 8 12 off  :  pfpixel _data_sugar_x[sugar_count] 2 off
   2830  f771
   2831  f771		       a5 d6		      LDA	frame_counter
   2832  f773		       c9 2d		      CMP	#45
   2833  f775		       d0 1f		      BNE	.skipL064
   2834  f777				   .condpart31
   2835  f777		       a5 d8		      LDA	_timer_pf
   2836  f779		       c9 78		      CMP	#120
   2837  f77b		       b0 19		      BCS	.skip31then
   2838  f77d				   .condpart32
   2839  f77d		       a2 01		      LDX	#1
   2840  f77f		       a9 0c		      LDA	#12
   2841  f781		       85 9e		      STA	temp3
   2842  f783		       a0 08		      LDY	#8
   2843  f785		       a9 08		      LDA	#8
   2844  f787		       20 87 f2 	      jsr	pfhline
   2845  f78a		       a2 01		      LDX	#1
   2846  f78c		       a0 02		      LDY	#2
   2847  f78e		       a6 e7		      LDX	sugar_count
   2848  f790		       bd bb fd 	      LDA	_data_sugar_x,x
   2849  f793		       20 81 f2 	      jsr	pfpixel
   2850  f796				   .skip31then
   2851  f796				   .skipL064
   2852  f796				   .L065		;  if frame_counter  =  50  &&  _timer_pf  <  120 then pfhline 8 7 12 off  :  pfpixel _data_sugar_x[sugar_count] 4 on :  pfpixel 1 3 off
   2853  f796
   2854  f796		       a5 d6		      LDA	frame_counter
   2855  f798		       c9 32		      CMP	#50
   2856  f79a		       d0 28		      BNE	.skipL065
   2857  f79c				   .condpart33
   2858  f79c		       a5 d8		      LDA	_timer_pf
   2859  f79e		       c9 78		      CMP	#120
   2860  f7a0		       b0 22		      BCS	.skip33then
   2861  f7a2				   .condpart34
   2862  f7a2		       a2 01		      LDX	#1
   2863  f7a4		       a9 0c		      LDA	#12
   2864  f7a6		       85 9e		      STA	temp3
   2865  f7a8		       a0 07		      LDY	#7
   2866  f7aa		       a9 08		      LDA	#8
   2867  f7ac		       20 87 f2 	      jsr	pfhline
   2868  f7af		       a2 00		      LDX	#0
   2869  f7b1		       a0 04		      LDY	#4
   2870  f7b3		       a6 e7		      LDX	sugar_count
   2871  f7b5		       bd bb fd 	      LDA	_data_sugar_x,x
   2872  f7b8		       20 81 f2 	      jsr	pfpixel
   2873  f7bb		       a2 01		      LDX	#1
   2874  f7bd		       a0 03		      LDY	#3
   2875  f7bf		       a9 01		      LDA	#1
   2876  f7c1		       20 81 f2 	      jsr	pfpixel
   2877  f7c4				   .skip33then
   2878  f7c4				   .skipL065
   2879  f7c4				   .L066		;  if frame_counter  =  55  &&  _timer_pf  <  120 then pfhline 8 6 12 off  :  pfpixel _data_sugar_x[sugar_count] 4 off
   2880  f7c4
   2881  f7c4		       a5 d6		      LDA	frame_counter
   2882  f7c6		       c9 37		      CMP	#55
   2883  f7c8		       d0 1f		      BNE	.skipL066
   2884  f7ca				   .condpart35
   2885  f7ca		       a5 d8		      LDA	_timer_pf
   2886  f7cc		       c9 78		      CMP	#120
   2887  f7ce		       b0 19		      BCS	.skip35then
   2888  f7d0				   .condpart36
   2889  f7d0		       a2 01		      LDX	#1
   2890  f7d2		       a9 0c		      LDA	#12
   2891  f7d4		       85 9e		      STA	temp3
   2892  f7d6		       a0 06		      LDY	#6
   2893  f7d8		       a9 08		      LDA	#8
   2894  f7da		       20 87 f2 	      jsr	pfhline
   2895  f7dd		       a2 01		      LDX	#1
   2896  f7df		       a0 04		      LDY	#4
   2897  f7e1		       a6 e7		      LDX	sugar_count
   2898  f7e3		       bd bb fd 	      LDA	_data_sugar_x,x
   2899  f7e6		       20 81 f2 	      jsr	pfpixel
   2900  f7e9				   .skip35then
   2901  f7e9				   .skipL066
   2902  f7e9				   .
   2903  f7e9							; 
   2904  f7e9
   2905  f7e9				   .
   2906  f7e9							; 
   2907  f7e9
   2908  f7e9				   .
   2909  f7e9							; 
   2910  f7e9
   2911  f7e9				   .
   2912  f7e9							; 
   2913  f7e9
   2914  f7e9				   .
   2915  f7e9							; 
   2916  f7e9
   2917  f7e9				   .
   2918  f7e9							; 
   2919  f7e9
   2920  f7e9				   .
   2921  f7e9							; 
   2922  f7e9
   2923  f7e9				   .
   2924  f7e9							; 
   2925  f7e9
   2926  f7e9				   .L067		;  if !joy0up then goto __Skip_Joy0_Up
   2927  f7e9
   2928  f7e9		       a9 10		      lda	#$10
   2929  f7eb		       2c 80 02 	      bit	SWCHA
   2930  f7ee		       f0 03		      BEQ	.skipL067
   2931  f7f0				   .condpart37
   2932  f7f0		       4c 57 f8 	      jmp	.__Skip_Joy0_Up
   2933  f7f3
   2934  f7f3				   .skipL067
   2935  f7f3				   .
   2936  f7f3							; 
   2937  f7f3
   2938  f7f3				   .
   2939  f7f3							; 
   2940  f7f3
   2941  f7f3				   .
   2942  f7f3							; 
   2943  f7f3
   2944  f7f3				   .
   2945  f7f3							; 
   2946  f7f3
   2947  f7f3				   .L068		;  if player0y  <=  _P_Edge_Top then goto __Skip_Joy0_Up
   2948  f7f3
   2949  f7f3		       a9 00		      LDA	#_P_Edge_Top
   2950  f7f5		       c5 85		      CMP	player0y
   2951  f7f7		       90 03		      BCC	.skipL068
   2952  f7f9				   .condpart38
   2953  f7f9		       4c 57 f8 	      jmp	.__Skip_Joy0_Up
   2954  f7fc
   2955  f7fc				   .skipL068
   2956  f7fc				   .
   2957  f7fc							; 
   2958  f7fc
   2959  f7fc				   .
   2960  f7fc							; 
   2961  f7fc
   2962  f7fc				   .
   2963  f7fc							; 
   2964  f7fc
   2965  f7fc				   .
   2966  f7fc							; 
   2967  f7fc
   2968  f7fc				   .L069		;  temp5  =   ( player0x - 10 )  / 4
   2969  f7fc
   2970  f7fc							; complex statement detected
   2971  f7fc		       a5 80		      LDA	player0x
   2972  f7fe		       38		      SEC
   2973  f7ff		       e9 0a		      SBC	#10
   2974  f801		       4a		      lsr
   2975  f802		       4a		      lsr
   2976  f803		       85 a0		      STA	temp5
   2977  f805				   .
   2978  f805							; 
   2979  f805
   2980  f805				   .L070		;  temp6  =   ( player0y - 5 )  / 8
   2981  f805
   2982  f805							; complex statement detected
   2983  f805		       a5 85		      LDA	player0y
   2984  f807		       38		      SEC
   2985  f808		       e9 05		      SBC	#5
   2986  f80a		       4a		      lsr
   2987  f80b		       4a		      lsr
   2988  f80c		       4a		      lsr
   2989  f80d		       85 a1		      STA	temp6
   2990  f80f				   .
   2991  f80f							; 
   2992  f80f
   2993  f80f				   .L071		;  if temp5  <  34 then if pfread ( temp5 , temp6 )  then goto __Skip_Joy0_Up
   2994  f80f
   2995  f80f		       a5 a0		      LDA	temp5
   2996  f811		       c9 22		      CMP	#34
   2997  f813		       b0 0c		      BCS	.skipL071
   2998  f815				   .condpart39
   2999  f815		       a5 a0		      LDA	temp5
   3000  f817		       a4 a1		      LDY	temp6
   3001  f819		       20 74 f2 	      jsr	pfread
   3002  f81c		       d0 03		      BNE	.skip39then
   3003  f81e				   .condpart40
   3004  f81e		       4c 57 f8 	      jmp	.__Skip_Joy0_Up
   3005  f821
   3006  f821				   .skip39then
   3007  f821				   .skipL071
   3008  f821				   .
   3009  f821							; 
   3010  f821
   3011  f821				   .L072		;  temp4  =   ( player0x - 17 )  / 4
   3012  f821
   3013  f821							; complex statement detected
   3014  f821		       a5 80		      LDA	player0x
   3015  f823		       38		      SEC
   3016  f824		       e9 11		      SBC	#17
   3017  f826		       4a		      lsr
   3018  f827		       4a		      lsr
   3019  f828		       85 9f		      STA	temp4
   3020  f82a				   .
   3021  f82a							; 
   3022  f82a
   3023  f82a				   .L073		;  if temp4  <  34 then if pfread ( temp4 , temp6 )  then goto __Skip_Joy0_Up
   3024  f82a
   3025  f82a		       a5 9f		      LDA	temp4
   3026  f82c		       c9 22		      CMP	#34
   3027  f82e		       b0 0c		      BCS	.skipL073
   3028  f830				   .condpart41
   3029  f830		       a5 9f		      LDA	temp4
   3030  f832		       a4 a1		      LDY	temp6
   3031  f834		       20 74 f2 	      jsr	pfread
   3032  f837		       d0 03		      BNE	.skip41then
   3033  f839				   .condpart42
   3034  f839		       4c 57 f8 	      jmp	.__Skip_Joy0_Up
   3035  f83c
   3036  f83c				   .skip41then
   3037  f83c				   .skipL073
   3038  f83c				   .
   3039  f83c							; 
   3040  f83c
   3041  f83c				   .L074		;  temp3  =  temp5  -	1
   3042  f83c
   3043  f83c		       a5 a0		      LDA	temp5
   3044  f83e		       38		      SEC
   3045  f83f		       e9 01		      SBC	#1
   3046  f841		       85 9e		      STA	temp3
   3047  f843				   .
   3048  f843							; 
   3049  f843
   3050  f843				   .L075		;  if temp3  <  34 then if pfread ( temp3 , temp6 )  then goto __Skip_Joy0_Up
   3051  f843
   3052  f843		       a5 9e		      LDA	temp3
   3053  f845		       c9 22		      CMP	#34
   3054  f847		       b0 0c		      BCS	.skipL075
   3055  f849				   .condpart43
   3056  f849		       a5 9e		      LDA	temp3
   3057  f84b		       a4 a1		      LDY	temp6
   3058  f84d		       20 74 f2 	      jsr	pfread
   3059  f850		       d0 03		      BNE	.skip43then
   3060  f852				   .condpart44
   3061  f852		       4c 57 f8 	      jmp	.__Skip_Joy0_Up
   3062  f855
   3063  f855				   .skip43then
   3064  f855				   .skipL075
   3065  f855				   .
   3066  f855							; 
   3067  f855
   3068  f855				   .
   3069  f855							; 
   3070  f855
   3071  f855				   .
   3072  f855							; 
   3073  f855
   3074  f855				   .
   3075  f855							; 
   3076  f855
   3077  f855				   .L076		;  player0y  =  player0y  -  1
   3078  f855
   3079  f855		       c6 85		      DEC	player0y
   3080  f857				   .
   3081  f857							; 
   3082  f857
   3083  f857				   .__Skip_Joy0_Up
   3084  f857							; __Skip_Joy0_Up
   3085  f857
   3086  f857				   .
   3087  f857							; 
   3088  f857
   3089  f857				   .
   3090  f857							; 
   3091  f857
   3092  f857				   .
   3093  f857							; 
   3094  f857
   3095  f857				   .
   3096  f857							; 
   3097  f857
   3098  f857				   .
   3099  f857							; 
   3100  f857
   3101  f857				   .
   3102  f857							; 
   3103  f857
   3104  f857				   .
   3105  f857							; 
   3106  f857
   3107  f857				   .
   3108  f857							; 
   3109  f857
   3110  f857				   .
   3111  f857							; 
   3112  f857
   3113  f857				   .
   3114  f857							; 
   3115  f857
   3116  f857				   .L077		;  if !joy0down then goto __Skip_Joy0_Down
   3117  f857
   3118  f857		       a9 20		      lda	#$20
   3119  f859		       2c 80 02 	      bit	SWCHA
   3120  f85c		       f0 03		      BEQ	.skipL077
   3121  f85e				   .condpart45
   3122  f85e		       4c c2 f8 	      jmp	.__Skip_Joy0_Down
   3123  f861
   3124  f861				   .skipL077
   3125  f861				   .
   3126  f861							; 
   3127  f861
   3128  f861				   .
   3129  f861							; 
   3130  f861
   3131  f861				   .
   3132  f861							; 
   3133  f861
   3134  f861				   .
   3135  f861							; 
   3136  f861
   3137  f861				   .L078		;  if player0y  >=  _P_Edge_Bottom then goto __Skip_Joy0_Down
   3138  f861
   3139  f861		       a5 85		      LDA	player0y
   3140  f863		       c9 58		      CMP	#_P_Edge_Bottom
   3141  f865		       90 03		      BCC	.skipL078
   3142  f867				   .condpart46
   3143  f867		       4c c2 f8 	      jmp	.__Skip_Joy0_Down
   3144  f86a
   3145  f86a				   .skipL078
   3146  f86a				   .
   3147  f86a							; 
   3148  f86a
   3149  f86a				   .
   3150  f86a							; 
   3151  f86a
   3152  f86a				   .
   3153  f86a							; 
   3154  f86a
   3155  f86a				   .
   3156  f86a							; 
   3157  f86a
   3158  f86a				   .L079		;  temp5  =   ( player0x - 10 )  / 4
   3159  f86a
   3160  f86a							; complex statement detected
   3161  f86a		       a5 80		      LDA	player0x
   3162  f86c		       38		      SEC
   3163  f86d		       e9 0a		      SBC	#10
   3164  f86f		       4a		      lsr
   3165  f870		       4a		      lsr
   3166  f871		       85 a0		      STA	temp5
   3167  f873				   .
   3168  f873							; 
   3169  f873
   3170  f873				   .L080		;  temp6  =   ( player0y )  / 8
   3171  f873
   3172  f873							; complex statement detected
   3173  f873		       a5 85		      LDA	player0y
   3174  f875		       4a		      lsr
   3175  f876		       4a		      lsr
   3176  f877		       4a		      lsr
   3177  f878		       85 a1		      STA	temp6
   3178  f87a				   .
   3179  f87a							; 
   3180  f87a
   3181  f87a				   .L081		;  if temp5  <  34 then if pfread ( temp5 , temp6 )  then goto __Skip_Joy0_Down
   3182  f87a
   3183  f87a		       a5 a0		      LDA	temp5
   3184  f87c		       c9 22		      CMP	#34
   3185  f87e		       b0 0c		      BCS	.skipL081
   3186  f880				   .condpart47
   3187  f880		       a5 a0		      LDA	temp5
   3188  f882		       a4 a1		      LDY	temp6
   3189  f884		       20 74 f2 	      jsr	pfread
   3190  f887		       d0 03		      BNE	.skip47then
   3191  f889				   .condpart48
   3192  f889		       4c c2 f8 	      jmp	.__Skip_Joy0_Down
   3193  f88c
   3194  f88c				   .skip47then
   3195  f88c				   .skipL081
   3196  f88c				   .
   3197  f88c							; 
   3198  f88c
   3199  f88c				   .L082		;  temp4  =   ( player0x - 17 )  / 4
   3200  f88c
   3201  f88c							; complex statement detected
   3202  f88c		       a5 80		      LDA	player0x
   3203  f88e		       38		      SEC
   3204  f88f		       e9 11		      SBC	#17
   3205  f891		       4a		      lsr
   3206  f892		       4a		      lsr
   3207  f893		       85 9f		      STA	temp4
   3208  f895				   .
   3209  f895							; 
   3210  f895
   3211  f895				   .L083		;  if temp4  <  34 then if pfread ( temp4 , temp6 )  then goto __Skip_Joy0_Down
   3212  f895
   3213  f895		       a5 9f		      LDA	temp4
   3214  f897		       c9 22		      CMP	#34
   3215  f899		       b0 0c		      BCS	.skipL083
   3216  f89b				   .condpart49
   3217  f89b		       a5 9f		      LDA	temp4
   3218  f89d		       a4 a1		      LDY	temp6
   3219  f89f		       20 74 f2 	      jsr	pfread
   3220  f8a2		       d0 03		      BNE	.skip49then
   3221  f8a4				   .condpart50
   3222  f8a4		       4c c2 f8 	      jmp	.__Skip_Joy0_Down
   3223  f8a7
   3224  f8a7				   .skip49then
   3225  f8a7				   .skipL083
   3226  f8a7				   .
   3227  f8a7							; 
   3228  f8a7
   3229  f8a7				   .L084		;  temp3  =  temp5  -	1
   3230  f8a7
   3231  f8a7		       a5 a0		      LDA	temp5
   3232  f8a9		       38		      SEC
   3233  f8aa		       e9 01		      SBC	#1
   3234  f8ac		       85 9e		      STA	temp3
   3235  f8ae				   .
   3236  f8ae							; 
   3237  f8ae
   3238  f8ae				   .L085		;  if temp3  <  34 then if pfread ( temp3 , temp6 )  then goto __Skip_Joy0_Down
   3239  f8ae
   3240  f8ae		       a5 9e		      LDA	temp3
   3241  f8b0		       c9 22		      CMP	#34
   3242  f8b2		       b0 0c		      BCS	.skipL085
   3243  f8b4				   .condpart51
   3244  f8b4		       a5 9e		      LDA	temp3
   3245  f8b6		       a4 a1		      LDY	temp6
   3246  f8b8		       20 74 f2 	      jsr	pfread
   3247  f8bb		       d0 03		      BNE	.skip51then
   3248  f8bd				   .condpart52
   3249  f8bd		       4c c2 f8 	      jmp	.__Skip_Joy0_Down
   3250  f8c0
   3251  f8c0				   .skip51then
   3252  f8c0				   .skipL085
   3253  f8c0				   .
   3254  f8c0							; 
   3255  f8c0
   3256  f8c0				   .
   3257  f8c0							; 
   3258  f8c0
   3259  f8c0				   .
   3260  f8c0							; 
   3261  f8c0
   3262  f8c0				   .
   3263  f8c0							; 
   3264  f8c0
   3265  f8c0				   .L086		;  player0y  =  player0y  +  1
   3266  f8c0
   3267  f8c0		       e6 85		      INC	player0y
   3268  f8c2				   .
   3269  f8c2							; 
   3270  f8c2
   3271  f8c2				   .__Skip_Joy0_Down
   3272  f8c2							; __Skip_Joy0_Down
   3273  f8c2
   3274  f8c2				   .
   3275  f8c2							; 
   3276  f8c2
   3277  f8c2				   .
   3278  f8c2							; 
   3279  f8c2
   3280  f8c2				   .
   3281  f8c2							; 
   3282  f8c2
   3283  f8c2				   .
   3284  f8c2							; 
   3285  f8c2
   3286  f8c2				   .
   3287  f8c2							; 
   3288  f8c2
   3289  f8c2				   .
   3290  f8c2							; 
   3291  f8c2
   3292  f8c2				   .
   3293  f8c2							; 
   3294  f8c2
   3295  f8c2				   .
   3296  f8c2							; 
   3297  f8c2
   3298  f8c2				   .
   3299  f8c2							; 
   3300  f8c2
   3301  f8c2				   .
   3302  f8c2							; 
   3303  f8c2
   3304  f8c2				   .L087		;  if !joy0left then goto __Skip_Joy0_Left
   3305  f8c2
   3306  f8c2		       2c 80 02 	      bit	SWCHA
   3307  f8c5		       50 03		      BVC	.skipL087
   3308  f8c7				   .condpart53
   3309  f8c7		       4c 16 f9 	      jmp	.__Skip_Joy0_Left
   3310  f8ca
   3311  f8ca				   .skipL087
   3312  f8ca				   .
   3313  f8ca							; 
   3314  f8ca
   3315  f8ca				   .
   3316  f8ca							; 
   3317  f8ca
   3318  f8ca				   .
   3319  f8ca							; 
   3320  f8ca
   3321  f8ca				   .
   3322  f8ca							; 
   3323  f8ca
   3324  f8ca				   .L088		;  if player0x  <=  _P_Edge_Left then goto __Skip_Joy0_Left
   3325  f8ca
   3326  f8ca		       a9 00		      LDA	#_P_Edge_Left
   3327  f8cc		       c5 80		      CMP	player0x
   3328  f8ce		       90 03		      BCC	.skipL088
   3329  f8d0				   .condpart54
   3330  f8d0		       4c 16 f9 	      jmp	.__Skip_Joy0_Left
   3331  f8d3
   3332  f8d3				   .skipL088
   3333  f8d3				   .
   3334  f8d3							; 
   3335  f8d3
   3336  f8d3				   .
   3337  f8d3							; 
   3338  f8d3
   3339  f8d3				   .
   3340  f8d3							; 
   3341  f8d3
   3342  f8d3				   .
   3343  f8d3							; 
   3344  f8d3
   3345  f8d3				   .L089		;  temp5  =   ( player0y - 1 )  / 8
   3346  f8d3
   3347  f8d3							; complex statement detected
   3348  f8d3		       a5 85		      LDA	player0y
   3349  f8d5		       38		      SEC
   3350  f8d6		       e9 01		      SBC	#1
   3351  f8d8		       4a		      lsr
   3352  f8d9		       4a		      lsr
   3353  f8da		       4a		      lsr
   3354  f8db		       85 a0		      STA	temp5
   3355  f8dd				   .
   3356  f8dd							; 
   3357  f8dd
   3358  f8dd				   .L090		;  temp6  =   ( player0x - 18 )  / 4
   3359  f8dd
   3360  f8dd							; complex statement detected
   3361  f8dd		       a5 80		      LDA	player0x
   3362  f8df		       38		      SEC
   3363  f8e0		       e9 12		      SBC	#18
   3364  f8e2		       4a		      lsr
   3365  f8e3		       4a		      lsr
   3366  f8e4		       85 a1		      STA	temp6
   3367  f8e6				   .
   3368  f8e6							; 
   3369  f8e6
   3370  f8e6				   .L091		;  if temp6  <  34 then if pfread ( temp6 , temp5 )  then goto __Skip_Joy0_Left
   3371  f8e6
   3372  f8e6		       a5 a1		      LDA	temp6
   3373  f8e8		       c9 22		      CMP	#34
   3374  f8ea		       b0 0c		      BCS	.skipL091
   3375  f8ec				   .condpart55
   3376  f8ec		       a5 a1		      LDA	temp6
   3377  f8ee		       a4 a0		      LDY	temp5
   3378  f8f0		       20 74 f2 	      jsr	pfread
   3379  f8f3		       d0 03		      BNE	.skip55then
   3380  f8f5				   .condpart56
   3381  f8f5		       4c 16 f9 	      jmp	.__Skip_Joy0_Left
   3382  f8f8
   3383  f8f8				   .skip55then
   3384  f8f8				   .skipL091
   3385  f8f8				   .
   3386  f8f8							; 
   3387  f8f8
   3388  f8f8				   .L092		;  temp3  =   ( player0y - 4 )  / 8
   3389  f8f8
   3390  f8f8							; complex statement detected
   3391  f8f8		       a5 85		      LDA	player0y
   3392  f8fa		       38		      SEC
   3393  f8fb		       e9 04		      SBC	#4
   3394  f8fd		       4a		      lsr
   3395  f8fe		       4a		      lsr
   3396  f8ff		       4a		      lsr
   3397  f900		       85 9e		      STA	temp3
   3398  f902				   .
   3399  f902							; 
   3400  f902
   3401  f902				   .L093		;  if temp6  <  34 then if pfread ( temp6 , temp3 )  then goto __Skip_Joy0_Left
   3402  f902
   3403  f902		       a5 a1		      LDA	temp6
   3404  f904		       c9 22		      CMP	#34
   3405  f906		       b0 0c		      BCS	.skipL093
   3406  f908				   .condpart57
   3407  f908		       a5 a1		      LDA	temp6
   3408  f90a		       a4 9e		      LDY	temp3
   3409  f90c		       20 74 f2 	      jsr	pfread
   3410  f90f		       d0 03		      BNE	.skip57then
   3411  f911				   .condpart58
   3412  f911		       4c 16 f9 	      jmp	.__Skip_Joy0_Left
   3413  f914
   3414  f914				   .skip57then
   3415  f914				   .skipL093
   3416  f914				   .
   3417  f914							; 
   3418  f914
   3419  f914				   .
   3420  f914							; 
   3421  f914
   3422  f914				   .
   3423  f914							; 
   3424  f914
   3425  f914				   .
   3426  f914							; 
   3427  f914
   3428  f914				   .L094		;  player0x  =  player0x  -  1
   3429  f914
   3430  f914		       c6 80		      DEC	player0x
   3431  f916				   .
   3432  f916							; 
   3433  f916
   3434  f916				   .__Skip_Joy0_Left
   3435  f916							; __Skip_Joy0_Left
   3436  f916
   3437  f916				   .
   3438  f916							; 
   3439  f916
   3440  f916				   .
   3441  f916							; 
   3442  f916
   3443  f916				   .
   3444  f916							; 
   3445  f916
   3446  f916				   .
   3447  f916							; 
   3448  f916
   3449  f916				   .
   3450  f916							; 
   3451  f916
   3452  f916				   .
   3453  f916							; 
   3454  f916
   3455  f916				   .
   3456  f916							; 
   3457  f916
   3458  f916				   .
   3459  f916							; 
   3460  f916
   3461  f916				   .
   3462  f916							; 
   3463  f916
   3464  f916				   .
   3465  f916							; 
   3466  f916
   3467  f916				   .L095		;  if !joy0right then goto __Skip_Joy0_Right
   3468  f916
   3469  f916		       2c 80 02 	      bit	SWCHA
   3470  f919		       10 03		      BPL	.skipL095
   3471  f91b				   .condpart59
   3472  f91b		       4c 6a f9 	      jmp	.__Skip_Joy0_Right
   3473  f91e
   3474  f91e				   .skipL095
   3475  f91e				   .
   3476  f91e							; 
   3477  f91e
   3478  f91e				   .
   3479  f91e							; 
   3480  f91e
   3481  f91e				   .
   3482  f91e							; 
   3483  f91e
   3484  f91e				   .
   3485  f91e							; 
   3486  f91e
   3487  f91e				   .L096		;  if player0x  >=  _P_Edge_Right then goto __Skip_Joy0_Right
   3488  f91e
   3489  f91e		       a5 80		      LDA	player0x
   3490  f920		       c9 99		      CMP	#_P_Edge_Right
   3491  f922		       90 03		      BCC	.skipL096
   3492  f924				   .condpart60
   3493  f924		       4c 6a f9 	      jmp	.__Skip_Joy0_Right
   3494  f927
   3495  f927				   .skipL096
   3496  f927				   .
   3497  f927							; 
   3498  f927
   3499  f927				   .
   3500  f927							; 
   3501  f927
   3502  f927				   .
   3503  f927							; 
   3504  f927
   3505  f927				   .
   3506  f927							; 
   3507  f927
   3508  f927				   .L097		;  temp5  =   ( player0y - 1 )  / 8
   3509  f927
   3510  f927							; complex statement detected
   3511  f927		       a5 85		      LDA	player0y
   3512  f929		       38		      SEC
   3513  f92a		       e9 01		      SBC	#1
   3514  f92c		       4a		      lsr
   3515  f92d		       4a		      lsr
   3516  f92e		       4a		      lsr
   3517  f92f		       85 a0		      STA	temp5
   3518  f931				   .
   3519  f931							; 
   3520  f931
   3521  f931				   .L098		;  temp6  =   ( player0x - 9 )  / 4
   3522  f931
   3523  f931							; complex statement detected
   3524  f931		       a5 80		      LDA	player0x
   3525  f933		       38		      SEC
   3526  f934		       e9 09		      SBC	#9
   3527  f936		       4a		      lsr
   3528  f937		       4a		      lsr
   3529  f938		       85 a1		      STA	temp6
   3530  f93a				   .
   3531  f93a							; 
   3532  f93a
   3533  f93a				   .L099		;  if temp6  <  34 then if pfread ( temp6 , temp5 )  then goto __Skip_Joy0_Right
   3534  f93a
   3535  f93a		       a5 a1		      LDA	temp6
   3536  f93c		       c9 22		      CMP	#34
   3537  f93e		       b0 0c		      BCS	.skipL099
   3538  f940				   .condpart61
   3539  f940		       a5 a1		      LDA	temp6
   3540  f942		       a4 a0		      LDY	temp5
   3541  f944		       20 74 f2 	      jsr	pfread
   3542  f947		       d0 03		      BNE	.skip61then
   3543  f949				   .condpart62
   3544  f949		       4c 6a f9 	      jmp	.__Skip_Joy0_Right
   3545  f94c
   3546  f94c				   .skip61then
   3547  f94c				   .skipL099
   3548  f94c				   .
   3549  f94c							; 
   3550  f94c
   3551  f94c				   .L0100		;  temp3  =   ( player0y - 4 )  / 8
   3552  f94c
   3553  f94c							; complex statement detected
   3554  f94c		       a5 85		      LDA	player0y
   3555  f94e		       38		      SEC
   3556  f94f		       e9 04		      SBC	#4
   3557  f951		       4a		      lsr
   3558  f952		       4a		      lsr
   3559  f953		       4a		      lsr
   3560  f954		       85 9e		      STA	temp3
   3561  f956				   .
   3562  f956							; 
   3563  f956
   3564  f956				   .L0101		;  if temp6  <  34 then if pfread ( temp6 , temp3 )  then goto __Skip_Joy0_Right
   3565  f956
   3566  f956		       a5 a1		      LDA	temp6
   3567  f958		       c9 22		      CMP	#34
   3568  f95a		       b0 0c		      BCS	.skipL0101
   3569  f95c				   .condpart63
   3570  f95c		       a5 a1		      LDA	temp6
   3571  f95e		       a4 9e		      LDY	temp3
   3572  f960		       20 74 f2 	      jsr	pfread
   3573  f963		       d0 03		      BNE	.skip63then
   3574  f965				   .condpart64
   3575  f965		       4c 6a f9 	      jmp	.__Skip_Joy0_Right
   3576  f968
   3577  f968				   .skip63then
   3578  f968				   .skipL0101
   3579  f968				   .
   3580  f968							; 
   3581  f968
   3582  f968				   .
   3583  f968							; 
   3584  f968
   3585  f968				   .
   3586  f968							; 
   3587  f968
   3588  f968				   .
   3589  f968							; 
   3590  f968
   3591  f968				   .L0102		;  player0x  =  player0x  +  1
   3592  f968
   3593  f968		       e6 80		      INC	player0x
   3594  f96a				   .
   3595  f96a							; 
   3596  f96a
   3597  f96a				   .__Skip_Joy0_Right
   3598  f96a							; __Skip_Joy0_Right
   3599  f96a
   3600  f96a				   .
   3601  f96a							; 
   3602  f96a
   3603  f96a				   .
   3604  f96a							; 
   3605  f96a
   3606  f96a				   .
   3607  f96a							; 
   3608  f96a
   3609  f96a				   .
   3610  f96a							; 
   3611  f96a
   3612  f96a				   .
   3613  f96a							; 
   3614  f96a
   3615  f96a				   .
   3616  f96a							; 
   3617  f96a
   3618  f96a				   .
   3619  f96a							; 
   3620  f96a
   3621  f96a				   .
   3622  f96a							; 
   3623  f96a
   3624  f96a				   .
   3625  f96a							; 
   3626  f96a
   3627  f96a				   .
   3628  f96a							; 
   3629  f96a
   3630  f96a				   .
   3631  f96a							; 
   3632  f96a
   3633  f96a				   .
   3634  f96a							; 
   3635  f96a
   3636  f96a				   .
   3637  f96a							; 
   3638  f96a
   3639  f96a				   .
   3640  f96a							; 
   3641  f96a
   3642  f96a				   .
   3643  f96a							; 
   3644  f96a
   3645  f96a				   .L0103		;  if collision(player0,missile0)  &&	sugar{0}  &&  player0x	=  _data_sugar_x[0]  &&  player0y  =  _data_sugar_y[0] then sugar{0}  =  0
   3646  f96a
   3647  f96a		       24 00		      bit	CXM0P
   3648  f96c		       50 1d		      BVC	.skipL0103
   3649  f96e				   .condpart65
   3650  f96e		       a5 e6		      LDA	sugar
   3651  f970		       4a		      LSR
   3652  f971		       90 18		      BCC	.skip65then
   3653  f973				   .condpart66
   3654  f973		       a5 80		      LDA	player0x
   3655  f975		       a2 00		      LDX	#0
   3656  f977		       dd bb fd 	      CMP	_data_sugar_x,x
   3657  f97a		       d0 0f		      BNE	.skip66then
   3658  f97c				   .condpart67
   3659  f97c		       a5 85		      LDA	player0y
   3660  f97e		       a2 00		      LDX	#0
   3661  f980		       dd c6 fd 	      CMP	_data_sugar_y,x
   3662  f983		       d0 06		      BNE	.skip67then
   3663  f985				   .condpart68
   3664  f985		       a5 e6		      LDA	sugar
   3665  f987		       29 fe		      AND	#254
   3666  f989		       85 e6		      STA	sugar
   3667  f98b				   .skip67then
   3668  f98b				   .skip66then
   3669  f98b				   .skip65then
   3670  f98b				   .skipL0103
   3671  f98b				   .L0104		;  if collision(player0,missile0)  &&	sugar{0}  &&  player0x	=  _data_sugar_x[1]  &&  player0y  =  _data_sugar_y[1] then sugar{1}  =  0
   3672  f98b
   3673  f98b		       24 00		      bit	CXM0P
   3674  f98d		       50 1d		      BVC	.skipL0104
   3675  f98f				   .condpart69
   3676  f98f		       a5 e6		      LDA	sugar
   3677  f991		       4a		      LSR
   3678  f992		       90 18		      BCC	.skip69then
   3679  f994				   .condpart70
   3680  f994		       a5 80		      LDA	player0x
   3681  f996		       a2 01		      LDX	#1
   3682  f998		       dd bb fd 	      CMP	_data_sugar_x,x
   3683  f99b		       d0 0f		      BNE	.skip70then
   3684  f99d				   .condpart71
   3685  f99d		       a5 85		      LDA	player0y
   3686  f99f		       a2 01		      LDX	#1
   3687  f9a1		       dd c6 fd 	      CMP	_data_sugar_y,x
   3688  f9a4		       d0 06		      BNE	.skip71then
   3689  f9a6				   .condpart72
   3690  f9a6		       a5 e6		      LDA	sugar
   3691  f9a8		       29 fd		      AND	#253
   3692  f9aa		       85 e6		      STA	sugar
   3693  f9ac				   .skip71then
   3694  f9ac				   .skip70then
   3695  f9ac				   .skip69then
   3696  f9ac				   .skipL0104
   3697  f9ac				   .L0105		;  if collision(player0,missile0)  &&	sugar{0}  &&  player0x	=  _data_sugar_x[2]  &&  player0y  =  _data_sugar_y[2] then sugar{2}  =  0
   3698  f9ac
   3699  f9ac		       24 00		      bit	CXM0P
   3700  f9ae		       50 1d		      BVC	.skipL0105
   3701  f9b0				   .condpart73
   3702  f9b0		       a5 e6		      LDA	sugar
   3703  f9b2		       4a		      LSR
   3704  f9b3		       90 18		      BCC	.skip73then
   3705  f9b5				   .condpart74
   3706  f9b5		       a5 80		      LDA	player0x
   3707  f9b7		       a2 02		      LDX	#2
   3708  f9b9		       dd bb fd 	      CMP	_data_sugar_x,x
   3709  f9bc		       d0 0f		      BNE	.skip74then
   3710  f9be				   .condpart75
   3711  f9be		       a5 85		      LDA	player0y
   3712  f9c0		       a2 02		      LDX	#2
   3713  f9c2		       dd c6 fd 	      CMP	_data_sugar_y,x
   3714  f9c5		       d0 06		      BNE	.skip75then
   3715  f9c7				   .condpart76
   3716  f9c7		       a5 e6		      LDA	sugar
   3717  f9c9		       29 fb		      AND	#251
   3718  f9cb		       85 e6		      STA	sugar
   3719  f9cd				   .skip75then
   3720  f9cd				   .skip74then
   3721  f9cd				   .skip73then
   3722  f9cd				   .skipL0105
   3723  f9cd				   .L0106		;  if collision(player0,missile0)  &&	sugar{0}  &&  player0x	=  _data_sugar_x[3]  &&  player0y  =  _data_sugar_y[3] then sugar{3}  =  0
   3724  f9cd
   3725  f9cd		       24 00		      bit	CXM0P
   3726  f9cf		       50 1d		      BVC	.skipL0106
   3727  f9d1				   .condpart77
   3728  f9d1		       a5 e6		      LDA	sugar
   3729  f9d3		       4a		      LSR
   3730  f9d4		       90 18		      BCC	.skip77then
   3731  f9d6				   .condpart78
   3732  f9d6		       a5 80		      LDA	player0x
   3733  f9d8		       a2 03		      LDX	#3
   3734  f9da		       dd bb fd 	      CMP	_data_sugar_x,x
   3735  f9dd		       d0 0f		      BNE	.skip78then
   3736  f9df				   .condpart79
   3737  f9df		       a5 85		      LDA	player0y
   3738  f9e1		       a2 03		      LDX	#3
   3739  f9e3		       dd c6 fd 	      CMP	_data_sugar_y,x
   3740  f9e6		       d0 06		      BNE	.skip79then
   3741  f9e8				   .condpart80
   3742  f9e8		       a5 e6		      LDA	sugar
   3743  f9ea		       29 f7		      AND	#247
   3744  f9ec		       85 e6		      STA	sugar
   3745  f9ee				   .skip79then
   3746  f9ee				   .skip78then
   3747  f9ee				   .skip77then
   3748  f9ee				   .skipL0106
   3749  f9ee				   .L0107		;  if collision(player0,missile0)  &&	sugar{0}  &&  player0x	=  _data_sugar_x[4]  &&  player0y  =  _data_sugar_y[4] then sugar{4}  =  0
   3750  f9ee
   3751  f9ee		       24 00		      bit	CXM0P
   3752  f9f0		       50 1d		      BVC	.skipL0107
   3753  f9f2				   .condpart81
   3754  f9f2		       a5 e6		      LDA	sugar
   3755  f9f4		       4a		      LSR
   3756  f9f5		       90 18		      BCC	.skip81then
   3757  f9f7				   .condpart82
   3758  f9f7		       a5 80		      LDA	player0x
   3759  f9f9		       a2 04		      LDX	#4
   3760  f9fb		       dd bb fd 	      CMP	_data_sugar_x,x
   3761  f9fe		       d0 0f		      BNE	.skip82then
   3762  fa00				   .condpart83
   3763  fa00		       a5 85		      LDA	player0y
   3764  fa02		       a2 04		      LDX	#4
   3765  fa04		       dd c6 fd 	      CMP	_data_sugar_y,x
   3766  fa07		       d0 06		      BNE	.skip83then
   3767  fa09				   .condpart84
   3768  fa09		       a5 e6		      LDA	sugar
   3769  fa0b		       29 ef		      AND	#239
   3770  fa0d		       85 e6		      STA	sugar
   3771  fa0f				   .skip83then
   3772  fa0f				   .skip82then
   3773  fa0f				   .skip81then
   3774  fa0f				   .skipL0107
   3775  fa0f				   .L0108		;  if collision(player0,missile0)  &&	sugar{0}  &&  player0x	=  _data_sugar_x[5]  &&  player0y  =  _data_sugar_y[5] then sugar{5}  =  0
   3776  fa0f
   3777  fa0f		       24 00		      bit	CXM0P
   3778  fa11		       50 1d		      BVC	.skipL0108
   3779  fa13				   .condpart85
   3780  fa13		       a5 e6		      LDA	sugar
   3781  fa15		       4a		      LSR
   3782  fa16		       90 18		      BCC	.skip85then
   3783  fa18				   .condpart86
   3784  fa18		       a5 80		      LDA	player0x
   3785  fa1a		       a2 05		      LDX	#5
   3786  fa1c		       dd bb fd 	      CMP	_data_sugar_x,x
   3787  fa1f		       d0 0f		      BNE	.skip86then
   3788  fa21				   .condpart87
   3789  fa21		       a5 85		      LDA	player0y
   3790  fa23		       a2 05		      LDX	#5
   3791  fa25		       dd c6 fd 	      CMP	_data_sugar_y,x
   3792  fa28		       d0 06		      BNE	.skip87then
   3793  fa2a				   .condpart88
   3794  fa2a		       a5 e6		      LDA	sugar
   3795  fa2c		       29 df		      AND	#223
   3796  fa2e		       85 e6		      STA	sugar
   3797  fa30				   .skip87then
   3798  fa30				   .skip86then
   3799  fa30				   .skip85then
   3800  fa30				   .skipL0108
   3801  fa30				   .L0109		;  if collision(player0,missile0)  &&	sugar{0}  &&  player0x	=  _data_sugar_x[6]  &&  player0y  =  _data_sugar_y[6] then sugar{6}  =  0
   3802  fa30
   3803  fa30		       24 00		      bit	CXM0P
   3804  fa32		       50 1d		      BVC	.skipL0109
   3805  fa34				   .condpart89
   3806  fa34		       a5 e6		      LDA	sugar
   3807  fa36		       4a		      LSR
   3808  fa37		       90 18		      BCC	.skip89then
   3809  fa39				   .condpart90
   3810  fa39		       a5 80		      LDA	player0x
   3811  fa3b		       a2 06		      LDX	#6
   3812  fa3d		       dd bb fd 	      CMP	_data_sugar_x,x
   3813  fa40		       d0 0f		      BNE	.skip90then
   3814  fa42				   .condpart91
   3815  fa42		       a5 85		      LDA	player0y
   3816  fa44		       a2 06		      LDX	#6
   3817  fa46		       dd c6 fd 	      CMP	_data_sugar_y,x
   3818  fa49		       d0 06		      BNE	.skip91then
   3819  fa4b				   .condpart92
   3820  fa4b		       a5 e6		      LDA	sugar
   3821  fa4d		       29 bf		      AND	#191
   3822  fa4f		       85 e6		      STA	sugar
   3823  fa51				   .skip91then
   3824  fa51				   .skip90then
   3825  fa51				   .skip89then
   3826  fa51				   .skipL0109
   3827  fa51				   .L0110		;  if collision(player0,missile0)  &&	sugar{0}  &&  player0x	=  _data_sugar_x[7]  &&  player0y  =  _data_sugar_y[7] then sugar{7}  =  0
   3828  fa51
   3829  fa51		       24 00		      bit	CXM0P
   3830  fa53		       50 1d		      BVC	.skipL0110
   3831  fa55				   .condpart93
   3832  fa55		       a5 e6		      LDA	sugar
   3833  fa57		       4a		      LSR
   3834  fa58		       90 18		      BCC	.skip93then
   3835  fa5a				   .condpart94
   3836  fa5a		       a5 80		      LDA	player0x
   3837  fa5c		       a2 07		      LDX	#7
   3838  fa5e		       dd bb fd 	      CMP	_data_sugar_x,x
   3839  fa61		       d0 0f		      BNE	.skip94then
   3840  fa63				   .condpart95
   3841  fa63		       a5 85		      LDA	player0y
   3842  fa65		       a2 07		      LDX	#7
   3843  fa67		       dd c6 fd 	      CMP	_data_sugar_y,x
   3844  fa6a		       d0 06		      BNE	.skip95then
   3845  fa6c				   .condpart96
   3846  fa6c		       a5 e6		      LDA	sugar
   3847  fa6e		       29 7f		      AND	#127
   3848  fa70		       85 e6		      STA	sugar
   3849  fa72				   .skip95then
   3850  fa72				   .skip94then
   3851  fa72				   .skip93then
   3852  fa72				   .skipL0110
   3853  fa72				   .
   3854  fa72							; 
   3855  fa72
   3856  fa72				   .
   3857  fa72							; 
   3858  fa72
   3859  fa72				   .
   3860  fa72							; 
   3861  fa72
   3862  fa72				   .
   3863  fa72							; 
   3864  fa72
   3865  fa72				   .L0111		;  if collision(player0,player1)  &&  frame_counter  =  0 then goto __Decrease_Health_Bar
   3866  fa72
   3867  fa72		       24 07		      bit	CXPPMM
   3868  fa74		       10 09		      BPL	.skipL0111
   3869  fa76				   .condpart97
   3870  fa76		       a5 d6		      LDA	frame_counter
   3871  fa78		       c9 00		      CMP	#0
   3872  fa7a		       d0 03		      BNE	.skip97then
   3873  fa7c				   .condpart98
   3874  fa7c		       4c 82 fa 	      jmp	.__Decrease_Health_Bar
   3875  fa7f
   3876  fa7f				   .skip97then
   3877  fa7f				   .skipL0111
   3878  fa7f				   .L0112		;  goto __Skip_Done
   3879  fa7f
   3880  fa7f		       4c a2 fa 	      jmp	.__Skip_Done
   3881  fa82
   3882  fa82				   .
   3883  fa82							; 
   3884  fa82
   3885  fa82				   .__Decrease_Health_Bar
   3886  fa82							; __Decrease_Health_Bar
   3887  fa82
   3888  fa82				   .L0113		;  pfscore2  =  pfscore2 / 2
   3889  fa82
   3890  fa82		       a5 f3		      LDA	pfscore2
   3891  fa84		       4a		      lsr
   3892  fa85		       85 f3		      STA	pfscore2
   3893  fa87				   .L0114		;  if score  >  0 then score = l - 1
   3894  fa87
   3895  fa87		       a9 00		      LDA	#0
   3896  fa89		       c5 93		      CMP	score
   3897  fa8b		       b0 15		      BCS	.skipL0114
   3898  fa8d				   .condpart99
   3899  fa8d		       f8		      SED
   3900  fa8e		       38		      SEC
   3901  fa8f		       a5 95		      LDA	score+2
   3902  fa91		       e9 01		      SBC	#$01
   3903  fa93		       85 95		      STA	score+2
   3904  fa95		       a5 94		      LDA	score+1
   3905  fa97		       e9 00		      SBC	#$00
   3906  fa99		       85 94		      STA	score+1
   3907  fa9b		       a5 93		      LDA	score
   3908  fa9d		       e9 00		      SBC	#$00
   3909  fa9f		       85 93		      STA	score
   3910  faa1		       d8		      CLD
   3911  faa2				   .skipL0114
   3912  faa2				   .
   3913  faa2							; 
   3914  faa2
   3915  faa2				   .
   3916  faa2							; 
   3917  faa2
   3918  faa2				   .__Skip_Done
   3919  faa2							; __Skip_Done
   3920  faa2
   3921  faa2				   .
   3922  faa2							; 
   3923  faa2
   3924  faa2				   .L0115		;  goto __skip_playfield
   3925  faa2
   3926  faa2		       4c a6 fd 	      jmp	.__skip_playfield
   3927  faa5
   3928  faa5				   .
   3929  faa5							; 
   3930  faa5
   3931  faa5				   .
   3932  faa5							; 
   3933  faa5
   3934  faa5				   .__select_level
   3935  faa5							; __select_level
   3936  faa5
   3937  faa5				   .L0116		;  if _level  =  1 then playfield:
   3938  faa5
   3939  faa5		       a5 d5		      LDA	_level
   3940  faa7		       c9 01		      CMP	#1
   3941  faa9		       d0 39		      BNE	.skipL0116
   3942  faab				   .condpart100
   3943  faab				  -	      ifconst	pfres
   3944  faab				  -	      ldx	#(11>pfres)*(pfres*pfwidth-1)+(11<=pfres)*43
   3945  faab					      else
   3946  faab		       a2 2b		      ldx	#((11*pfwidth-1)*((11*pfwidth-1)<47))+(47*((11*pfwidth-1)>=47))
   3947  faad					      endif
   3948  faad		       4c dc fa 	      jmp	pflabel1
   3949  fab0				   PF_data1
   3950  fab0		       00 00		      .byte.b	%00000000, %00000000
   3951  fab2					      if	(pfwidth>2)
   3952  fab2		       00 00		      .byte.b	%00000000, %00000000
   3953  fab4					      endif
   3954  fab4		       00 00		      .byte.b	%00000000, %00000000
   3955  fab6					      if	(pfwidth>2)
   3956  fab6		       00 00		      .byte.b	%00000000, %00000000
   3957  fab8					      endif
   3958  fab8		       00 00		      .byte.b	%00000000, %00000000
   3959  faba					      if	(pfwidth>2)
   3960  faba		       00 00		      .byte.b	%00000000, %00000000
   3961  fabc					      endif
   3962  fabc		       00 00		      .byte.b	%00000000, %00000000
   3963  fabe					      if	(pfwidth>2)
   3964  fabe		       00 00		      .byte.b	%00000000, %00000000
   3965  fac0					      endif
   3966  fac0		       00 00		      .byte.b	%00000000, %00000000
   3967  fac2					      if	(pfwidth>2)
   3968  fac2		       00 00		      .byte.b	%00000000, %00000000
   3969  fac4					      endif
   3970  fac4		       ff ff		      .byte.b	%11111111, %11111111
   3971  fac6					      if	(pfwidth>2)
   3972  fac6		       ff bf		      .byte.b	%11111111, %10111111
   3973  fac8					      endif
   3974  fac8		       e0 00		      .byte.b	%11100000, %00000000
   3975  faca					      if	(pfwidth>2)
   3976  faca		       00 18		      .byte.b	%00000000, %00011000
   3977  facc					      endif
   3978  facc		       40 00		      .byte.b	%01000000, %00000000
   3979  face					      if	(pfwidth>2)
   3980  face		       00 3c		      .byte.b	%00000000, %00111100
   3981  fad0					      endif
   3982  fad0		       00 00		      .byte.b	%00000000, %00000000
   3983  fad2					      if	(pfwidth>2)
   3984  fad2		       00 00		      .byte.b	%00000000, %00000000
   3985  fad4					      endif
   3986  fad4		       1c 00		      .byte.b	%00011100, %00000000
   3987  fad6					      if	(pfwidth>2)
   3988  fad6		       7c 00		      .byte.b	%01111100, %00000000
   3989  fad8					      endif
   3990  fad8		       55 00		      .byte.b	%01010101, %00000000
   3991  fada					      if	(pfwidth>2)
   3992  fada		       70 00		      .byte.b	%01110000, %00000000
   3993  fadc					      endif
   3994  fadc				   pflabel1
   3995  fadc		       bd b0 fa 	      lda	PF_data1,x
   3996  fadf		       95 a4		      sta	playfield,x
   3997  fae1		       ca		      dex
   3998  fae2		       10 f8		      bpl	pflabel1
   3999  fae4				   .skipL0116
   4000  fae4				   .
   4001  fae4							; 
   4002  fae4
   4003  fae4				   .L0117		;  if _level  =  11 then playfield:
   4004  fae4
   4005  fae4		       a5 d5		      LDA	_level
   4006  fae6		       c9 0b		      CMP	#11
   4007  fae8		       d0 39		      BNE	.skipL0117
   4008  faea				   .condpart101
   4009  faea				  -	      ifconst	pfres
   4010  faea				  -	      ldx	#(11>pfres)*(pfres*pfwidth-1)+(11<=pfres)*43
   4011  faea					      else
   4012  faea		       a2 2b		      ldx	#((11*pfwidth-1)*((11*pfwidth-1)<47))+(47*((11*pfwidth-1)>=47))
   4013  faec					      endif
   4014  faec		       4c 1b fb 	      jmp	pflabel2
   4015  faef				   PF_data2
   4016  faef		       00 00		      .byte.b	%00000000, %00000000
   4017  faf1					      if	(pfwidth>2)
   4018  faf1		       00 00		      .byte.b	%00000000, %00000000
   4019  faf3					      endif
   4020  faf3		       00 00		      .byte.b	%00000000, %00000000
   4021  faf5					      if	(pfwidth>2)
   4022  faf5		       00 00		      .byte.b	%00000000, %00000000
   4023  faf7					      endif
   4024  faf7		       00 00		      .byte.b	%00000000, %00000000
   4025  faf9					      if	(pfwidth>2)
   4026  faf9		       00 00		      .byte.b	%00000000, %00000000
   4027  fafb					      endif
   4028  fafb		       00 00		      .byte.b	%00000000, %00000000
   4029  fafd					      if	(pfwidth>2)
   4030  fafd		       00 00		      .byte.b	%00000000, %00000000
   4031  faff					      endif
   4032  faff		       00 00		      .byte.b	%00000000, %00000000
   4033  fb01					      if	(pfwidth>2)
   4034  fb01		       00 00		      .byte.b	%00000000, %00000000
   4035  fb03					      endif
   4036  fb03		       ff ff		      .byte.b	%11111111, %11111111
   4037  fb05					      if	(pfwidth>2)
   4038  fb05		       ff 7f		      .byte.b	%11111111, %01111111
   4039  fb07					      endif
   4040  fb07		       e3 07		      .byte.b	%11100011, %00000111
   4041  fb09					      if	(pfwidth>2)
   4042  fb09		       00 18		      .byte.b	%00000000, %00011000
   4043  fb0b					      endif
   4044  fb0b		       01 07		      .byte.b	%00000001, %00000111
   4045  fb0d					      if	(pfwidth>2)
   4046  fb0d		       00 3c		      .byte.b	%00000000, %00111100
   4047  fb0f					      endif
   4048  fb0f		       00 07		      .byte.b	%00000000, %00000111
   4049  fb11					      if	(pfwidth>2)
   4050  fb11		       70 00		      .byte.b	%01110000, %00000000
   4051  fb13					      endif
   4052  fb13		       1c 00		      .byte.b	%00011100, %00000000
   4053  fb15					      if	(pfwidth>2)
   4054  fb15		       78 00		      .byte.b	%01111000, %00000000
   4055  fb17					      endif
   4056  fb17		       55 00		      .byte.b	%01010101, %00000000
   4057  fb19					      if	(pfwidth>2)
   4058  fb19		       70 00		      .byte.b	%01110000, %00000000
   4059  fb1b					      endif
   4060  fb1b				   pflabel2
   4061  fb1b		       bd ef fa 	      lda	PF_data2,x
   4062  fb1e		       95 a4		      sta	playfield,x
   4063  fb20		       ca		      dex
   4064  fb21		       10 f8		      bpl	pflabel2
   4065  fb23				   .skipL0117
   4066  fb23				   .
   4067  fb23							; 
   4068  fb23
   4069  fb23				   .L0118		;  if _level  =  12 then playfield:
   4070  fb23
   4071  fb23		       a5 d5		      LDA	_level
   4072  fb25		       c9 0c		      CMP	#12
   4073  fb27		       d0 39		      BNE	.skipL0118
   4074  fb29				   .condpart102
   4075  fb29				  -	      ifconst	pfres
   4076  fb29				  -	      ldx	#(11>pfres)*(pfres*pfwidth-1)+(11<=pfres)*43
   4077  fb29					      else
   4078  fb29		       a2 2b		      ldx	#((11*pfwidth-1)*((11*pfwidth-1)<47))+(47*((11*pfwidth-1)>=47))
   4079  fb2b					      endif
   4080  fb2b		       4c 5a fb 	      jmp	pflabel3
   4081  fb2e				   PF_data3
   4082  fb2e		       00 00		      .byte.b	%00000000, %00000000
   4083  fb30					      if	(pfwidth>2)
   4084  fb30		       00 00		      .byte.b	%00000000, %00000000
   4085  fb32					      endif
   4086  fb32		       00 00		      .byte.b	%00000000, %00000000
   4087  fb34					      if	(pfwidth>2)
   4088  fb34		       00 00		      .byte.b	%00000000, %00000000
   4089  fb36					      endif
   4090  fb36		       00 00		      .byte.b	%00000000, %00000000
   4091  fb38					      if	(pfwidth>2)
   4092  fb38		       00 00		      .byte.b	%00000000, %00000000
   4093  fb3a					      endif
   4094  fb3a		       00 00		      .byte.b	%00000000, %00000000
   4095  fb3c					      if	(pfwidth>2)
   4096  fb3c		       00 00		      .byte.b	%00000000, %00000000
   4097  fb3e					      endif
   4098  fb3e		       00 00		      .byte.b	%00000000, %00000000
   4099  fb40					      if	(pfwidth>2)
   4100  fb40		       00 00		      .byte.b	%00000000, %00000000
   4101  fb42					      endif
   4102  fb42		       ff ff		      .byte.b	%11111111, %11111111
   4103  fb44					      if	(pfwidth>2)
   4104  fb44		       ff 7f		      .byte.b	%11111111, %01111111
   4105  fb46					      endif
   4106  fb46		       e3 07		      .byte.b	%11100011, %00000111
   4107  fb48					      if	(pfwidth>2)
   4108  fb48		       00 18		      .byte.b	%00000000, %00011000
   4109  fb4a					      endif
   4110  fb4a		       01 07		      .byte.b	%00000001, %00000111
   4111  fb4c					      if	(pfwidth>2)
   4112  fb4c		       00 3c		      .byte.b	%00000000, %00111100
   4113  fb4e					      endif
   4114  fb4e		       00 07		      .byte.b	%00000000, %00000111
   4115  fb50					      if	(pfwidth>2)
   4116  fb50		       70 00		      .byte.b	%01110000, %00000000
   4117  fb52					      endif
   4118  fb52		       1c 00		      .byte.b	%00011100, %00000000
   4119  fb54					      if	(pfwidth>2)
   4120  fb54		       78 00		      .byte.b	%01111000, %00000000
   4121  fb56					      endif
   4122  fb56		       55 00		      .byte.b	%01010101, %00000000
   4123  fb58					      if	(pfwidth>2)
   4124  fb58		       70 00		      .byte.b	%01110000, %00000000
   4125  fb5a					      endif
   4126  fb5a				   pflabel3
   4127  fb5a		       bd 2e fb 	      lda	PF_data3,x
   4128  fb5d		       95 a4		      sta	playfield,x
   4129  fb5f		       ca		      dex
   4130  fb60		       10 f8		      bpl	pflabel3
   4131  fb62				   .skipL0118
   4132  fb62				   .
   4133  fb62							; 
   4134  fb62
   4135  fb62				   .L0119		;  if _level  =  2 then playfield:
   4136  fb62
   4137  fb62		       a5 d5		      LDA	_level
   4138  fb64		       c9 02		      CMP	#2
   4139  fb66		       d0 39		      BNE	.skipL0119
   4140  fb68				   .condpart103
   4141  fb68				  -	      ifconst	pfres
   4142  fb68				  -	      ldx	#(11>pfres)*(pfres*pfwidth-1)+(11<=pfres)*43
   4143  fb68					      else
   4144  fb68		       a2 2b		      ldx	#((11*pfwidth-1)*((11*pfwidth-1)<47))+(47*((11*pfwidth-1)>=47))
   4145  fb6a					      endif
   4146  fb6a		       4c 99 fb 	      jmp	pflabel4
   4147  fb6d				   PF_data4
   4148  fb6d		       00 00		      .byte.b	%00000000, %00000000
   4149  fb6f					      if	(pfwidth>2)
   4150  fb6f		       00 00		      .byte.b	%00000000, %00000000
   4151  fb71					      endif
   4152  fb71		       00 00		      .byte.b	%00000000, %00000000
   4153  fb73					      if	(pfwidth>2)
   4154  fb73		       00 00		      .byte.b	%00000000, %00000000
   4155  fb75					      endif
   4156  fb75		       00 00		      .byte.b	%00000000, %00000000
   4157  fb77					      if	(pfwidth>2)
   4158  fb77		       00 00		      .byte.b	%00000000, %00000000
   4159  fb79					      endif
   4160  fb79		       00 00		      .byte.b	%00000000, %00000000
   4161  fb7b					      if	(pfwidth>2)
   4162  fb7b		       00 00		      .byte.b	%00000000, %00000000
   4163  fb7d					      endif
   4164  fb7d		       00 00		      .byte.b	%00000000, %00000000
   4165  fb7f					      if	(pfwidth>2)
   4166  fb7f		       00 00		      .byte.b	%00000000, %00000000
   4167  fb81					      endif
   4168  fb81		       ff ff		      .byte.b	%11111111, %11111111
   4169  fb83					      if	(pfwidth>2)
   4170  fb83		       ff 7f		      .byte.b	%11111111, %01111111
   4171  fb85					      endif
   4172  fb85		       e3 07		      .byte.b	%11100011, %00000111
   4173  fb87					      if	(pfwidth>2)
   4174  fb87		       00 18		      .byte.b	%00000000, %00011000
   4175  fb89					      endif
   4176  fb89		       01 07		      .byte.b	%00000001, %00000111
   4177  fb8b					      if	(pfwidth>2)
   4178  fb8b		       00 3c		      .byte.b	%00000000, %00111100
   4179  fb8d					      endif
   4180  fb8d		       00 07		      .byte.b	%00000000, %00000111
   4181  fb8f					      if	(pfwidth>2)
   4182  fb8f		       70 00		      .byte.b	%01110000, %00000000
   4183  fb91					      endif
   4184  fb91		       1c 00		      .byte.b	%00011100, %00000000
   4185  fb93					      if	(pfwidth>2)
   4186  fb93		       78 00		      .byte.b	%01111000, %00000000
   4187  fb95					      endif
   4188  fb95		       55 00		      .byte.b	%01010101, %00000000
   4189  fb97					      if	(pfwidth>2)
   4190  fb97		       70 00		      .byte.b	%01110000, %00000000
   4191  fb99					      endif
   4192  fb99				   pflabel4
   4193  fb99		       bd 6d fb 	      lda	PF_data4,x
   4194  fb9c		       95 a4		      sta	playfield,x
   4195  fb9e		       ca		      dex
   4196  fb9f		       10 f8		      bpl	pflabel4
   4197  fba1				   .skipL0119
   4198  fba1				   .
   4199  fba1							; 
   4200  fba1
   4201  fba1				   .L0120		;  if _level  =  21 then playfield:
   4202  fba1
   4203  fba1		       a5 d5		      LDA	_level
   4204  fba3		       c9 15		      CMP	#21
   4205  fba5		       d0 39		      BNE	.skipL0120
   4206  fba7				   .condpart104
   4207  fba7				  -	      ifconst	pfres
   4208  fba7				  -	      ldx	#(11>pfres)*(pfres*pfwidth-1)+(11<=pfres)*43
   4209  fba7					      else
   4210  fba7		       a2 2b		      ldx	#((11*pfwidth-1)*((11*pfwidth-1)<47))+(47*((11*pfwidth-1)>=47))
   4211  fba9					      endif
   4212  fba9		       4c d8 fb 	      jmp	pflabel5
   4213  fbac				   PF_data5
   4214  fbac		       00 00		      .byte.b	%00000000, %00000000
   4215  fbae					      if	(pfwidth>2)
   4216  fbae		       00 00		      .byte.b	%00000000, %00000000
   4217  fbb0					      endif
   4218  fbb0		       00 00		      .byte.b	%00000000, %00000000
   4219  fbb2					      if	(pfwidth>2)
   4220  fbb2		       00 00		      .byte.b	%00000000, %00000000
   4221  fbb4					      endif
   4222  fbb4		       00 00		      .byte.b	%00000000, %00000000
   4223  fbb6					      if	(pfwidth>2)
   4224  fbb6		       00 00		      .byte.b	%00000000, %00000000
   4225  fbb8					      endif
   4226  fbb8		       00 00		      .byte.b	%00000000, %00000000
   4227  fbba					      if	(pfwidth>2)
   4228  fbba		       00 00		      .byte.b	%00000000, %00000000
   4229  fbbc					      endif
   4230  fbbc		       00 00		      .byte.b	%00000000, %00000000
   4231  fbbe					      if	(pfwidth>2)
   4232  fbbe		       00 00		      .byte.b	%00000000, %00000000
   4233  fbc0					      endif
   4234  fbc0		       ff ff		      .byte.b	%11111111, %11111111
   4235  fbc2					      if	(pfwidth>2)
   4236  fbc2		       ff 7f		      .byte.b	%11111111, %01111111
   4237  fbc4					      endif
   4238  fbc4		       e3 07		      .byte.b	%11100011, %00000111
   4239  fbc6					      if	(pfwidth>2)
   4240  fbc6		       00 18		      .byte.b	%00000000, %00011000
   4241  fbc8					      endif
   4242  fbc8		       01 07		      .byte.b	%00000001, %00000111
   4243  fbca					      if	(pfwidth>2)
   4244  fbca		       00 3c		      .byte.b	%00000000, %00111100
   4245  fbcc					      endif
   4246  fbcc		       00 07		      .byte.b	%00000000, %00000111
   4247  fbce					      if	(pfwidth>2)
   4248  fbce		       70 00		      .byte.b	%01110000, %00000000
   4249  fbd0					      endif
   4250  fbd0		       1c 00		      .byte.b	%00011100, %00000000
   4251  fbd2					      if	(pfwidth>2)
   4252  fbd2		       78 00		      .byte.b	%01111000, %00000000
   4253  fbd4					      endif
   4254  fbd4		       55 00		      .byte.b	%01010101, %00000000
   4255  fbd6					      if	(pfwidth>2)
   4256  fbd6		       70 00		      .byte.b	%01110000, %00000000
   4257  fbd8					      endif
   4258  fbd8				   pflabel5
   4259  fbd8		       bd ac fb 	      lda	PF_data5,x
   4260  fbdb		       95 a4		      sta	playfield,x
   4261  fbdd		       ca		      dex
   4262  fbde		       10 f8		      bpl	pflabel5
   4263  fbe0				   .skipL0120
   4264  fbe0				   .
   4265  fbe0							; 
   4266  fbe0
   4267  fbe0				   .L0121		;  if _level  =  22 then playfield:
   4268  fbe0
   4269  fbe0		       a5 d5		      LDA	_level
   4270  fbe2		       c9 16		      CMP	#22
   4271  fbe4		       d0 39		      BNE	.skipL0121
   4272  fbe6				   .condpart105
   4273  fbe6				  -	      ifconst	pfres
   4274  fbe6				  -	      ldx	#(11>pfres)*(pfres*pfwidth-1)+(11<=pfres)*43
   4275  fbe6					      else
   4276  fbe6		       a2 2b		      ldx	#((11*pfwidth-1)*((11*pfwidth-1)<47))+(47*((11*pfwidth-1)>=47))
   4277  fbe8					      endif
   4278  fbe8		       4c 17 fc 	      jmp	pflabel6
   4279  fbeb				   PF_data6
   4280  fbeb		       00 00		      .byte.b	%00000000, %00000000
   4281  fbed					      if	(pfwidth>2)
   4282  fbed		       00 00		      .byte.b	%00000000, %00000000
   4283  fbef					      endif
   4284  fbef		       00 00		      .byte.b	%00000000, %00000000
   4285  fbf1					      if	(pfwidth>2)
   4286  fbf1		       00 00		      .byte.b	%00000000, %00000000
   4287  fbf3					      endif
   4288  fbf3		       00 00		      .byte.b	%00000000, %00000000
   4289  fbf5					      if	(pfwidth>2)
   4290  fbf5		       00 00		      .byte.b	%00000000, %00000000
   4291  fbf7					      endif
   4292  fbf7		       00 00		      .byte.b	%00000000, %00000000
   4293  fbf9					      if	(pfwidth>2)
   4294  fbf9		       00 00		      .byte.b	%00000000, %00000000
   4295  fbfb					      endif
   4296  fbfb		       00 00		      .byte.b	%00000000, %00000000
   4297  fbfd					      if	(pfwidth>2)
   4298  fbfd		       00 00		      .byte.b	%00000000, %00000000
   4299  fbff					      endif
   4300  fbff		       ff ff		      .byte.b	%11111111, %11111111
   4301  fc01					      if	(pfwidth>2)
   4302  fc01		       ff 7f		      .byte.b	%11111111, %01111111
   4303  fc03					      endif
   4304  fc03		       e3 07		      .byte.b	%11100011, %00000111
   4305  fc05					      if	(pfwidth>2)
   4306  fc05		       00 18		      .byte.b	%00000000, %00011000
   4307  fc07					      endif
   4308  fc07		       01 07		      .byte.b	%00000001, %00000111
   4309  fc09					      if	(pfwidth>2)
   4310  fc09		       00 3c		      .byte.b	%00000000, %00111100
   4311  fc0b					      endif
   4312  fc0b		       00 07		      .byte.b	%00000000, %00000111
   4313  fc0d					      if	(pfwidth>2)
   4314  fc0d		       70 00		      .byte.b	%01110000, %00000000
   4315  fc0f					      endif
   4316  fc0f		       1c 00		      .byte.b	%00011100, %00000000
   4317  fc11					      if	(pfwidth>2)
   4318  fc11		       78 00		      .byte.b	%01111000, %00000000
   4319  fc13					      endif
   4320  fc13		       55 00		      .byte.b	%01010101, %00000000
   4321  fc15					      if	(pfwidth>2)
   4322  fc15		       70 00		      .byte.b	%01110000, %00000000
   4323  fc17					      endif
   4324  fc17				   pflabel6
   4325  fc17		       bd eb fb 	      lda	PF_data6,x
   4326  fc1a		       95 a4		      sta	playfield,x
   4327  fc1c		       ca		      dex
   4328  fc1d		       10 f8		      bpl	pflabel6
   4329  fc1f				   .skipL0121
   4330  fc1f				   .
   4331  fc1f							; 
   4332  fc1f
   4333  fc1f				   .L0122		;  if _level  =  3 then playfield:
   4334  fc1f
   4335  fc1f		       a5 d5		      LDA	_level
   4336  fc21		       c9 03		      CMP	#3
   4337  fc23		       d0 39		      BNE	.skipL0122
   4338  fc25				   .condpart106
   4339  fc25				  -	      ifconst	pfres
   4340  fc25				  -	      ldx	#(11>pfres)*(pfres*pfwidth-1)+(11<=pfres)*43
   4341  fc25					      else
   4342  fc25		       a2 2b		      ldx	#((11*pfwidth-1)*((11*pfwidth-1)<47))+(47*((11*pfwidth-1)>=47))
   4343  fc27					      endif
   4344  fc27		       4c 56 fc 	      jmp	pflabel7
   4345  fc2a				   PF_data7
   4346  fc2a		       00 00		      .byte.b	%00000000, %00000000
   4347  fc2c					      if	(pfwidth>2)
   4348  fc2c		       00 00		      .byte.b	%00000000, %00000000
   4349  fc2e					      endif
   4350  fc2e		       00 00		      .byte.b	%00000000, %00000000
   4351  fc30					      if	(pfwidth>2)
   4352  fc30		       00 00		      .byte.b	%00000000, %00000000
   4353  fc32					      endif
   4354  fc32		       00 00		      .byte.b	%00000000, %00000000
   4355  fc34					      if	(pfwidth>2)
   4356  fc34		       00 00		      .byte.b	%00000000, %00000000
   4357  fc36					      endif
   4358  fc36		       00 00		      .byte.b	%00000000, %00000000
   4359  fc38					      if	(pfwidth>2)
   4360  fc38		       00 00		      .byte.b	%00000000, %00000000
   4361  fc3a					      endif
   4362  fc3a		       00 00		      .byte.b	%00000000, %00000000
   4363  fc3c					      if	(pfwidth>2)
   4364  fc3c		       00 00		      .byte.b	%00000000, %00000000
   4365  fc3e					      endif
   4366  fc3e		       ff ff		      .byte.b	%11111111, %11111111
   4367  fc40					      if	(pfwidth>2)
   4368  fc40		       ff 7f		      .byte.b	%11111111, %01111111
   4369  fc42					      endif
   4370  fc42		       e3 07		      .byte.b	%11100011, %00000111
   4371  fc44					      if	(pfwidth>2)
   4372  fc44		       00 18		      .byte.b	%00000000, %00011000
   4373  fc46					      endif
   4374  fc46		       01 07		      .byte.b	%00000001, %00000111
   4375  fc48					      if	(pfwidth>2)
   4376  fc48		       00 3c		      .byte.b	%00000000, %00111100
   4377  fc4a					      endif
   4378  fc4a		       00 07		      .byte.b	%00000000, %00000111
   4379  fc4c					      if	(pfwidth>2)
   4380  fc4c		       70 00		      .byte.b	%01110000, %00000000
   4381  fc4e					      endif
   4382  fc4e		       1c 00		      .byte.b	%00011100, %00000000
   4383  fc50					      if	(pfwidth>2)
   4384  fc50		       78 00		      .byte.b	%01111000, %00000000
   4385  fc52					      endif
   4386  fc52		       55 00		      .byte.b	%01010101, %00000000
   4387  fc54					      if	(pfwidth>2)
   4388  fc54		       70 00		      .byte.b	%01110000, %00000000
   4389  fc56					      endif
   4390  fc56				   pflabel7
   4391  fc56		       bd 2a fc 	      lda	PF_data7,x
   4392  fc59		       95 a4		      sta	playfield,x
   4393  fc5b		       ca		      dex
   4394  fc5c		       10 f8		      bpl	pflabel7
   4395  fc5e				   .skipL0122
   4396  fc5e				   .
   4397  fc5e							; 
   4398  fc5e
   4399  fc5e				   .L0123		;  if _level  =  31 then playfield:
   4400  fc5e
   4401  fc5e		       a5 d5		      LDA	_level
   4402  fc60		       c9 1f		      CMP	#31
   4403  fc62		       d0 39		      BNE	.skipL0123
   4404  fc64				   .condpart107
   4405  fc64				  -	      ifconst	pfres
   4406  fc64				  -	      ldx	#(11>pfres)*(pfres*pfwidth-1)+(11<=pfres)*43
   4407  fc64					      else
   4408  fc64		       a2 2b		      ldx	#((11*pfwidth-1)*((11*pfwidth-1)<47))+(47*((11*pfwidth-1)>=47))
   4409  fc66					      endif
   4410  fc66		       4c 95 fc 	      jmp	pflabel8
   4411  fc69				   PF_data8
   4412  fc69		       00 00		      .byte.b	%00000000, %00000000
   4413  fc6b					      if	(pfwidth>2)
   4414  fc6b		       00 00		      .byte.b	%00000000, %00000000
   4415  fc6d					      endif
   4416  fc6d		       00 00		      .byte.b	%00000000, %00000000
   4417  fc6f					      if	(pfwidth>2)
   4418  fc6f		       00 00		      .byte.b	%00000000, %00000000
   4419  fc71					      endif
   4420  fc71		       00 00		      .byte.b	%00000000, %00000000
   4421  fc73					      if	(pfwidth>2)
   4422  fc73		       00 00		      .byte.b	%00000000, %00000000
   4423  fc75					      endif
   4424  fc75		       00 00		      .byte.b	%00000000, %00000000
   4425  fc77					      if	(pfwidth>2)
   4426  fc77		       00 00		      .byte.b	%00000000, %00000000
   4427  fc79					      endif
   4428  fc79		       00 00		      .byte.b	%00000000, %00000000
   4429  fc7b					      if	(pfwidth>2)
   4430  fc7b		       00 00		      .byte.b	%00000000, %00000000
   4431  fc7d					      endif
   4432  fc7d		       ff ff		      .byte.b	%11111111, %11111111
   4433  fc7f					      if	(pfwidth>2)
   4434  fc7f		       ff 7f		      .byte.b	%11111111, %01111111
   4435  fc81					      endif
   4436  fc81		       e3 07		      .byte.b	%11100011, %00000111
   4437  fc83					      if	(pfwidth>2)
   4438  fc83		       00 18		      .byte.b	%00000000, %00011000
   4439  fc85					      endif
   4440  fc85		       01 07		      .byte.b	%00000001, %00000111
   4441  fc87					      if	(pfwidth>2)
   4442  fc87		       00 3c		      .byte.b	%00000000, %00111100
   4443  fc89					      endif
   4444  fc89		       00 07		      .byte.b	%00000000, %00000111
   4445  fc8b					      if	(pfwidth>2)
   4446  fc8b		       70 00		      .byte.b	%01110000, %00000000
   4447  fc8d					      endif
   4448  fc8d		       1c 00		      .byte.b	%00011100, %00000000
   4449  fc8f					      if	(pfwidth>2)
   4450  fc8f		       78 00		      .byte.b	%01111000, %00000000
   4451  fc91					      endif
   4452  fc91		       55 00		      .byte.b	%01010101, %00000000
   4453  fc93					      if	(pfwidth>2)
   4454  fc93		       70 00		      .byte.b	%01110000, %00000000
   4455  fc95					      endif
   4456  fc95				   pflabel8
   4457  fc95		       bd 69 fc 	      lda	PF_data8,x
   4458  fc98		       95 a4		      sta	playfield,x
   4459  fc9a		       ca		      dex
   4460  fc9b		       10 f8		      bpl	pflabel8
   4461  fc9d				   .skipL0123
   4462  fc9d				   .
   4463  fc9d							; 
   4464  fc9d
   4465  fc9d				   .L0124		;  if _level  =  32 then playfield:
   4466  fc9d
   4467  fc9d		       a5 d5		      LDA	_level
   4468  fc9f		       c9 20		      CMP	#32
   4469  fca1		       d0 39		      BNE	.skipL0124
   4470  fca3				   .condpart108
   4471  fca3				  -	      ifconst	pfres
   4472  fca3				  -	      ldx	#(11>pfres)*(pfres*pfwidth-1)+(11<=pfres)*43
   4473  fca3					      else
   4474  fca3		       a2 2b		      ldx	#((11*pfwidth-1)*((11*pfwidth-1)<47))+(47*((11*pfwidth-1)>=47))
   4475  fca5					      endif
   4476  fca5		       4c d4 fc 	      jmp	pflabel9
   4477  fca8				   PF_data9
   4478  fca8		       00 00		      .byte.b	%00000000, %00000000
   4479  fcaa					      if	(pfwidth>2)
   4480  fcaa		       00 00		      .byte.b	%00000000, %00000000
   4481  fcac					      endif
   4482  fcac		       00 00		      .byte.b	%00000000, %00000000
   4483  fcae					      if	(pfwidth>2)
   4484  fcae		       00 00		      .byte.b	%00000000, %00000000
   4485  fcb0					      endif
   4486  fcb0		       00 00		      .byte.b	%00000000, %00000000
   4487  fcb2					      if	(pfwidth>2)
   4488  fcb2		       00 00		      .byte.b	%00000000, %00000000
   4489  fcb4					      endif
   4490  fcb4		       00 00		      .byte.b	%00000000, %00000000
   4491  fcb6					      if	(pfwidth>2)
   4492  fcb6		       00 00		      .byte.b	%00000000, %00000000
   4493  fcb8					      endif
   4494  fcb8		       00 00		      .byte.b	%00000000, %00000000
   4495  fcba					      if	(pfwidth>2)
   4496  fcba		       00 00		      .byte.b	%00000000, %00000000
   4497  fcbc					      endif
   4498  fcbc		       ff ff		      .byte.b	%11111111, %11111111
   4499  fcbe					      if	(pfwidth>2)
   4500  fcbe		       ff 7f		      .byte.b	%11111111, %01111111
   4501  fcc0					      endif
   4502  fcc0		       e3 07		      .byte.b	%11100011, %00000111
   4503  fcc2					      if	(pfwidth>2)
   4504  fcc2		       00 18		      .byte.b	%00000000, %00011000
   4505  fcc4					      endif
   4506  fcc4		       01 07		      .byte.b	%00000001, %00000111
   4507  fcc6					      if	(pfwidth>2)
   4508  fcc6		       00 3c		      .byte.b	%00000000, %00111100
   4509  fcc8					      endif
   4510  fcc8		       00 07		      .byte.b	%00000000, %00000111
   4511  fcca					      if	(pfwidth>2)
   4512  fcca		       70 00		      .byte.b	%01110000, %00000000
   4513  fccc					      endif
   4514  fccc		       1c 00		      .byte.b	%00011100, %00000000
   4515  fcce					      if	(pfwidth>2)
   4516  fcce		       78 00		      .byte.b	%01111000, %00000000
   4517  fcd0					      endif
   4518  fcd0		       55 00		      .byte.b	%01010101, %00000000
   4519  fcd2					      if	(pfwidth>2)
   4520  fcd2		       70 00		      .byte.b	%01110000, %00000000
   4521  fcd4					      endif
   4522  fcd4				   pflabel9
   4523  fcd4		       bd a8 fc 	      lda	PF_data9,x
   4524  fcd7		       95 a4		      sta	playfield,x
   4525  fcd9		       ca		      dex
   4526  fcda		       10 f8		      bpl	pflabel9
   4527  fcdc				   .skipL0124
   4528  fcdc				   .
   4529  fcdc							; 
   4530  fcdc
   4531  fcdc				   .L0125		;  if _level  =  4 then playfield:
   4532  fcdc
   4533  fcdc		       a5 d5		      LDA	_level
   4534  fcde		       c9 04		      CMP	#4
   4535  fce0		       d0 39		      BNE	.skipL0125
   4536  fce2				   .condpart109
   4537  fce2				  -	      ifconst	pfres
   4538  fce2				  -	      ldx	#(11>pfres)*(pfres*pfwidth-1)+(11<=pfres)*43
   4539  fce2					      else
   4540  fce2		       a2 2b		      ldx	#((11*pfwidth-1)*((11*pfwidth-1)<47))+(47*((11*pfwidth-1)>=47))
   4541  fce4					      endif
   4542  fce4		       4c 13 fd 	      jmp	pflabel10
   4543  fce7				   PF_data10
   4544  fce7		       00 00		      .byte.b	%00000000, %00000000
   4545  fce9					      if	(pfwidth>2)
   4546  fce9		       00 00		      .byte.b	%00000000, %00000000
   4547  fceb					      endif
   4548  fceb		       00 00		      .byte.b	%00000000, %00000000
   4549  fced					      if	(pfwidth>2)
   4550  fced		       00 00		      .byte.b	%00000000, %00000000
   4551  fcef					      endif
   4552  fcef		       00 00		      .byte.b	%00000000, %00000000
   4553  fcf1					      if	(pfwidth>2)
   4554  fcf1		       00 00		      .byte.b	%00000000, %00000000
   4555  fcf3					      endif
   4556  fcf3		       00 00		      .byte.b	%00000000, %00000000
   4557  fcf5					      if	(pfwidth>2)
   4558  fcf5		       00 00		      .byte.b	%00000000, %00000000
   4559  fcf7					      endif
   4560  fcf7		       00 00		      .byte.b	%00000000, %00000000
   4561  fcf9					      if	(pfwidth>2)
   4562  fcf9		       00 00		      .byte.b	%00000000, %00000000
   4563  fcfb					      endif
   4564  fcfb		       ff ff		      .byte.b	%11111111, %11111111
   4565  fcfd					      if	(pfwidth>2)
   4566  fcfd		       ff 7f		      .byte.b	%11111111, %01111111
   4567  fcff					      endif
   4568  fcff		       e3 07		      .byte.b	%11100011, %00000111
   4569  fd01					      if	(pfwidth>2)
   4570  fd01		       00 18		      .byte.b	%00000000, %00011000
   4571  fd03					      endif
   4572  fd03		       01 07		      .byte.b	%00000001, %00000111
   4573  fd05					      if	(pfwidth>2)
   4574  fd05		       00 3c		      .byte.b	%00000000, %00111100
   4575  fd07					      endif
   4576  fd07		       00 07		      .byte.b	%00000000, %00000111
   4577  fd09					      if	(pfwidth>2)
   4578  fd09		       70 00		      .byte.b	%01110000, %00000000
   4579  fd0b					      endif
   4580  fd0b		       1c 00		      .byte.b	%00011100, %00000000
   4581  fd0d					      if	(pfwidth>2)
   4582  fd0d		       78 00		      .byte.b	%01111000, %00000000
   4583  fd0f					      endif
   4584  fd0f		       55 00		      .byte.b	%01010101, %00000000
   4585  fd11					      if	(pfwidth>2)
   4586  fd11		       70 00		      .byte.b	%01110000, %00000000
   4587  fd13					      endif
   4588  fd13				   pflabel10
   4589  fd13		       bd e7 fc 	      lda	PF_data10,x
   4590  fd16		       95 a4		      sta	playfield,x
   4591  fd18		       ca		      dex
   4592  fd19		       10 f8		      bpl	pflabel10
   4593  fd1b				   .skipL0125
   4594  fd1b				   .
   4595  fd1b							; 
   4596  fd1b
   4597  fd1b				   .L0126		;  if _level  =  41 then playfield:
   4598  fd1b
   4599  fd1b		       a5 d5		      LDA	_level
   4600  fd1d		       c9 29		      CMP	#41
   4601  fd1f		       d0 39		      BNE	.skipL0126
   4602  fd21				   .condpart110
   4603  fd21				  -	      ifconst	pfres
   4604  fd21				  -	      ldx	#(11>pfres)*(pfres*pfwidth-1)+(11<=pfres)*43
   4605  fd21					      else
   4606  fd21		       a2 2b		      ldx	#((11*pfwidth-1)*((11*pfwidth-1)<47))+(47*((11*pfwidth-1)>=47))
   4607  fd23					      endif
   4608  fd23		       4c 52 fd 	      jmp	pflabel11
   4609  fd26				   PF_data11
   4610  fd26		       00 00		      .byte.b	%00000000, %00000000
   4611  fd28					      if	(pfwidth>2)
   4612  fd28		       00 00		      .byte.b	%00000000, %00000000
   4613  fd2a					      endif
   4614  fd2a		       00 00		      .byte.b	%00000000, %00000000
   4615  fd2c					      if	(pfwidth>2)
   4616  fd2c		       00 00		      .byte.b	%00000000, %00000000
   4617  fd2e					      endif
   4618  fd2e		       00 00		      .byte.b	%00000000, %00000000
   4619  fd30					      if	(pfwidth>2)
   4620  fd30		       00 00		      .byte.b	%00000000, %00000000
   4621  fd32					      endif
   4622  fd32		       00 00		      .byte.b	%00000000, %00000000
   4623  fd34					      if	(pfwidth>2)
   4624  fd34		       00 00		      .byte.b	%00000000, %00000000
   4625  fd36					      endif
   4626  fd36		       00 00		      .byte.b	%00000000, %00000000
   4627  fd38					      if	(pfwidth>2)
   4628  fd38		       00 00		      .byte.b	%00000000, %00000000
   4629  fd3a					      endif
   4630  fd3a		       ff ff		      .byte.b	%11111111, %11111111
   4631  fd3c					      if	(pfwidth>2)
   4632  fd3c		       ff 7f		      .byte.b	%11111111, %01111111
   4633  fd3e					      endif
   4634  fd3e		       e3 07		      .byte.b	%11100011, %00000111
   4635  fd40					      if	(pfwidth>2)
   4636  fd40		       00 18		      .byte.b	%00000000, %00011000
   4637  fd42					      endif
   4638  fd42		       01 07		      .byte.b	%00000001, %00000111
   4639  fd44					      if	(pfwidth>2)
   4640  fd44		       00 3c		      .byte.b	%00000000, %00111100
   4641  fd46					      endif
   4642  fd46		       00 07		      .byte.b	%00000000, %00000111
   4643  fd48					      if	(pfwidth>2)
   4644  fd48		       70 00		      .byte.b	%01110000, %00000000
   4645  fd4a					      endif
   4646  fd4a		       1c 00		      .byte.b	%00011100, %00000000
   4647  fd4c					      if	(pfwidth>2)
   4648  fd4c		       78 00		      .byte.b	%01111000, %00000000
   4649  fd4e					      endif
   4650  fd4e		       55 00		      .byte.b	%01010101, %00000000
   4651  fd50					      if	(pfwidth>2)
   4652  fd50		       70 00		      .byte.b	%01110000, %00000000
   4653  fd52					      endif
   4654  fd52				   pflabel11
   4655  fd52		       bd 26 fd 	      lda	PF_data11,x
   4656  fd55		       95 a4		      sta	playfield,x
   4657  fd57		       ca		      dex
   4658  fd58		       10 f8		      bpl	pflabel11
   4659  fd5a				   .skipL0126
   4660  fd5a				   .
   4661  fd5a							; 
   4662  fd5a
   4663  fd5a				   .L0127		;  if _level  =  42 then playfield:
   4664  fd5a
   4665  fd5a		       a5 d5		      LDA	_level
   4666  fd5c		       c9 2a		      CMP	#42
   4667  fd5e		       d0 39		      BNE	.skipL0127
   4668  fd60				   .condpart111
   4669  fd60				  -	      ifconst	pfres
   4670  fd60				  -	      ldx	#(11>pfres)*(pfres*pfwidth-1)+(11<=pfres)*43
   4671  fd60					      else
   4672  fd60		       a2 2b		      ldx	#((11*pfwidth-1)*((11*pfwidth-1)<47))+(47*((11*pfwidth-1)>=47))
   4673  fd62					      endif
   4674  fd62		       4c 91 fd 	      jmp	pflabel12
   4675  fd65				   PF_data12
   4676  fd65		       00 00		      .byte.b	%00000000, %00000000
   4677  fd67					      if	(pfwidth>2)
   4678  fd67		       00 00		      .byte.b	%00000000, %00000000
   4679  fd69					      endif
   4680  fd69		       00 00		      .byte.b	%00000000, %00000000
   4681  fd6b					      if	(pfwidth>2)
   4682  fd6b		       00 00		      .byte.b	%00000000, %00000000
   4683  fd6d					      endif
   4684  fd6d		       00 00		      .byte.b	%00000000, %00000000
   4685  fd6f					      if	(pfwidth>2)
   4686  fd6f		       00 00		      .byte.b	%00000000, %00000000
   4687  fd71					      endif
   4688  fd71		       00 00		      .byte.b	%00000000, %00000000
   4689  fd73					      if	(pfwidth>2)
   4690  fd73		       00 00		      .byte.b	%00000000, %00000000
   4691  fd75					      endif
   4692  fd75		       00 00		      .byte.b	%00000000, %00000000
   4693  fd77					      if	(pfwidth>2)
   4694  fd77		       00 00		      .byte.b	%00000000, %00000000
   4695  fd79					      endif
   4696  fd79		       ff ff		      .byte.b	%11111111, %11111111
   4697  fd7b					      if	(pfwidth>2)
   4698  fd7b		       ff 7f		      .byte.b	%11111111, %01111111
   4699  fd7d					      endif
   4700  fd7d		       e3 07		      .byte.b	%11100011, %00000111
   4701  fd7f					      if	(pfwidth>2)
   4702  fd7f		       00 18		      .byte.b	%00000000, %00011000
   4703  fd81					      endif
   4704  fd81		       01 07		      .byte.b	%00000001, %00000111
   4705  fd83					      if	(pfwidth>2)
   4706  fd83		       00 3c		      .byte.b	%00000000, %00111100
   4707  fd85					      endif
   4708  fd85		       00 07		      .byte.b	%00000000, %00000111
   4709  fd87					      if	(pfwidth>2)
   4710  fd87		       70 00		      .byte.b	%01110000, %00000000
   4711  fd89					      endif
   4712  fd89		       1c 00		      .byte.b	%00011100, %00000000
   4713  fd8b					      if	(pfwidth>2)
   4714  fd8b		       78 00		      .byte.b	%01111000, %00000000
   4715  fd8d					      endif
   4716  fd8d		       55 00		      .byte.b	%01010101, %00000000
   4717  fd8f					      if	(pfwidth>2)
   4718  fd8f		       70 00		      .byte.b	%01110000, %00000000
   4719  fd91					      endif
   4720  fd91				   pflabel12
   4721  fd91		       bd 65 fd 	      lda	PF_data12,x
   4722  fd94		       95 a4		      sta	playfield,x
   4723  fd96		       ca		      dex
   4724  fd97		       10 f8		      bpl	pflabel12
   4725  fd99				   .skipL0127
   4726  fd99				   .
   4727  fd99							; 
   4728  fd99
   4729  fd99				   .L0128		;  if _level  >  42 then _level  =  0	:  goto __startGame
   4730  fd99
   4731  fd99		       a9 2a		      LDA	#42
   4732  fd9b		       c5 d5		      CMP	_level
   4733  fd9d		       b0 07		      BCS	.skipL0128
   4734  fd9f				   .condpart112
   4735  fd9f		       a9 00		      LDA	#0
   4736  fda1		       85 d5		      STA	_level
   4737  fda3		       4c e0 f4 	      jmp	.__startGame
   4738  fda6
   4739  fda6				   .skipL0128
   4740  fda6				   .
   4741  fda6							; 
   4742  fda6
   4743  fda6				   .__skip_playfield
   4744  fda6							; __skip_playfield
   4745  fda6
   4746  fda6				   .L0129		;  COLUP0  =  _P0_color  :  COLUP1  =	_P1_color
   4747  fda6
   4748  fda6		       a9 2c		      LDA	#_P0_color
   4749  fda8		       85 06		      STA	COLUP0
   4750  fdaa		       a9 32		      LDA	#_P1_color
   4751  fdac		       85 07		      STA	COLUP1
   4752  fdae				   .L0130		;  COLUBK  =  0
   4753  fdae
   4754  fdae		       a9 00		      LDA	#0
   4755  fdb0		       85 09		      STA	COLUBK
   4756  fdb2				   .
   4757  fdb2							; 
   4758  fdb2
   4759  fdb2				   .L0131		;  drawscreen
   4760  fdb2
   4761  fdb2		       20 c6 f3 	      jsr	drawscreen
   4762  fdb5				   .
   4763  fdb5							; 
   4764  fdb5
   4765  fdb5				   .L0132		;  goto __main_loop
   4766  fdb5
   4767  fdb5		       4c 44 f5 	      jmp	.__main_loop
   4768  fdb8
   4769  fdb8				   .
   4770  fdb8							; 
   4771  fdb8
   4772  fdb8				   .
   4773  fdb8							; 
   4774  fdb8
   4775  fdb8				   .L0133		;  data _data_sugar_x
   4776  fdb8
   4777  fdb8		       4c c3 fd 	      JMP	.skipL0133
   4778  fdbb				   _data_sugar_x
   4779  fdbb		       14 28 3c 32*	      .byte.b	20, 40, 60, 50, 90, 30, 120, 80	; Coordinate x degli zuccherini
   4780  fdc3
   4781  fdc3				   .skipL0133
   4782  fdc3				   .L0134		;  data _data_sugar_y
   4783  fdc3
   4784  fdc3		       4c ce fd 	      JMP	.skipL0134
   4785  fdc6				   _data_sugar_y
   4786  fdc6		       0a 14 1e 28*	      .byte.b	10, 20, 30, 40, 50, 60, 70, 80	; Coordinate y degli zuccherini
   4787  fdce
   4788  fdce				   .skipL0134
   4789  fdce				   .
   4790  fdce							; 
   4791  fdce
   4792  fdce				  -	      ifconst	pfres
   4793  fdce				  -	      if	(<*) > (254-pfres*pfwidth)
   4794  fdce				  -	      align	256
   4795  fdce				  -	      endif
   4796  fdce				  -	      if	(<*) < (136-pfres*pfwidth)
   4797  fdce				  -	      repeat	((136-pfres*pfwidth)-(<*))
   4798  fdce				  -	      .byte	0
   4799  fdce				  -	      repend
   4800  fdce				  -	      endif
   4801  fdce					      else
   4802  fdce				  -	      if	(<*) > 206
   4803  fdce				  -	      align	256
   4804  fdce					      endif
   4805  fdce				  -	      if	(<*) < 88
   4806  fdce				  -	      repeat	(88-(<*))
   4807  fdce				  -	      .byte	0
   4808  fdce				  -	      repend
   4809  fdce					      endif
   4810  fdce					      endif
   4811  fdce				   pfcolorlabel13
   4812  fdce		       24 26 26 00	      .byte.b	$24, $26, $26,0
   4813  fdd2		       26 28 28 00	      .byte.b	$26, $28, $28,0
   4814  fdd6		       28 d4 d4 00	      .byte.b	$28, $D4, $D4,0
   4815  fdda		       2a 26 26 00	      .byte.b	$2A, $26, $26,0
   4816  fdde		       22 d4 d4 00	      .byte.b	$22, $D4, $D4,0
   4817  fde2		       24 05 00 00	      .byte.b	$24, $05, $0,0
   4818  fde6		       26 9e 00 00	      .byte.b	$26, $9E, $0,0
   4819  fdea		       28 0e 00 00	      .byte.b	$28, $0E, $0,0
   4820  fdee		       2a 24 00 00	      .byte.b	$2A, $24, $0,0
   4821  fdf2		       2b 26 00 00	      .byte.b	$2B, $26, $0,0
   4822  fdf6				  -	      if	(<*) > (<(*+3))
   4823  fdf6				  -	      repeat	($100-<*)
   4824  fdf6				  -	      .byte	0
   4825  fdf6				  -	      repend
   4826  fdf6					      endif
   4827  fdf6				   player20then_0
   4828  fdf6		       24		      .byte.b	%00100100
   4829  fdf7		       3c		      .byte.b	%00111100
   4830  fdf8		       ff		      .byte.b	%11111111
   4831  fdf9		       7e		      .byte.b	%01111110
   4832  fdfa				  -	      if	(<*) > (<(*+3))
   4833  fdfa				  -	      repeat	($100-<*)
   4834  fdfa				  -	      .byte	0
   4835  fdfa				  -	      repend
   4836  fdfa					      endif
   4837  fdfa				   player21then_0
   4838  fdfa		       66		      .byte.b	%01100110
   4839  fdfb		       3c		      .byte.b	%00111100
   4840  fdfc		       ff		      .byte.b	%11111111
   4841  fdfd		       7e		      .byte.b	%01111110
   4842  fdfe					      if	(<*) > (<(*+3))
   4843  fdfe					      repeat	($100-<*)
   4844  fdfe		       00		      .byte.b	0
   4843  fdfe					      repend
   4844  fdff		       00		      .byte.b	0
   4845  fe00					      repend
   4846  fe00					      endif
   4847  fe00				   player23then_1
   4848  fe00		       7e		      .byte.b	%01111110
   4849  fe01		       81		      .byte.b	%10000001
   4850  fe02		       99		      .byte.b	%10011001
   4851  fe03		       66		      .byte.b	%01100110
   4852  fe04				  -	      if	(<*) > (<(*+3))
   4853  fe04				  -	      repeat	($100-<*)
   4854  fe04				  -	      .byte	0
   4855  fe04				  -	      repend
   4856  fe04					      endif
   4857  fe04				   player25then_1
   4858  fe04		       00		      .byte.b	%00000000
   4859  fe05		       ff		      .byte.b	%11111111
   4860  fe06		       ff		      .byte.b	%11111111
   4861  fe07		       00		      .byte.b	%00000000
   4862  fe08					      if	ECHOFIRST
      404 bytes of ROM space left
   4863  fe08					      echo	"    ",[(scoretable - *)]d , "bytes of ROM space left")
   4864  fe08					      endif
   4865  fe08		       00 01	   ECHOFIRST  =	1
   4866  fe08
   4867  fe08
   4868  fe08
   4869  fe08							; Provided under the CC0 license. See the included LICENSE.txt for details.
   4870  fe08
   4871  fe08							; feel free to modify the score graphics - just keep each digit 8 high
   4872  fe08							; and keep the conditional compilation stuff intact
   4873  fe08				  -	      ifconst	ROM2k
   4874  fe08				  -	      ORG	$F7AC-8
   4875  fe08					      else
   4876  fe08				  -	      ifconst	bankswitch
   4877  fe08				  -	      if	bankswitch == 8
   4878  fe08				  -	      ORG	$2F94-bscode_length
   4879  fe08				  -	      RORG	$FF94-bscode_length
   4880  fe08				  -	      endif
   4881  fe08				  -	      if	bankswitch == 16
   4882  fe08				  -	      ORG	$4F94-bscode_length
   4883  fe08				  -	      RORG	$FF94-bscode_length
   4884  fe08				  -	      endif
   4885  fe08				  -	      if	bankswitch == 32
   4886  fe08				  -	      ORG	$8F94-bscode_length
   4887  fe08				  -	      RORG	$FF94-bscode_length
   4888  fe08				  -	      endif
   4889  fe08				  -	      if	bankswitch == 64
   4890  fe08				  -	      ORG	$10F80-bscode_length
   4891  fe08				  -	      RORG	$1FF80-bscode_length
   4892  fe08				  -	      endif
   4893  fe08					      else
   4894  ff9c					      ORG	$FF9C
   4895  ff9c					      endif
   4896  ff9c					      endif
   4897  ff9c
   4898  ff9c							; font equates
   4899  ff9c		       00 01	   .21stcentury =	1
   4900  ff9c		       00 02	   alarmclock =	2
   4901  ff9c		       00 03	   handwritten =	3
   4902  ff9c		       00 04	   interrupted =	4
   4903  ff9c		       00 05	   retroputer =	5
   4904  ff9c		       00 06	   whimsey    =	6
   4905  ff9c		       00 07	   tiny       =	7
   4906  ff9c		       00 08	   hex	      =	8
   4907  ff9c
   4908  ff9c				  -	      ifconst	font
   4909  ff9c				  -	      if	font == hex
   4910  ff9c				  -	      ORG	. - 48
   4911  ff9c				  -	      endif
   4912  ff9c					      endif
   4913  ff9c
   4914  ff9c				   scoretable
   4915  ff9c
   4916  ff9c				  -	      ifconst	font
   4917  ff9c				  -	      if	font == .21stcentury
   4918  ff9c				  -	      include	"score_graphics.asm.21stcentury"
   4919  ff9c				  -	      endif
   4920  ff9c				  -	      if	font == alarmclock
   4921  ff9c				  -	      include	"score_graphics.asm.alarmclock"
   4922  ff9c				  -	      endif
   4923  ff9c				  -	      if	font == handwritten
   4924  ff9c				  -	      include	"score_graphics.asm.handwritten"
   4925  ff9c				  -	      endif
   4926  ff9c				  -	      if	font == interrupted
   4927  ff9c				  -	      include	"score_graphics.asm.interrupted"
   4928  ff9c				  -	      endif
   4929  ff9c				  -	      if	font == retroputer
   4930  ff9c				  -	      include	"score_graphics.asm.retroputer"
   4931  ff9c				  -	      endif
   4932  ff9c				  -	      if	font == whimsey
   4933  ff9c				  -	      include	"score_graphics.asm.whimsey"
   4934  ff9c				  -	      endif
   4935  ff9c				  -	      if	font == tiny
   4936  ff9c				  -	      include	"score_graphics.asm.tiny"
   4937  ff9c				  -	      endif
   4938  ff9c				  -	      if	font == hex
   4939  ff9c				  -	      include	"score_graphics.asm.hex"
   4940  ff9c				  -	      endif
   4941  ff9c					      else		; default font
   4942  ff9c
   4943  ff9c		       3c		      .byte.b	%00111100
   4944  ff9d		       66		      .byte.b	%01100110
   4945  ff9e		       66		      .byte.b	%01100110
   4946  ff9f		       66		      .byte.b	%01100110
   4947  ffa0		       66		      .byte.b	%01100110
   4948  ffa1		       66		      .byte.b	%01100110
   4949  ffa2		       66		      .byte.b	%01100110
   4950  ffa3		       3c		      .byte.b	%00111100
   4951  ffa4
   4952  ffa4		       7e		      .byte.b	%01111110
   4953  ffa5		       18		      .byte.b	%00011000
   4954  ffa6		       18		      .byte.b	%00011000
   4955  ffa7		       18		      .byte.b	%00011000
   4956  ffa8		       18		      .byte.b	%00011000
   4957  ffa9		       38		      .byte.b	%00111000
   4958  ffaa		       18		      .byte.b	%00011000
   4959  ffab		       08		      .byte.b	%00001000
   4960  ffac
   4961  ffac		       7e		      .byte.b	%01111110
   4962  ffad		       60		      .byte.b	%01100000
   4963  ffae		       60		      .byte.b	%01100000
   4964  ffaf		       3c		      .byte.b	%00111100
   4965  ffb0		       06		      .byte.b	%00000110
   4966  ffb1		       06		      .byte.b	%00000110
   4967  ffb2		       46		      .byte.b	%01000110
   4968  ffb3		       3c		      .byte.b	%00111100
   4969  ffb4
   4970  ffb4		       3c		      .byte.b	%00111100
   4971  ffb5		       46		      .byte.b	%01000110
   4972  ffb6		       06		      .byte.b	%00000110
   4973  ffb7		       06		      .byte.b	%00000110
   4974  ffb8		       1c		      .byte.b	%00011100
   4975  ffb9		       06		      .byte.b	%00000110
   4976  ffba		       46		      .byte.b	%01000110
   4977  ffbb		       3c		      .byte.b	%00111100
   4978  ffbc
   4979  ffbc		       0c		      .byte.b	%00001100
   4980  ffbd		       0c		      .byte.b	%00001100
   4981  ffbe		       7e		      .byte.b	%01111110
   4982  ffbf		       4c		      .byte.b	%01001100
   4983  ffc0		       4c		      .byte.b	%01001100
   4984  ffc1		       2c		      .byte.b	%00101100
   4985  ffc2		       1c		      .byte.b	%00011100
   4986  ffc3		       0c		      .byte.b	%00001100
   4987  ffc4
   4988  ffc4		       3c		      .byte.b	%00111100
   4989  ffc5		       46		      .byte.b	%01000110
   4990  ffc6		       06		      .byte.b	%00000110
   4991  ffc7		       06		      .byte.b	%00000110
   4992  ffc8		       3c		      .byte.b	%00111100
   4993  ffc9		       60		      .byte.b	%01100000
   4994  ffca		       60		      .byte.b	%01100000
   4995  ffcb		       7e		      .byte.b	%01111110
   4996  ffcc
   4997  ffcc		       3c		      .byte.b	%00111100
   4998  ffcd		       66		      .byte.b	%01100110
   4999  ffce		       66		      .byte.b	%01100110
   5000  ffcf		       66		      .byte.b	%01100110
   5001  ffd0		       7c		      .byte.b	%01111100
   5002  ffd1		       60		      .byte.b	%01100000
   5003  ffd2		       62		      .byte.b	%01100010
   5004  ffd3		       3c		      .byte.b	%00111100
   5005  ffd4
   5006  ffd4		       30		      .byte.b	%00110000
   5007  ffd5		       30		      .byte.b	%00110000
   5008  ffd6		       30		      .byte.b	%00110000
   5009  ffd7		       18		      .byte.b	%00011000
   5010  ffd8		       0c		      .byte.b	%00001100
   5011  ffd9		       06		      .byte.b	%00000110
   5012  ffda		       42		      .byte.b	%01000010
   5013  ffdb		       3e		      .byte.b	%00111110
   5014  ffdc
   5015  ffdc		       3c		      .byte.b	%00111100
   5016  ffdd		       66		      .byte.b	%01100110
   5017  ffde		       66		      .byte.b	%01100110
   5018  ffdf		       66		      .byte.b	%01100110
   5019  ffe0		       3c		      .byte.b	%00111100
   5020  ffe1		       66		      .byte.b	%01100110
   5021  ffe2		       66		      .byte.b	%01100110
   5022  ffe3		       3c		      .byte.b	%00111100
   5023  ffe4
   5024  ffe4		       3c		      .byte.b	%00111100
   5025  ffe5		       46		      .byte.b	%01000110
   5026  ffe6		       06		      .byte.b	%00000110
   5027  ffe7		       3e		      .byte.b	%00111110
   5028  ffe8		       66		      .byte.b	%01100110
   5029  ffe9		       66		      .byte.b	%01100110
   5030  ffea		       66		      .byte.b	%01100110
   5031  ffeb		       3c		      .byte.b	%00111100
   5032  ffec
   5033  ffec					      ifnconst	DPC_kernel_options
   5034  ffec
   5035  ffec		       00		      .byte.b	%00000000
   5036  ffed		       00		      .byte.b	%00000000
   5037  ffee		       00		      .byte.b	%00000000
   5038  ffef		       00		      .byte.b	%00000000
   5039  fff0		       00		      .byte.b	%00000000
   5040  fff1		       00		      .byte.b	%00000000
   5041  fff2		       00		      .byte.b	%00000000
   5042  fff3		       00		      .byte.b	%00000000
   5043  fff4
   5044  fff4					      endif
   5045  fff4
   5046  fff4					      endif
   5047  fff4
   5048  fff4				  -	      ifconst	ROM2k
   5049  fff4				  -	      ORG	$F7FC
   5050  fff4					      else
   5051  fff4				  -	      ifconst	bankswitch
   5052  fff4				  -	      if	bankswitch == 8
   5053  fff4				  -	      ORG	$2FF4-bscode_length
   5054  fff4				  -	      RORG	$FFF4-bscode_length
   5055  fff4				  -	      endif
   5056  fff4				  -	      if	bankswitch == 16
   5057  fff4				  -	      ORG	$4FF4-bscode_length
   5058  fff4				  -	      RORG	$FFF4-bscode_length
   5059  fff4				  -	      endif
   5060  fff4				  -	      if	bankswitch == 32
   5061  fff4				  -	      ORG	$8FF4-bscode_length
   5062  fff4				  -	      RORG	$FFF4-bscode_length
   5063  fff4				  -	      endif
   5064  fff4				  -	      if	bankswitch == 64
   5065  fff4				  -	      ORG	$10FE0-bscode_length
   5066  fff4				  -	      RORG	$1FFE0-bscode_length
   5067  fff4				  -	      endif
   5068  fff4					      else
   5069  fffc					      ORG	$FFFC
   5070  fffc					      endif
   5071  fffc					      endif
   5072  fffc							; Provided under the CC0 license. See the included LICENSE.txt for details.
   5073  fffc
   5074  fffc				  -	      ifconst	bankswitch
   5075  fffc				  -	      if	bankswitch == 8
   5076  fffc				  -	      ORG	$2FFC
   5077  fffc				  -	      RORG	$FFFC
   5078  fffc				  -	      endif
   5079  fffc				  -	      if	bankswitch == 16
   5080  fffc				  -	      ORG	$4FFC
   5081  fffc				  -	      RORG	$FFFC
   5082  fffc				  -	      endif
   5083  fffc				  -	      if	bankswitch == 32
   5084  fffc				  -	      ORG	$8FFC
   5085  fffc				  -	      RORG	$FFFC
   5086  fffc				  -	      endif
   5087  fffc				  -	      if	bankswitch == 64
   5088  fffc				  -	      ORG	$10FF0
   5089  fffc				  -	      RORG	$1FFF0
   5090  fffc				  -	      lda	$ffe0	; we use wasted space to assist stella with EF format auto-detection
   5091  fffc				  -	      ORG	$10FF8
   5092  fffc				  -	      RORG	$1FFF8
   5093  fffc				  -	      ifconst	superchip
   5094  fffc				  -	      .byte	"E","F","S","C"
   5095  fffc				  -	      else
   5096  fffc				  -	      .byte	"E","F","E","F"
   5097  fffc				  -	      endif
   5098  fffc				  -	      ORG	$10FFC
   5099  fffc				  -	      RORG	$1FFFC
   5100  fffc				  -	      endif
   5101  fffc					      else
   5102  fffc				  -	      ifconst	ROM2k
   5103  fffc				  -	      ORG	$F7FC
   5104  fffc					      else
   5105  fffc					      ORG	$FFFC
   5106  fffc					      endif
   5107  fffc					      endif
   5108  fffc		       00 f0		      .word.w	(start & $ffff)
   5109  fffe		       00 f0		      .word.w	(start & $ffff)
